2025-12-10 08:48:28 [4112] WARN  broker.c:2149: Default bridging Clientid is nanomq-ae6b47fa
2025-12-10 08:48:28 [4112] WARN  broker.c:1262: EMQX Edge (ver 1.2.0) Serving MQTT TCP on nmq-tcp://0.0.0.0:1883
2025-12-10 08:48:28 [4112] WARN  broker.c:1290: EMQX Edge (ver 1.2.0) Serving MQTT over WebSocket on nmq-ws://0.0.0.0:8083/mqtt
2025-12-10 08:48:28 [4112] WARN  web_server.c:313: Http Server folder set to D:\Indruino_Projects\indruino\company_project\PT100_Logger_esp32\server_win\emqx-edge-1.2.0-windows-x86_64/dist
2025-12-10 08:48:28 [4112] WARN  broker.c:1376: EMQX Edge (ver 1.2.0) Serving HTTP Server on http://0.0.0.0:8081
2025-12-10 08:48:28 [4112] WARN  broker.c:1458: NanoMQ Broker is started successfully!

2025-12-10 08:53:21 [4112] WARN  rest_api.c:3610: Update default config file D:\Indruino_Projects\indruino\company_project\PT100_Logger_esp32\server_win\emqx-edge-1.2.0-windows-x86_64/nanomq.conf
2025-12-10 08:53:55 [4112] WARN  mqtt_parser.c:1335: mqtt-explorer-8f78055a online!
2025-12-10 08:54:04 [4112] WARN  nmq_mqtt.c:986: mqtt-explorer-8f78055a pipe close!
2025-12-10 08:54:04 [4112] WARN  mqtt_parser.c:1339: mqtt-explorer-8f78055a offline!
2025-12-10 08:54:04 [4112] WARN  nmq_mqtt.c:431: pipe id 2016390686 is gone, pub failed
2025-12-10 10:02:08 [4112] WARN  mqtt_parser.c:1335: mqtt-explorer-8f78055a online!
2025-12-10 16:08:59 [9872] WARN  broker.c:2149: Default bridging Clientid is nanomq-2eed6a7a
2025-12-10 16:08:59 [9872] WARN  broker.c:1262: EMQX Edge (ver 1.2.0) Serving MQTT TCP on nmq-tcp://0.0.0.0:1883
2025-12-10 16:08:59 [9872] WARN  broker.c:1290: EMQX Edge (ver 1.2.0) Serving MQTT over WebSocket on nmq-ws://0.0.0.0:8083/mqtt
2025-12-10 16:08:59 [9872] WARN  web_server.c:313: Http Server folder set to D:\Indruino_Projects\indruino\company_project\PT100_Logger_esp32\server_win\emqx-edge-1.2.0-windows-x86_64/dist
2025-12-10 16:08:59 [9872] WARN  broker.c:1376: EMQX Edge (ver 1.2.0) Serving HTTP Server on http://0.0.0.0:8081
2025-12-10 16:08:59 [9872] WARN  broker.c:1458: NanoMQ Broker is started successfully!

2025-12-10 16:09:00 [9872] WARN  mqtt_parser.c:1335: nanomq-d63bda48 online!
2025-12-10 16:09:44 [9872] WARN  mqtt_parser.c:1335: nanomq-a39922ca online!
2025-12-10 16:09:50 [9872] WARN  nmq_websocket.c:160:  recv aio error Object closed
2025-12-10 16:09:50 [9872] WARN  nmq_mqtt.c:986: nanomq-a39922ca pipe close!
2025-12-10 16:09:50 [9872] WARN  mqtt_parser.c:1339: nanomq-a39922ca offline!
2025-12-10 16:09:51 [9872] WARN  mqtt_parser.c:1335: nanomq-19adc65d online!
2025-12-10 16:10:05 [9872] WARN  nmq_websocket.c:160:  recv aio error Object closed
2025-12-10 16:10:05 [9872] WARN  nmq_mqtt.c:986: nanomq-d63bda48 pipe close!
2025-12-10 16:10:05 [9872] WARN  mqtt_parser.c:1339: nanomq-d63bda48 offline!
2025-12-10 16:10:05 [9872] WARN  mqtt_parser.c:1335: nanomq-773b2b77 online!
2025-12-10 16:10:13 [9872] WARN  nmq_websocket.c:160:  recv aio error Object closed
2025-12-10 16:10:13 [9872] WARN  nmq_mqtt.c:986: nanomq-19adc65d pipe close!
2025-12-10 16:10:13 [9872] WARN  mqtt_parser.c:1339: nanomq-19adc65d offline!
2025-12-10 16:10:14 [9872] WARN  mqtt_parser.c:1335: nanomq-91a4645c online!
2025-12-10 16:10:19 [9872] WARN  nmq_websocket.c:160:  recv aio error Object closed
2025-12-10 16:10:19 [9872] WARN  nmq_mqtt.c:986: nanomq-91a4645c pipe close!
2025-12-10 16:10:19 [9872] WARN  mqtt_parser.c:1339: nanomq-91a4645c offline!
2025-12-10 16:12:37 [9872] WARN  nmq_websocket.c:160:  recv aio error Object closed
2025-12-10 16:12:37 [9872] WARN  nmq_mqtt.c:986: nanomq-773b2b77 pipe close!
2025-12-10 16:12:37 [9872] WARN  mqtt_parser.c:1339: nanomq-773b2b77 offline!
2025-12-10 16:12:38 [9872] WARN  mqtt_parser.c:1335: nanomq-aa7b19c2 online!
2025-12-10 16:14:08 [9872] WARN  nmq_websocket.c:160:  recv aio error Object closed
2025-12-10 16:14:08 [9872] WARN  nmq_mqtt.c:986: nanomq-aa7b19c2 pipe close!
2025-12-10 16:14:08 [9872] WARN  mqtt_parser.c:1339: nanomq-aa7b19c2 offline!
2025-12-10 16:14:15 [9872] WARN  nmq_websocket.c:160:  recv aio error Object closed
2025-12-10 16:14:22 [9872] WARN  nmq_websocket.c:160:  recv aio error Object closed
2025-12-10 16:15:37 [9872] WARN  mqtt_parser.c:1335: nanomq-a781f7d7 online!
2025-12-10 16:16:37 [9872] WARN  nmq_websocket.c:160:  recv aio error Object closed
2025-12-10 16:16:37 [9872] WARN  nmq_mqtt.c:986: nanomq-a781f7d7 pipe close!
2025-12-10 16:16:37 [9872] WARN  mqtt_parser.c:1339: nanomq-a781f7d7 offline!
2025-12-10 16:18:37 [9872] WARN  mqtt_parser.c:1335: nanomq-f3d88423 online!
2025-12-10 16:19:37 [9872] WARN  nmq_websocket.c:160:  recv aio error Object closed
2025-12-10 16:19:37 [9872] WARN  nmq_mqtt.c:986: nanomq-f3d88423 pipe close!
2025-12-10 16:19:37 [9872] WARN  mqtt_parser.c:1339: nanomq-f3d88423 offline!
2025-12-10 16:21:37 [9872] WARN  mqtt_parser.c:1335: nanomq-092e4d5a online!
2025-12-10 16:34:18 [3848] WARN  broker.c:2149: Default bridging Clientid is nanomq-6a9b50aa
2025-12-10 16:34:18 [3848] WARN  broker.c:1262: EMQX Edge (ver 1.2.0) Serving MQTT TCP on nmq-tcp://0.0.0.0:1883
2025-12-10 16:34:18 [3848] WARN  broker.c:1290: EMQX Edge (ver 1.2.0) Serving MQTT over WebSocket on nmq-ws://0.0.0.0:8083/mqtt
2025-12-10 16:34:18 [3848] WARN  web_server.c:313: Http Server folder set to D:\Indruino_Projects\indruino\company_project\PT100_Logger_esp32\server_win\emqx-edge-1.2.0-windows-x86_64/dist
2025-12-10 16:34:18 [3848] WARN  broker.c:1376: EMQX Edge (ver 1.2.0) Serving HTTP Server on http://0.0.0.0:8081
2025-12-10 16:34:18 [3848] WARN  broker.c:1458: NanoMQ Broker is started successfully!

2025-12-10 16:46:19 [13160] WARN  broker.c:2149: Default bridging Clientid is nanomq-6c212467
2025-12-10 16:46:19 [13160] WARN  broker.c:1262: EMQX Edge (ver 1.2.0) Serving MQTT TCP on nmq-tcp://0.0.0.0:1883
2025-12-10 16:46:19 [13160] WARN  broker.c:1290: EMQX Edge (ver 1.2.0) Serving MQTT over WebSocket on nmq-ws://0.0.0.0:8083/mqtt
2025-12-10 16:46:19 [13160] WARN  web_server.c:313: Http Server folder set to D:\Indruino_Projects\indruino\company_project\PT100_Logger_esp32\server_win\emqx-edge-1.2.0-windows-x86_64/dist
2025-12-10 16:46:19 [13160] WARN  broker.c:1376: EMQX Edge (ver 1.2.0) Serving HTTP Server on http://0.0.0.0:8081
2025-12-10 16:46:19 [13160] WARN  broker.c:1458: NanoMQ Broker is started successfully!

2025-12-10 19:04:32 [3008] WARN  broker.c:2149: Default bridging Clientid is nanomq-6416949d
2025-12-10 19:04:32 [3008] WARN  broker.c:1262: EMQX Edge (ver 1.2.0) Serving MQTT TCP on nmq-tcp://0.0.0.0:1883
2025-12-10 19:04:32 [3008] WARN  broker.c:1290: EMQX Edge (ver 1.2.0) Serving MQTT over WebSocket on nmq-ws://0.0.0.0:8083/mqtt
2025-12-10 19:04:32 [3008] WARN  web_server.c:313: Http Server folder set to D:\Indruino_Projects\indruino\company_project\PT100_Logger_esp32\server_win\emqx-edge-1.2.0-windows-x86_64/dist
2025-12-10 19:04:32 [3008] WARN  broker.c:1376: EMQX Edge (ver 1.2.0) Serving HTTP Server on http://0.0.0.0:8081
2025-12-10 19:04:32 [3008] WARN  broker.c:1458: NanoMQ Broker is started successfully!

2025-12-10 19:23:00 [10756] WARN  broker.c:2149: Default bridging Clientid is nanomq-91539b22
2025-12-10 19:23:00 [10756] WARN  broker.c:1262: EMQX Edge (ver 1.2.0) Serving MQTT TCP on nmq-tcp://0.0.0.0:1883
2025-12-10 19:23:00 [10756] WARN  broker.c:1290: EMQX Edge (ver 1.2.0) Serving MQTT over WebSocket on nmq-ws://0.0.0.0:8083/mqtt
2025-12-10 19:23:00 [10756] WARN  web_server.c:313: Http Server folder set to D:\Indruino_Projects\indruino\company_project\PT100_Logger_esp32\server_win\emqx-edge-1.2.0-windows-x86_64/dist
2025-12-10 19:23:00 [10756] WARN  broker.c:1376: EMQX Edge (ver 1.2.0) Serving HTTP Server on http://0.0.0.0:8081
2025-12-10 19:23:00 [10756] WARN  broker.c:1458: NanoMQ Broker is started successfully!

2025-12-10 19:24:07 [7524] WARN  broker.c:2149: Default bridging Clientid is nanomq-1b768c81
2025-12-10 19:24:07 [7524] WARN  broker.c:1262: EMQX Edge (ver 1.2.0) Serving MQTT TCP on nmq-tcp://0.0.0.0:1883
2025-12-10 19:24:07 [7524] WARN  broker.c:1290: EMQX Edge (ver 1.2.0) Serving MQTT over WebSocket on nmq-ws://0.0.0.0:8083/mqtt
2025-12-10 19:24:07 [7524] WARN  web_server.c:313: Http Server folder set to D:\Indruino_Projects\indruino\company_project\PT100_Logger_esp32\server_win\emqx-edge-1.2.0-windows-x86_64/dist
2025-12-10 19:24:07 [7524] WARN  broker.c:1376: EMQX Edge (ver 1.2.0) Serving HTTP Server on http://0.0.0.0:8081
2025-12-10 19:24:07 [7524] WARN  broker.c:1458: NanoMQ Broker is started successfully!

2025-12-10 19:27:34 [7524] WARN  mqtt_parser.c:1335: nanomq-30d1205b online!
2025-12-10 19:31:51 [7524] WARN  nmq_websocket.c:160:  recv aio error Object closed
2025-12-10 19:31:51 [7524] WARN  nmq_mqtt.c:986: nanomq-30d1205b pipe close!
2025-12-10 19:31:51 [7524] WARN  mqtt_parser.c:1339: nanomq-30d1205b offline!
2025-12-10 19:31:51 [7524] WARN  mqtt_parser.c:1335: nanomq-e09dda6c online!
2025-12-10 19:33:26 [7524] WARN  nmq_mqtt.c:245: Warning: close pipe & kick client due to KeepAlive timeout!
2025-12-10 19:33:26 [7524] WARN  nmq_mqtt.c:986: nanomq-e09dda6c pipe close!
2025-12-10 19:33:26 [7524] WARN  nmq_websocket.c:160:  recv aio error Object closed
2025-12-10 19:33:26 [7524] WARN  mqtt_parser.c:1339: nanomq-e09dda6c offline!
2025-12-10 19:37:05 [7524] WARN  mqtt_parser.c:1335: PT100_Logger78421CCD2218 online!
2025-12-10 19:37:30 [7524] WARN  mqtt_parser.c:1335: mqtt-explorer-8f78055a online!
2025-12-10 19:37:40 [7524] WARN  nmq_mqtt.c:245: Warning: close pipe & kick client due to KeepAlive timeout!
2025-12-10 19:37:40 [7524] WARN  nmq_mqtt.c:986: PT100_Logger78421CCD2218 pipe close!
2025-12-10 19:37:40 [7524] WARN  broker_tcp.c:683: nni aio recv error!! Object closed

2025-12-10 19:37:40 [7524] WARN  mqtt_parser.c:1339: PT100_Logger78421CCD2218 offline!
2025-12-10 19:37:40 [7524] WARN  broker_tcp.c:974: tcptran_pipe_recv_cb: recv_error rv: 139

2025-12-10 19:37:49 [7524] WARN  mqtt_parser.c:1335: PT100_Logger78421CCD2218 online!
2025-12-10 19:38:24 [7524] WARN  nmq_mqtt.c:245: Warning: close pipe & kick client due to KeepAlive timeout!
2025-12-10 19:38:24 [7524] WARN  nmq_mqtt.c:986: PT100_Logger78421CCD2218 pipe close!
2025-12-10 19:38:24 [7524] WARN  broker_tcp.c:683: nni aio recv error!! Object closed

2025-12-10 19:38:24 [7524] WARN  mqtt_parser.c:1339: PT100_Logger78421CCD2218 offline!
2025-12-10 19:38:24 [7524] WARN  broker_tcp.c:974: tcptran_pipe_recv_cb: recv_error rv: 139

2025-12-10 19:38:33 [7524] WARN  mqtt_parser.c:1335: PT100_Logger78421CCD2218 online!
2025-12-10 19:38:39 [7524] WARN  mqtt_parser.c:1335: nanomq-b8cad321 online!
2025-12-10 19:39:07 [7524] WARN  broker_tcp.c:683: nni aio recv error!! Unknown error #121

2025-12-10 19:39:07 [7524] WARN  broker_tcp.c:974: tcptran_pipe_recv_cb: recv_error rv: 128

2025-12-10 19:39:07 [7524] WARN  nmq_mqtt.c:986: PT100_Logger78421CCD2218 pipe close!
2025-12-10 19:39:07 [7524] WARN  mqtt_parser.c:1339: PT100_Logger78421CCD2218 offline!
2025-12-10 19:39:18 [7524] WARN  mqtt_parser.c:1335: PT100_Logger78421CCD2218 online!
2025-12-10 19:39:53 [7524] WARN  nmq_mqtt.c:245: Warning: close pipe & kick client due to KeepAlive timeout!
2025-12-10 19:39:53 [7524] WARN  nmq_mqtt.c:986: PT100_Logger78421CCD2218 pipe close!
2025-12-10 19:39:53 [7524] WARN  broker_tcp.c:683: nni aio recv error!! Object closed

2025-12-10 19:39:53 [7524] WARN  mqtt_parser.c:1339: PT100_Logger78421CCD2218 offline!
2025-12-10 19:39:53 [7524] WARN  broker_tcp.c:974: tcptran_pipe_recv_cb: recv_error rv: 139

2025-12-10 19:40:02 [7524] WARN  mqtt_parser.c:1335: PT100_Logger78421CCD2218 online!
2025-12-10 19:40:37 [7524] WARN  nmq_mqtt.c:245: Warning: close pipe & kick client due to KeepAlive timeout!
2025-12-10 19:40:37 [7524] WARN  nmq_mqtt.c:986: PT100_Logger78421CCD2218 pipe close!
2025-12-10 19:40:37 [7524] WARN  broker_tcp.c:683: nni aio recv error!! Object closed

2025-12-10 19:40:37 [7524] WARN  broker_tcp.c:974: tcptran_pipe_recv_cb: recv_error rv: 139

2025-12-10 19:40:37 [7524] WARN  mqtt_parser.c:1339: PT100_Logger78421CCD2218 offline!
2025-12-10 19:40:46 [7524] WARN  mqtt_parser.c:1335: PT100_Logger78421CCD2218 online!
2025-12-10 19:41:10 [7524] WARN  broker_tcp.c:683: nni aio recv error!! Unknown error #121

2025-12-10 19:41:10 [7524] WARN  broker_tcp.c:974: tcptran_pipe_recv_cb: recv_error rv: 128

2025-12-10 19:41:10 [7524] WARN  nmq_mqtt.c:986: PT100_Logger78421CCD2218 pipe close!
2025-12-10 19:41:10 [7524] WARN  mqtt_parser.c:1339: PT100_Logger78421CCD2218 offline!
2025-12-10 19:42:36 [7524] WARN  nmq_websocket.c:160:  recv aio error Object closed
2025-12-10 19:42:36 [7524] WARN  nmq_mqtt.c:986: nanomq-b8cad321 pipe close!
2025-12-10 19:42:36 [7524] WARN  mqtt_parser.c:1339: nanomq-b8cad321 offline!
2025-12-10 19:42:38 [7524] WARN  mqtt_parser.c:1335: nanomq-ca5a0b48 online!
2025-12-10 19:43:24 [7524] WARN  mqtt_parser.c:1335: nanomq-ddd89003 online!
2025-12-10 19:45:18 [7524] WARN  mqtt_parser.c:1335: PT100_Logger78421CCD2218 online!
2025-12-10 19:45:21 [7524] WARN  nmq_websocket.c:160:  recv aio error Object closed
2025-12-10 19:45:21 [7524] WARN  nmq_mqtt.c:986: nanomq-ddd89003 pipe close!
2025-12-10 19:45:21 [7524] WARN  mqtt_parser.c:1339: nanomq-ddd89003 offline!
2025-12-10 19:45:34 [7524] WARN  broker_tcp.c:683: nni aio recv error!! Unknown error #64

2025-12-10 19:45:34 [7524] WARN  broker_tcp.c:974: tcptran_pipe_recv_cb: recv_error rv: 128

2025-12-10 19:45:34 [7524] WARN  nmq_mqtt.c:986: mqtt-explorer-8f78055a pipe close!
2025-12-10 19:45:34 [7524] WARN  mqtt_parser.c:1339: mqtt-explorer-8f78055a offline!
2025-12-10 19:45:34 [7524] WARN  nmq_mqtt.c:431: pipe id 2016390686 is gone, pub failed
2025-12-10 19:45:34 [7524] WARN  nmq_websocket.c:160:  recv aio error Object closed
2025-12-10 19:45:34 [7524] WARN  nmq_mqtt.c:986: nanomq-ca5a0b48 pipe close!
2025-12-10 19:45:34 [7524] WARN  mqtt_parser.c:1339: nanomq-ca5a0b48 offline!
2025-12-10 19:46:11 [7552] WARN  broker.c:2149: Default bridging Clientid is nanomq-30b39444
2025-12-10 19:46:11 [7552] WARN  broker.c:1262: EMQX Edge (ver 1.2.0) Serving MQTT TCP on nmq-tcp://0.0.0.0:1883
2025-12-10 19:46:11 [7552] WARN  broker.c:1290: EMQX Edge (ver 1.2.0) Serving MQTT over WebSocket on nmq-ws://0.0.0.0:8083/mqtt
2025-12-10 19:46:11 [7552] WARN  web_server.c:313: Http Server folder set to D:\Indruino_Projects\indruino\company_project\PT100_Logger_esp32\server_win\emqx-edge-1.2.0-windows-x86_64/dist
2025-12-10 19:46:11 [7552] WARN  broker.c:1376: EMQX Edge (ver 1.2.0) Serving HTTP Server on http://0.0.0.0:8081
2025-12-10 19:46:11 [7552] WARN  broker.c:1458: NanoMQ Broker is started successfully!

2025-12-10 19:46:14 [7552] WARN  mqtt_parser.c:1335: PT100_Logger78421CCD2218 online!
2025-12-10 19:46:37 [7552] WARN  mqtt_parser.c:1335: nanomq-c756ed60 online!
2025-12-10 19:46:49 [7552] WARN  nmq_mqtt.c:245: Warning: close pipe & kick client due to KeepAlive timeout!
2025-12-10 19:46:49 [7552] WARN  nmq_mqtt.c:986: PT100_Logger78421CCD2218 pipe close!
2025-12-10 19:46:49 [7552] WARN  mqtt_parser.c:1339: PT100_Logger78421CCD2218 offline!
2025-12-10 19:46:49 [7552] WARN  broker_tcp.c:683: nni aio recv error!! Object closed

2025-12-10 19:46:49 [7552] WARN  broker_tcp.c:974: tcptran_pipe_recv_cb: recv_error rv: 139

2025-12-10 19:47:03 [7552] WARN  mqtt_parser.c:1335: PT100_Logger78421CCD2218 online!
2025-12-10 19:47:38 [7552] WARN  nmq_mqtt.c:245: Warning: close pipe & kick client due to KeepAlive timeout!
2025-12-10 19:47:38 [7552] WARN  nmq_mqtt.c:986: PT100_Logger78421CCD2218 pipe close!
2025-12-10 19:47:38 [7552] WARN  broker_tcp.c:683: nni aio recv error!! Object closed

2025-12-10 19:47:38 [7552] WARN  mqtt_parser.c:1339: PT100_Logger78421CCD2218 offline!
2025-12-10 19:47:38 [7552] WARN  broker_tcp.c:974: tcptran_pipe_recv_cb: recv_error rv: 139

2025-12-10 19:47:51 [7552] WARN  mqtt_parser.c:1335: PT100_Logger78421CCD2218 online!
2025-12-10 19:48:26 [7552] WARN  nmq_mqtt.c:245: Warning: close pipe & kick client due to KeepAlive timeout!
2025-12-10 19:48:26 [7552] WARN  broker_tcp.c:683: nni aio recv error!! Object closed

2025-12-10 19:48:26 [7552] WARN  nmq_mqtt.c:986: PT100_Logger78421CCD2218 pipe close!
2025-12-10 19:48:26 [7552] WARN  broker_tcp.c:974: tcptran_pipe_recv_cb: recv_error rv: 139

2025-12-10 19:48:26 [7552] WARN  mqtt_parser.c:1339: PT100_Logger78421CCD2218 offline!
2025-12-10 19:48:39 [7552] WARN  mqtt_parser.c:1335: PT100_Logger78421CCD2218 online!
2025-12-10 19:49:15 [7552] WARN  nmq_mqtt.c:245: Warning: close pipe & kick client due to KeepAlive timeout!
2025-12-10 19:49:15 [7552] WARN  nmq_mqtt.c:986: PT100_Logger78421CCD2218 pipe close!
2025-12-10 19:49:15 [7552] WARN  broker_tcp.c:683: nni aio recv error!! Object closed

2025-12-10 19:49:15 [7552] WARN  mqtt_parser.c:1339: PT100_Logger78421CCD2218 offline!
2025-12-10 19:49:15 [7552] WARN  broker_tcp.c:974: tcptran_pipe_recv_cb: recv_error rv: 139

2025-12-10 19:52:40 [7552] WARN  nmq_websocket.c:160:  recv aio error Object closed
2025-12-10 19:52:40 [7552] WARN  nmq_mqtt.c:986: nanomq-c756ed60 pipe close!
2025-12-10 19:52:40 [7552] WARN  mqtt_parser.c:1339: nanomq-c756ed60 offline!
2025-12-12 13:40:35 [7552] WARN  mqtt_parser.c:1335: nanomq-bc527bd8 online!
2025-12-12 13:40:47 [7552] WARN  mqtt_parser.c:1335: PT100_Logger78421CCD2218 online!
2025-12-12 13:41:16 [7552] WARN  broker_tcp.c:683: nni aio recv error!! Unknown error #121

2025-12-12 13:41:16 [7552] WARN  broker_tcp.c:974: tcptran_pipe_recv_cb: recv_error rv: 128

2025-12-12 13:41:16 [7552] WARN  nmq_mqtt.c:986: PT100_Logger78421CCD2218 pipe close!
2025-12-12 13:41:16 [7552] WARN  mqtt_parser.c:1339: PT100_Logger78421CCD2218 offline!
2025-12-12 13:41:31 [7552] WARN  mqtt_parser.c:1335: PT100_Logger78421CCD2218 online!
2025-12-12 13:42:06 [7552] WARN  nmq_mqtt.c:245: Warning: close pipe & kick client due to KeepAlive timeout!
2025-12-12 13:42:06 [7552] WARN  nmq_mqtt.c:986: PT100_Logger78421CCD2218 pipe close!
2025-12-12 13:42:06 [7552] WARN  broker_tcp.c:683: nni aio recv error!! Object closed

2025-12-12 13:42:06 [7552] WARN  mqtt_parser.c:1339: PT100_Logger78421CCD2218 offline!
2025-12-12 13:42:06 [7552] WARN  broker_tcp.c:974: tcptran_pipe_recv_cb: recv_error rv: 139

2025-12-12 13:47:08 [7552] WARN  nmq_websocket.c:160:  recv aio error Object closed
2025-12-12 13:47:08 [7552] WARN  nmq_mqtt.c:986: nanomq-bc527bd8 pipe close!
2025-12-12 13:47:08 [7552] WARN  mqtt_parser.c:1339: nanomq-bc527bd8 offline!
2025-12-12 13:48:17 [7552] WARN  mqtt_parser.c:1335: PT100_Logger78421CCD2218 online!
2025-12-12 13:48:19 [7552] WARN  mqtt_parser.c:1335: nanomq-ac6037f2 online!
2025-12-12 13:48:53 [7552] WARN  nmq_mqtt.c:245: Warning: close pipe & kick client due to KeepAlive timeout!
2025-12-12 13:48:53 [7552] WARN  nmq_mqtt.c:986: PT100_Logger78421CCD2218 pipe close!
2025-12-12 13:48:53 [7552] WARN  broker_tcp.c:683: nni aio recv error!! Object closed

2025-12-12 13:48:53 [7552] WARN  mqtt_parser.c:1339: PT100_Logger78421CCD2218 offline!
2025-12-12 13:48:53 [7552] WARN  broker_tcp.c:974: tcptran_pipe_recv_cb: recv_error rv: 139

2025-12-12 13:49:02 [7552] WARN  mqtt_parser.c:1335: PT100_Logger78421CCD2218 online!
2025-12-12 13:49:32 [7552] WARN  broker_tcp.c:683: nni aio recv error!! Unknown error #121

2025-12-12 13:49:32 [7552] WARN  broker_tcp.c:974: tcptran_pipe_recv_cb: recv_error rv: 128

2025-12-12 13:49:32 [7552] WARN  nmq_mqtt.c:986: PT100_Logger78421CCD2218 pipe close!
2025-12-12 13:49:32 [7552] WARN  mqtt_parser.c:1339: PT100_Logger78421CCD2218 offline!
2025-12-12 13:49:52 [7552] WARN  mqtt_parser.c:1335: PT100_Logger78421CCD2218 online!
2025-12-12 13:49:56 [7552] WARN  broker_tcp.c:683: nni aio recv error!! Unknown error #212

2025-12-12 13:49:56 [7552] WARN  nmq_websocket.c:160:  recv aio error Object closed
2025-12-12 13:49:56 [7552] WARN  nmq_mqtt.c:986: PT100_Logger78421CCD2218 pipe close!
2025-12-12 13:49:56 [7552] WARN  mqtt_parser.c:1339: PT100_Logger78421CCD2218 offline!
2025-12-12 13:49:56 [7552] WARN  nmq_mqtt.c:986: nanomq-ac6037f2 pipe close!
2025-12-12 13:49:56 [7552] WARN  broker_tcp.c:974: tcptran_pipe_recv_cb: recv_error rv: 128

2025-12-12 13:49:56 [7552] WARN  mqtt_parser.c:1339: nanomq-ac6037f2 offline!
2025-12-12 13:50:26 [7552] WARN  mqtt_parser.c:1335: PT100_Logger78421CCD2218 online!
2025-12-12 13:50:26 [7552] WARN  mqtt_parser.c:1335: nanomq-8175aed6 online!
2025-12-12 13:50:33 [7552] ERROR pipe.c:520: Client ID collision or set ID failed!
2025-12-12 13:50:33 [7552] WARN  nmq_mqtt.c:986: PT100_Logger78421CCD2218 pipe close!
2025-12-12 13:50:33 [7552] WARN  broker_tcp.c:683: nni aio recv error!! Object closed

2025-12-12 13:50:33 [7552] WARN  broker_tcp.c:974: tcptran_pipe_recv_cb: recv_error rv: 139

2025-12-12 13:50:33 [7552] WARN  mqtt_parser.c:1339: PT100_Logger78421CCD2218 offline!
2025-12-12 13:50:33 [7552] WARN  mqtt_parser.c:1335: PT100_Logger78421CCD2218 online!
2025-12-12 13:50:37 [7552] WARN  nmq_websocket.c:160:  recv aio error Object closed
2025-12-12 13:50:37 [7552] WARN  nmq_mqtt.c:986: nanomq-8175aed6 pipe close!
2025-12-12 13:50:37 [7552] WARN  mqtt_parser.c:1339: nanomq-8175aed6 offline!
2025-12-12 13:50:38 [7552] WARN  mqtt_parser.c:1335: nanomq-c4a12a9b online!
2025-12-12 13:50:42 [7552] ERROR pipe.c:520: Client ID collision or set ID failed!
2025-12-12 13:50:42 [7552] WARN  nmq_mqtt.c:986: PT100_Logger78421CCD2218 pipe close!
2025-12-12 13:50:42 [7552] WARN  broker_tcp.c:683: nni aio recv error!! Object closed

2025-12-12 13:50:42 [7552] WARN  broker_tcp.c:974: tcptran_pipe_recv_cb: recv_error rv: 139

2025-12-12 13:50:42 [7552] WARN  mqtt_parser.c:1339: PT100_Logger78421CCD2218 offline!
2025-12-12 13:50:42 [7552] WARN  mqtt_parser.c:1335: PT100_Logger78421CCD2218 online!
2025-12-12 13:51:17 [7552] WARN  nmq_mqtt.c:245: Warning: close pipe & kick client due to KeepAlive timeout!
2025-12-12 13:51:17 [7552] WARN  nmq_mqtt.c:986: PT100_Logger78421CCD2218 pipe close!
2025-12-12 13:51:17 [7552] WARN  broker_tcp.c:683: nni aio recv error!! Object closed

2025-12-12 13:51:17 [7552] WARN  mqtt_parser.c:1339: PT100_Logger78421CCD2218 offline!
2025-12-12 13:51:17 [7552] WARN  broker_tcp.c:974: tcptran_pipe_recv_cb: recv_error rv: 139

2025-12-12 13:51:26 [7552] WARN  mqtt_parser.c:1335: PT100_Logger78421CCD2218 online!
2025-12-12 13:52:01 [7552] WARN  nmq_mqtt.c:245: Warning: close pipe & kick client due to KeepAlive timeout!
2025-12-12 13:52:01 [7552] WARN  nmq_mqtt.c:986: PT100_Logger78421CCD2218 pipe close!
2025-12-12 13:52:01 [7552] WARN  broker_tcp.c:683: nni aio recv error!! Object closed

2025-12-12 13:52:01 [7552] WARN  broker_tcp.c:974: tcptran_pipe_recv_cb: recv_error rv: 139

2025-12-12 13:52:01 [7552] WARN  mqtt_parser.c:1339: PT100_Logger78421CCD2218 offline!
2025-12-12 13:52:15 [7552] WARN  mqtt_parser.c:1335: PT100_Logger78421CCD2218 online!
2025-12-12 13:52:27 [7552] WARN  nmq_websocket.c:160:  recv aio error Object closed
2025-12-12 13:52:27 [7552] WARN  nmq_mqtt.c:986: nanomq-c4a12a9b pipe close!
2025-12-12 13:52:27 [7552] WARN  broker_tcp.c:683: nni aio recv error!! Unknown error #212

2025-12-12 13:52:27 [7552] WARN  mqtt_parser.c:1339: nanomq-c4a12a9b offline!
2025-12-12 13:52:27 [7552] WARN  broker_tcp.c:974: tcptran_pipe_recv_cb: recv_error rv: 128

2025-12-12 13:52:27 [7552] WARN  nmq_mqtt.c:986: PT100_Logger78421CCD2218 pipe close!
2025-12-12 13:52:27 [7552] WARN  mqtt_parser.c:1339: PT100_Logger78421CCD2218 offline!
2025-12-12 13:52:55 [7552] WARN  mqtt_parser.c:1335: PT100_Logger78421CCD2218 online!
2025-12-12 13:52:57 [7552] WARN  mqtt_parser.c:1335: nanomq-96a070a7 online!
2025-12-12 13:53:03 [7552] ERROR pipe.c:520: Client ID collision or set ID failed!
2025-12-12 13:53:03 [7552] WARN  nmq_mqtt.c:986: PT100_Logger78421CCD2218 pipe close!
2025-12-12 13:53:03 [7552] WARN  broker_tcp.c:683: nni aio recv error!! Object closed

2025-12-12 13:53:03 [7552] WARN  mqtt_parser.c:1339: PT100_Logger78421CCD2218 offline!
2025-12-12 13:53:03 [7552] WARN  broker_tcp.c:974: tcptran_pipe_recv_cb: recv_error rv: 139

2025-12-12 13:53:03 [7552] WARN  mqtt_parser.c:1335: PT100_Logger78421CCD2218 online!
2025-12-12 13:53:38 [7552] WARN  nmq_mqtt.c:245: Warning: close pipe & kick client due to KeepAlive timeout!
2025-12-12 13:53:38 [7552] WARN  nmq_mqtt.c:986: PT100_Logger78421CCD2218 pipe close!
2025-12-12 13:53:38 [7552] WARN  mqtt_parser.c:1339: PT100_Logger78421CCD2218 offline!
2025-12-12 13:53:38 [7552] WARN  broker_tcp.c:683: nni aio recv error!! Object closed

2025-12-12 13:53:38 [7552] WARN  broker_tcp.c:974: tcptran_pipe_recv_cb: recv_error rv: 139

2025-12-12 13:53:47 [7552] WARN  mqtt_parser.c:1335: PT100_Logger78421CCD2218 online!
2025-12-12 13:54:17 [7552] WARN  broker_tcp.c:683: nni aio recv error!! Unknown error #121

2025-12-12 13:54:17 [7552] WARN  nmq_mqtt.c:986: PT100_Logger78421CCD2218 pipe close!
2025-12-12 13:54:17 [7552] WARN  broker_tcp.c:974: tcptran_pipe_recv_cb: recv_error rv: 128

2025-12-12 13:54:17 [7552] WARN  mqtt_parser.c:1339: PT100_Logger78421CCD2218 offline!
2025-12-12 13:54:32 [7552] WARN  mqtt_parser.c:1335: PT100_Logger78421CCD2218 online!
2025-12-12 13:55:05 [7552] WARN  broker_tcp.c:683: nni aio recv error!! Unknown error #121

2025-12-12 13:55:05 [7552] WARN  broker_tcp.c:974: tcptran_pipe_recv_cb: recv_error rv: 128

2025-12-12 13:55:05 [7552] WARN  nmq_mqtt.c:986: PT100_Logger78421CCD2218 pipe close!
2025-12-12 13:55:05 [7552] WARN  mqtt_parser.c:1339: PT100_Logger78421CCD2218 offline!
2025-12-12 13:55:16 [7552] WARN  mqtt_parser.c:1335: PT100_Logger78421CCD2218 online!
2025-12-12 13:55:51 [7552] WARN  nmq_mqtt.c:245: Warning: close pipe & kick client due to KeepAlive timeout!
2025-12-12 13:55:51 [7552] WARN  nmq_mqtt.c:986: PT100_Logger78421CCD2218 pipe close!
2025-12-12 13:55:51 [7552] WARN  broker_tcp.c:683: nni aio recv error!! Object closed

2025-12-12 13:55:51 [7552] WARN  mqtt_parser.c:1339: PT100_Logger78421CCD2218 offline!
2025-12-12 13:55:51 [7552] WARN  broker_tcp.c:974: tcptran_pipe_recv_cb: recv_error rv: 139

2025-12-12 13:56:00 [7552] WARN  mqtt_parser.c:1335: PT100_Logger78421CCD2218 online!
2025-12-12 13:56:30 [7552] WARN  broker_tcp.c:683: nni aio recv error!! Unknown error #121

2025-12-12 13:56:30 [7552] WARN  broker_tcp.c:974: tcptran_pipe_recv_cb: recv_error rv: 128

2025-12-12 13:56:30 [7552] WARN  nmq_mqtt.c:986: PT100_Logger78421CCD2218 pipe close!
2025-12-12 13:56:30 [7552] WARN  mqtt_parser.c:1339: PT100_Logger78421CCD2218 offline!
2025-12-12 13:56:45 [7552] WARN  mqtt_parser.c:1335: PT100_Logger78421CCD2218 online!
2025-12-12 13:57:20 [7552] WARN  nmq_mqtt.c:245: Warning: close pipe & kick client due to KeepAlive timeout!
2025-12-12 13:57:20 [7552] WARN  nmq_mqtt.c:986: PT100_Logger78421CCD2218 pipe close!
2025-12-12 13:57:20 [7552] WARN  broker_tcp.c:683: nni aio recv error!! Object closed

2025-12-12 13:57:20 [7552] WARN  mqtt_parser.c:1339: PT100_Logger78421CCD2218 offline!
2025-12-12 13:57:20 [7552] WARN  broker_tcp.c:974: tcptran_pipe_recv_cb: recv_error rv: 139

2025-12-12 13:57:29 [7552] WARN  mqtt_parser.c:1335: PT100_Logger78421CCD2218 online!
2025-12-12 13:58:02 [7552] WARN  broker_tcp.c:683: nni aio recv error!! Unknown error #121

2025-12-12 13:58:02 [7552] WARN  broker_tcp.c:974: tcptran_pipe_recv_cb: recv_error rv: 128

2025-12-12 13:58:02 [7552] WARN  nmq_mqtt.c:986: PT100_Logger78421CCD2218 pipe close!
2025-12-12 13:58:02 [7552] WARN  mqtt_parser.c:1339: PT100_Logger78421CCD2218 offline!
2025-12-12 13:58:13 [7552] WARN  mqtt_parser.c:1335: PT100_Logger78421CCD2218 online!
2025-12-12 13:58:48 [7552] WARN  nmq_mqtt.c:245: Warning: close pipe & kick client due to KeepAlive timeout!
2025-12-12 13:58:48 [7552] WARN  nmq_mqtt.c:986: PT100_Logger78421CCD2218 pipe close!
2025-12-12 13:58:48 [7552] WARN  mqtt_parser.c:1339: PT100_Logger78421CCD2218 offline!
2025-12-12 13:58:48 [7552] WARN  broker_tcp.c:683: nni aio recv error!! Object closed

2025-12-12 13:58:48 [7552] WARN  broker_tcp.c:974: tcptran_pipe_recv_cb: recv_error rv: 139

2025-12-12 13:59:04 [7552] WARN  mqtt_parser.c:1335: PT100_Logger78421CCD2218 online!
2025-12-12 13:59:39 [7552] WARN  nmq_mqtt.c:245: Warning: close pipe & kick client due to KeepAlive timeout!
2025-12-12 13:59:39 [7552] WARN  nmq_mqtt.c:986: PT100_Logger78421CCD2218 pipe close!
2025-12-12 13:59:39 [7552] WARN  broker_tcp.c:683: nni aio recv error!! Object closed

2025-12-12 13:59:39 [7552] WARN  mqtt_parser.c:1339: PT100_Logger78421CCD2218 offline!
2025-12-12 13:59:39 [7552] WARN  broker_tcp.c:974: tcptran_pipe_recv_cb: recv_error rv: 139

2025-12-12 13:59:48 [7552] WARN  mqtt_parser.c:1335: PT100_Logger78421CCD2218 online!
2025-12-12 14:00:23 [7552] WARN  nmq_mqtt.c:245: Warning: close pipe & kick client due to KeepAlive timeout!
2025-12-12 14:00:23 [7552] WARN  nmq_mqtt.c:986: PT100_Logger78421CCD2218 pipe close!
2025-12-12 14:00:23 [7552] WARN  broker_tcp.c:683: nni aio recv error!! Object closed

2025-12-12 14:00:23 [7552] WARN  mqtt_parser.c:1339: PT100_Logger78421CCD2218 offline!
2025-12-12 14:00:23 [7552] WARN  broker_tcp.c:974: tcptran_pipe_recv_cb: recv_error rv: 139

2025-12-12 14:00:36 [7552] WARN  mqtt_parser.c:1335: PT100_Logger78421CCD2218 online!
2025-12-12 14:01:11 [7552] WARN  nmq_mqtt.c:245: Warning: close pipe & kick client due to KeepAlive timeout!
2025-12-12 14:01:11 [7552] WARN  nmq_mqtt.c:986: PT100_Logger78421CCD2218 pipe close!
2025-12-12 14:01:11 [7552] WARN  broker_tcp.c:683: nni aio recv error!! Object closed

2025-12-12 14:01:11 [7552] WARN  mqtt_parser.c:1339: PT100_Logger78421CCD2218 offline!
2025-12-12 14:01:11 [7552] WARN  broker_tcp.c:974: tcptran_pipe_recv_cb: recv_error rv: 139

2025-12-12 14:01:24 [7552] WARN  mqtt_parser.c:1335: PT100_Logger78421CCD2218 online!
2025-12-12 14:01:59 [7552] WARN  nmq_mqtt.c:245: Warning: close pipe & kick client due to KeepAlive timeout!
2025-12-12 14:01:59 [7552] WARN  nmq_mqtt.c:986: PT100_Logger78421CCD2218 pipe close!
2025-12-12 14:01:59 [7552] WARN  broker_tcp.c:683: nni aio recv error!! Object closed

2025-12-12 14:01:59 [7552] WARN  mqtt_parser.c:1339: PT100_Logger78421CCD2218 offline!
2025-12-12 14:01:59 [7552] WARN  broker_tcp.c:974: tcptran_pipe_recv_cb: recv_error rv: 139

2025-12-12 14:02:08 [7552] WARN  mqtt_parser.c:1335: PT100_Logger78421CCD2218 online!
2025-12-12 14:02:38 [7552] WARN  broker_tcp.c:683: nni aio recv error!! Unknown error #121

2025-12-12 14:02:38 [7552] WARN  broker_tcp.c:974: tcptran_pipe_recv_cb: recv_error rv: 128

2025-12-12 14:02:38 [7552] WARN  nmq_mqtt.c:986: PT100_Logger78421CCD2218 pipe close!
2025-12-12 14:02:38 [7552] WARN  mqtt_parser.c:1339: PT100_Logger78421CCD2218 offline!
2025-12-12 14:02:52 [7552] WARN  mqtt_parser.c:1335: PT100_Logger78421CCD2218 online!
2025-12-12 14:03:27 [7552] WARN  nmq_mqtt.c:245: Warning: close pipe & kick client due to KeepAlive timeout!
2025-12-12 14:03:27 [7552] WARN  nmq_mqtt.c:986: PT100_Logger78421CCD2218 pipe close!
2025-12-12 14:03:27 [7552] WARN  broker_tcp.c:683: nni aio recv error!! Object closed

2025-12-12 14:03:27 [7552] WARN  mqtt_parser.c:1339: PT100_Logger78421CCD2218 offline!
2025-12-12 14:03:27 [7552] WARN  broker_tcp.c:974: tcptran_pipe_recv_cb: recv_error rv: 139

2025-12-12 14:03:37 [7552] WARN  mqtt_parser.c:1335: PT100_Logger78421CCD2218 online!
2025-12-12 14:04:12 [7552] WARN  nmq_mqtt.c:245: Warning: close pipe & kick client due to KeepAlive timeout!
2025-12-12 14:04:12 [7552] WARN  broker_tcp.c:683: nni aio recv error!! Object closed

2025-12-12 14:04:12 [7552] WARN  nmq_mqtt.c:986: PT100_Logger78421CCD2218 pipe close!
2025-12-12 14:04:12 [7552] WARN  broker_tcp.c:974: tcptran_pipe_recv_cb: recv_error rv: 139

2025-12-12 14:04:12 [7552] WARN  mqtt_parser.c:1339: PT100_Logger78421CCD2218 offline!
2025-12-12 14:04:21 [7552] WARN  mqtt_parser.c:1335: PT100_Logger78421CCD2218 online!
2025-12-12 14:04:51 [7552] WARN  broker_tcp.c:683: nni aio recv error!! Unknown error #121

2025-12-12 14:04:51 [7552] WARN  broker_tcp.c:974: tcptran_pipe_recv_cb: recv_error rv: 128

2025-12-12 14:04:51 [7552] WARN  nmq_mqtt.c:986: PT100_Logger78421CCD2218 pipe close!
2025-12-12 14:04:51 [7552] WARN  mqtt_parser.c:1339: PT100_Logger78421CCD2218 offline!
2025-12-12 14:05:05 [7552] WARN  mqtt_parser.c:1335: PT100_Logger78421CCD2218 online!
2025-12-12 14:05:40 [7552] WARN  nmq_mqtt.c:245: Warning: close pipe & kick client due to KeepAlive timeout!
2025-12-12 14:05:40 [7552] WARN  nmq_mqtt.c:986: PT100_Logger78421CCD2218 pipe close!
2025-12-12 14:05:40 [7552] WARN  broker_tcp.c:683: nni aio recv error!! Object closed

2025-12-12 14:05:40 [7552] WARN  mqtt_parser.c:1339: PT100_Logger78421CCD2218 offline!
2025-12-12 14:05:40 [7552] WARN  broker_tcp.c:974: tcptran_pipe_recv_cb: recv_error rv: 139

2025-12-12 14:05:53 [7552] WARN  mqtt_parser.c:1335: PT100_Logger78421CCD2218 online!
2025-12-12 14:06:15 [7552] WARN  nmq_websocket.c:160:  recv aio error Object closed
2025-12-12 14:06:15 [7552] WARN  nmq_mqtt.c:986: nanomq-96a070a7 pipe close!
2025-12-12 14:06:15 [7552] WARN  mqtt_parser.c:1339: nanomq-96a070a7 offline!
2025-12-12 14:07:12 [8908] WARN  broker.c:2149: Default bridging Clientid is nanomq-6b0f213d
2025-12-12 14:07:12 [8908] WARN  broker.c:1262: EMQX Edge (ver 1.2.0) Serving MQTT TCP on nmq-tcp://0.0.0.0:1883
2025-12-12 14:07:12 [8908] WARN  broker.c:1290: EMQX Edge (ver 1.2.0) Serving MQTT over WebSocket on nmq-ws://0.0.0.0:8083/mqtt
2025-12-12 14:07:12 [8908] WARN  web_server.c:313: Http Server folder set to D:\Indruino_Projects\indruino\company_project\PT100_Logger_esp32\server_win\emqx-edge-1.2.0-windows-x86_64/dist
2025-12-12 14:07:12 [8908] WARN  broker.c:1376: EMQX Edge (ver 1.2.0) Serving HTTP Server on http://0.0.0.0:8081
2025-12-12 14:07:12 [8908] WARN  broker.c:1458: NanoMQ Broker is started successfully!

2025-12-12 14:07:23 [8908] WARN  mqtt_parser.c:1335: PT100_Logger78421CCD2218 online!
2025-12-12 14:07:55 [8908] WARN  broker_tcp.c:683: nni aio recv error!! Unknown error #212

2025-12-12 14:07:55 [8908] WARN  broker_tcp.c:974: tcptran_pipe_recv_cb: recv_error rv: 128

2025-12-12 14:07:55 [8908] WARN  nmq_mqtt.c:986: PT100_Logger78421CCD2218 pipe close!
2025-12-12 14:07:55 [8908] WARN  mqtt_parser.c:1339: PT100_Logger78421CCD2218 offline!
2025-12-12 14:10:58 [8908] WARN  mqtt_parser.c:1335: PT100_Logger78421CCD2218 online!
2025-12-12 14:11:00 [8908] WARN  mqtt_parser.c:1335: nanomq-e155fcfe online!
2025-12-12 14:11:10 [8908] WARN  nmq_websocket.c:160:  recv aio error Object closed
2025-12-12 14:11:10 [8908] WARN  nmq_mqtt.c:986: nanomq-e155fcfe pipe close!
2025-12-12 14:11:10 [8908] WARN  mqtt_parser.c:1339: nanomq-e155fcfe offline!
2025-12-12 14:11:10 [8908] WARN  mqtt_parser.c:1335: nanomq-c0885d0f online!
2025-12-12 14:11:33 [8908] WARN  nmq_mqtt.c:245: Warning: close pipe & kick client due to KeepAlive timeout!
2025-12-12 14:11:33 [8908] WARN  nmq_mqtt.c:986: PT100_Logger78421CCD2218 pipe close!
2025-12-12 14:11:33 [8908] WARN  broker_tcp.c:683: nni aio recv error!! Object closed

2025-12-12 14:11:33 [8908] WARN  mqtt_parser.c:1339: PT100_Logger78421CCD2218 offline!
2025-12-12 14:11:33 [8908] WARN  broker_tcp.c:974: tcptran_pipe_recv_cb: recv_error rv: 139

2025-12-12 14:11:42 [8908] WARN  mqtt_parser.c:1335: PT100_Logger78421CCD2218 online!
2025-12-12 14:12:16 [8908] WARN  broker_tcp.c:683: nni aio recv error!! Unknown error #121

2025-12-12 14:12:16 [8908] WARN  broker_tcp.c:974: tcptran_pipe_recv_cb: recv_error rv: 128

2025-12-12 14:12:16 [8908] WARN  nmq_mqtt.c:986: PT100_Logger78421CCD2218 pipe close!
2025-12-12 14:12:16 [8908] WARN  mqtt_parser.c:1339: PT100_Logger78421CCD2218 offline!
2025-12-12 14:12:26 [8908] WARN  mqtt_parser.c:1335: PT100_Logger78421CCD2218 online!
2025-12-12 14:13:01 [8908] WARN  nmq_mqtt.c:245: Warning: close pipe & kick client due to KeepAlive timeout!
2025-12-12 14:13:01 [8908] WARN  nmq_mqtt.c:986: PT100_Logger78421CCD2218 pipe close!
2025-12-12 14:13:01 [8908] WARN  broker_tcp.c:683: nni aio recv error!! Object closed

2025-12-12 14:13:01 [8908] WARN  broker_tcp.c:974: tcptran_pipe_recv_cb: recv_error rv: 139

2025-12-12 14:13:01 [8908] WARN  mqtt_parser.c:1339: PT100_Logger78421CCD2218 offline!
2025-12-12 14:13:10 [8908] WARN  mqtt_parser.c:1335: PT100_Logger78421CCD2218 online!
2025-12-12 14:13:45 [8908] WARN  nmq_mqtt.c:245: Warning: close pipe & kick client due to KeepAlive timeout!
2025-12-12 14:13:45 [8908] WARN  nmq_mqtt.c:986: PT100_Logger78421CCD2218 pipe close!
2025-12-12 14:13:45 [8908] WARN  broker_tcp.c:683: nni aio recv error!! Object closed

2025-12-12 14:13:45 [8908] WARN  mqtt_parser.c:1339: PT100_Logger78421CCD2218 offline!
2025-12-12 14:13:45 [8908] WARN  broker_tcp.c:974: tcptran_pipe_recv_cb: recv_error rv: 139

2025-12-12 14:13:55 [8908] WARN  mqtt_parser.c:1335: PT100_Logger78421CCD2218 online!
2025-12-12 14:14:26 [8908] WARN  broker_tcp.c:683: nni aio recv error!! Unknown error #121

2025-12-12 14:14:26 [8908] WARN  nmq_mqtt.c:986: PT100_Logger78421CCD2218 pipe close!
2025-12-12 14:14:26 [8908] WARN  broker_tcp.c:974: tcptran_pipe_recv_cb: recv_error rv: 128

2025-12-12 14:14:26 [8908] WARN  mqtt_parser.c:1339: PT100_Logger78421CCD2218 offline!
2025-12-12 14:14:39 [8908] WARN  mqtt_parser.c:1335: PT100_Logger78421CCD2218 online!
2025-12-12 14:15:08 [8908] WARN  broker_tcp.c:683: nni aio recv error!! Unknown error #121

2025-12-12 14:15:08 [8908] WARN  broker_tcp.c:974: tcptran_pipe_recv_cb: recv_error rv: 128

2025-12-12 14:15:08 [8908] WARN  nmq_mqtt.c:986: PT100_Logger78421CCD2218 pipe close!
2025-12-12 14:15:08 [8908] WARN  mqtt_parser.c:1339: PT100_Logger78421CCD2218 offline!
2025-12-12 14:15:23 [8908] WARN  mqtt_parser.c:1335: PT100_Logger78421CCD2218 online!
2025-12-12 14:15:53 [8908] WARN  broker_tcp.c:683: nni aio recv error!! Unknown error #121

2025-12-12 14:15:53 [8908] WARN  broker_tcp.c:974: tcptran_pipe_recv_cb: recv_error rv: 128

2025-12-12 14:15:53 [8908] WARN  nmq_mqtt.c:986: PT100_Logger78421CCD2218 pipe close!
2025-12-12 14:15:53 [8908] WARN  mqtt_parser.c:1339: PT100_Logger78421CCD2218 offline!
2025-12-12 14:16:08 [8908] WARN  mqtt_parser.c:1335: PT100_Logger78421CCD2218 online!
2025-12-12 14:16:43 [8908] WARN  nmq_mqtt.c:245: Warning: close pipe & kick client due to KeepAlive timeout!
2025-12-12 14:16:43 [8908] WARN  nmq_mqtt.c:986: PT100_Logger78421CCD2218 pipe close!
2025-12-12 14:16:43 [8908] WARN  broker_tcp.c:683: nni aio recv error!! Object closed

2025-12-12 14:16:43 [8908] WARN  mqtt_parser.c:1339: PT100_Logger78421CCD2218 offline!
2025-12-12 14:16:43 [8908] WARN  broker_tcp.c:974: tcptran_pipe_recv_cb: recv_error rv: 139

2025-12-12 14:16:52 [8908] WARN  mqtt_parser.c:1335: PT100_Logger78421CCD2218 online!
2025-12-12 14:17:27 [8908] WARN  nmq_mqtt.c:245: Warning: close pipe & kick client due to KeepAlive timeout!
2025-12-12 14:17:27 [8908] WARN  broker_tcp.c:683: nni aio recv error!! Object closed

2025-12-12 14:17:27 [8908] WARN  nmq_mqtt.c:986: PT100_Logger78421CCD2218 pipe close!
2025-12-12 14:17:27 [8908] WARN  broker_tcp.c:974: tcptran_pipe_recv_cb: recv_error rv: 139

2025-12-12 14:17:27 [8908] WARN  mqtt_parser.c:1339: PT100_Logger78421CCD2218 offline!
2025-12-12 14:17:37 [8908] WARN  mqtt_parser.c:1335: PT100_Logger78421CCD2218 online!
2025-12-12 14:18:12 [8908] WARN  nmq_mqtt.c:245: Warning: close pipe & kick client due to KeepAlive timeout!
2025-12-12 14:18:12 [8908] WARN  nmq_mqtt.c:986: PT100_Logger78421CCD2218 pipe close!
2025-12-12 14:18:12 [8908] WARN  broker_tcp.c:683: nni aio recv error!! Object closed

2025-12-12 14:18:12 [8908] WARN  mqtt_parser.c:1339: PT100_Logger78421CCD2218 offline!
2025-12-12 14:18:12 [8908] WARN  broker_tcp.c:974: tcptran_pipe_recv_cb: recv_error rv: 139

2025-12-12 14:18:21 [8908] WARN  mqtt_parser.c:1335: PT100_Logger78421CCD2218 online!
2025-12-12 14:18:56 [8908] WARN  nmq_mqtt.c:245: Warning: close pipe & kick client due to KeepAlive timeout!
2025-12-12 14:18:56 [8908] WARN  nmq_mqtt.c:986: PT100_Logger78421CCD2218 pipe close!
2025-12-12 14:18:56 [8908] WARN  broker_tcp.c:683: nni aio recv error!! Object closed

2025-12-12 14:18:56 [8908] WARN  broker_tcp.c:974: tcptran_pipe_recv_cb: recv_error rv: 139

2025-12-12 14:18:56 [8908] WARN  mqtt_parser.c:1339: PT100_Logger78421CCD2218 offline!
2025-12-12 14:19:05 [8908] WARN  mqtt_parser.c:1335: PT100_Logger78421CCD2218 online!
2025-12-12 14:19:41 [8908] WARN  nmq_mqtt.c:245: Warning: close pipe & kick client due to KeepAlive timeout!
2025-12-12 14:19:41 [8908] WARN  nmq_mqtt.c:986: PT100_Logger78421CCD2218 pipe close!
2025-12-12 14:19:41 [8908] WARN  broker_tcp.c:683: nni aio recv error!! Object closed

2025-12-12 14:19:41 [8908] WARN  mqtt_parser.c:1339: PT100_Logger78421CCD2218 offline!
2025-12-12 14:19:41 [8908] WARN  broker_tcp.c:974: tcptran_pipe_recv_cb: recv_error rv: 139

2025-12-12 14:19:50 [8908] WARN  mqtt_parser.c:1335: PT100_Logger78421CCD2218 online!
2025-12-12 14:20:25 [8908] WARN  nmq_mqtt.c:245: Warning: close pipe & kick client due to KeepAlive timeout!
2025-12-12 14:20:25 [8908] WARN  nmq_mqtt.c:986: PT100_Logger78421CCD2218 pipe close!
2025-12-12 14:20:25 [8908] WARN  broker_tcp.c:683: nni aio recv error!! Object closed

2025-12-12 14:20:25 [8908] WARN  mqtt_parser.c:1339: PT100_Logger78421CCD2218 offline!
2025-12-12 14:20:25 [8908] WARN  broker_tcp.c:974: tcptran_pipe_recv_cb: recv_error rv: 139

2025-12-12 14:20:34 [8908] WARN  mqtt_parser.c:1335: PT100_Logger78421CCD2218 online!
2025-12-12 14:21:09 [8908] WARN  nmq_mqtt.c:245: Warning: close pipe & kick client due to KeepAlive timeout!
2025-12-12 14:21:09 [8908] WARN  nmq_mqtt.c:986: PT100_Logger78421CCD2218 pipe close!
2025-12-12 14:21:09 [8908] WARN  broker_tcp.c:683: nni aio recv error!! Object closed

2025-12-12 14:21:09 [8908] WARN  mqtt_parser.c:1339: PT100_Logger78421CCD2218 offline!
2025-12-12 14:21:09 [8908] WARN  broker_tcp.c:974: tcptran_pipe_recv_cb: recv_error rv: 139

2025-12-12 14:21:19 [8908] WARN  mqtt_parser.c:1335: PT100_Logger78421CCD2218 online!
2025-12-12 14:21:54 [8908] WARN  nmq_mqtt.c:245: Warning: close pipe & kick client due to KeepAlive timeout!
2025-12-12 14:21:54 [8908] WARN  nmq_mqtt.c:986: PT100_Logger78421CCD2218 pipe close!
2025-12-12 14:21:54 [8908] WARN  broker_tcp.c:683: nni aio recv error!! Object closed

2025-12-12 14:21:54 [8908] WARN  broker_tcp.c:974: tcptran_pipe_recv_cb: recv_error rv: 139

2025-12-12 14:21:54 [8908] WARN  mqtt_parser.c:1339: PT100_Logger78421CCD2218 offline!
2025-12-12 14:22:03 [8908] WARN  mqtt_parser.c:1335: PT100_Logger78421CCD2218 online!
2025-12-12 14:22:38 [8908] WARN  nmq_mqtt.c:245: Warning: close pipe & kick client due to KeepAlive timeout!
2025-12-12 14:22:38 [8908] WARN  nmq_mqtt.c:986: PT100_Logger78421CCD2218 pipe close!
2025-12-12 14:22:38 [8908] WARN  broker_tcp.c:683: nni aio recv error!! Object closed

2025-12-12 14:22:38 [8908] WARN  mqtt_parser.c:1339: PT100_Logger78421CCD2218 offline!
2025-12-12 14:22:38 [8908] WARN  broker_tcp.c:974: tcptran_pipe_recv_cb: recv_error rv: 139

2025-12-12 14:22:47 [8908] WARN  mqtt_parser.c:1335: PT100_Logger78421CCD2218 online!
2025-12-12 14:22:53 [8908] WARN  nmq_websocket.c:160:  recv aio error Object closed
2025-12-12 14:22:53 [8908] WARN  nmq_mqtt.c:986: nanomq-c0885d0f pipe close!
2025-12-12 14:22:53 [8908] WARN  mqtt_parser.c:1339: nanomq-c0885d0f offline!
2025-12-12 14:22:53 [8908] WARN  mqtt_parser.c:1335: nanomq-6d404934 online!
2025-12-12 14:23:22 [8908] WARN  nmq_mqtt.c:245: Warning: close pipe & kick client due to KeepAlive timeout!
2025-12-12 14:23:22 [8908] WARN  broker_tcp.c:683: nni aio recv error!! Object closed

2025-12-12 14:23:22 [8908] WARN  nmq_mqtt.c:986: PT100_Logger78421CCD2218 pipe close!
2025-12-12 14:23:22 [8908] WARN  broker_tcp.c:974: tcptran_pipe_recv_cb: recv_error rv: 139

2025-12-12 14:23:22 [8908] WARN  mqtt_parser.c:1339: PT100_Logger78421CCD2218 offline!
2025-12-12 14:23:32 [8908] WARN  mqtt_parser.c:1335: PT100_Logger78421CCD2218 online!
2025-12-12 14:24:07 [8908] WARN  nmq_mqtt.c:245: Warning: close pipe & kick client due to KeepAlive timeout!
2025-12-12 14:24:07 [8908] WARN  broker_tcp.c:683: nni aio recv error!! Object closed

2025-12-12 14:24:07 [8908] WARN  nmq_mqtt.c:986: PT100_Logger78421CCD2218 pipe close!
2025-12-12 14:24:07 [8908] WARN  broker_tcp.c:974: tcptran_pipe_recv_cb: recv_error rv: 139

2025-12-12 14:24:07 [8908] WARN  mqtt_parser.c:1339: PT100_Logger78421CCD2218 offline!
2025-12-12 14:24:16 [8908] WARN  mqtt_parser.c:1335: PT100_Logger78421CCD2218 online!
2025-12-12 14:24:28 [8908] WARN  nmq_mqtt.c:245: Warning: close pipe & kick client due to KeepAlive timeout!
2025-12-12 14:24:28 [8908] WARN  nmq_mqtt.c:986: nanomq-6d404934 pipe close!
2025-12-12 14:24:28 [8908] WARN  nmq_websocket.c:160:  recv aio error Object closed
2025-12-12 14:24:28 [8908] WARN  mqtt_parser.c:1339: nanomq-6d404934 offline!
2025-12-12 14:24:51 [8908] WARN  nmq_mqtt.c:245: Warning: close pipe & kick client due to KeepAlive timeout!
2025-12-12 14:24:51 [8908] WARN  nmq_mqtt.c:986: PT100_Logger78421CCD2218 pipe close!
2025-12-12 14:24:51 [8908] WARN  broker_tcp.c:683: nni aio recv error!! Object closed

2025-12-12 14:24:51 [8908] WARN  mqtt_parser.c:1339: PT100_Logger78421CCD2218 offline!
2025-12-12 14:24:51 [8908] WARN  broker_tcp.c:974: tcptran_pipe_recv_cb: recv_error rv: 139

2025-12-12 14:25:00 [8908] WARN  mqtt_parser.c:1335: PT100_Logger78421CCD2218 online!
2025-12-12 14:25:35 [8908] WARN  nmq_mqtt.c:245: Warning: close pipe & kick client due to KeepAlive timeout!
2025-12-12 14:25:35 [8908] WARN  nmq_mqtt.c:986: PT100_Logger78421CCD2218 pipe close!
2025-12-12 14:25:35 [8908] WARN  broker_tcp.c:683: nni aio recv error!! Object closed

2025-12-12 14:25:35 [8908] WARN  mqtt_parser.c:1339: PT100_Logger78421CCD2218 offline!
2025-12-12 14:25:35 [8908] WARN  broker_tcp.c:974: tcptran_pipe_recv_cb: recv_error rv: 139

2025-12-12 14:25:45 [8908] WARN  mqtt_parser.c:1335: PT100_Logger78421CCD2218 online!
2025-12-12 14:26:20 [8908] WARN  nmq_mqtt.c:245: Warning: close pipe & kick client due to KeepAlive timeout!
2025-12-12 14:26:20 [8908] WARN  nmq_mqtt.c:986: PT100_Logger78421CCD2218 pipe close!
2025-12-12 14:26:20 [8908] WARN  broker_tcp.c:683: nni aio recv error!! Object closed

2025-12-12 14:26:20 [8908] WARN  mqtt_parser.c:1339: PT100_Logger78421CCD2218 offline!
2025-12-12 14:26:20 [8908] WARN  broker_tcp.c:974: tcptran_pipe_recv_cb: recv_error rv: 139

2025-12-12 14:26:29 [8908] WARN  mqtt_parser.c:1335: PT100_Logger78421CCD2218 online!
2025-12-12 14:27:04 [8908] WARN  nmq_mqtt.c:245: Warning: close pipe & kick client due to KeepAlive timeout!
2025-12-12 14:27:04 [8908] WARN  broker_tcp.c:683: nni aio recv error!! Object closed

2025-12-12 14:27:04 [8908] WARN  nmq_mqtt.c:986: PT100_Logger78421CCD2218 pipe close!
2025-12-12 14:27:04 [8908] WARN  broker_tcp.c:974: tcptran_pipe_recv_cb: recv_error rv: 139

2025-12-12 14:27:04 [8908] WARN  mqtt_parser.c:1339: PT100_Logger78421CCD2218 offline!
2025-12-12 14:27:13 [8908] WARN  mqtt_parser.c:1335: PT100_Logger78421CCD2218 online!
2025-12-12 14:27:48 [8908] WARN  nmq_mqtt.c:245: Warning: close pipe & kick client due to KeepAlive timeout!
2025-12-12 14:27:48 [8908] WARN  nmq_mqtt.c:986: PT100_Logger78421CCD2218 pipe close!
2025-12-12 14:27:48 [8908] WARN  broker_tcp.c:683: nni aio recv error!! Object closed

2025-12-12 14:27:48 [8908] WARN  broker_tcp.c:974: tcptran_pipe_recv_cb: recv_error rv: 139

2025-12-12 14:27:48 [8908] WARN  mqtt_parser.c:1339: PT100_Logger78421CCD2218 offline!
2025-12-12 14:27:57 [8908] WARN  mqtt_parser.c:1335: PT100_Logger78421CCD2218 online!
2025-12-12 14:28:32 [8908] WARN  nmq_mqtt.c:245: Warning: close pipe & kick client due to KeepAlive timeout!
2025-12-12 14:28:32 [8908] WARN  nmq_mqtt.c:986: PT100_Logger78421CCD2218 pipe close!
2025-12-12 14:28:32 [8908] WARN  broker_tcp.c:683: nni aio recv error!! Object closed

2025-12-12 14:28:32 [8908] WARN  mqtt_parser.c:1339: PT100_Logger78421CCD2218 offline!
2025-12-12 14:28:32 [8908] WARN  broker_tcp.c:974: tcptran_pipe_recv_cb: recv_error rv: 139

2025-12-12 14:28:41 [8908] WARN  mqtt_parser.c:1335: PT100_Logger78421CCD2218 online!
2025-12-12 14:29:16 [8908] WARN  nmq_mqtt.c:245: Warning: close pipe & kick client due to KeepAlive timeout!
2025-12-12 14:29:16 [8908] WARN  nmq_mqtt.c:986: PT100_Logger78421CCD2218 pipe close!
2025-12-12 14:29:16 [8908] WARN  mqtt_parser.c:1339: PT100_Logger78421CCD2218 offline!
2025-12-12 14:29:16 [8908] WARN  broker_tcp.c:683: nni aio recv error!! Object closed

2025-12-12 14:29:16 [8908] WARN  broker_tcp.c:974: tcptran_pipe_recv_cb: recv_error rv: 139

2025-12-12 14:29:26 [8908] WARN  mqtt_parser.c:1335: PT100_Logger78421CCD2218 online!
2025-12-12 14:30:01 [8908] WARN  nmq_mqtt.c:245: Warning: close pipe & kick client due to KeepAlive timeout!
2025-12-12 14:30:01 [8908] WARN  broker_tcp.c:683: nni aio recv error!! Object closed

2025-12-12 14:30:01 [8908] WARN  nmq_mqtt.c:986: PT100_Logger78421CCD2218 pipe close!
2025-12-12 14:30:01 [8908] WARN  broker_tcp.c:974: tcptran_pipe_recv_cb: recv_error rv: 139

2025-12-12 14:30:01 [8908] WARN  mqtt_parser.c:1339: PT100_Logger78421CCD2218 offline!
2025-12-12 14:30:10 [8908] WARN  mqtt_parser.c:1335: PT100_Logger78421CCD2218 online!
2025-12-12 14:30:45 [8908] WARN  nmq_mqtt.c:245: Warning: close pipe & kick client due to KeepAlive timeout!
2025-12-12 14:30:45 [8908] WARN  nmq_mqtt.c:986: PT100_Logger78421CCD2218 pipe close!
2025-12-12 14:30:45 [8908] WARN  broker_tcp.c:683: nni aio recv error!! Object closed

2025-12-12 14:30:45 [8908] WARN  broker_tcp.c:974: tcptran_pipe_recv_cb: recv_error rv: 139

2025-12-12 14:30:45 [8908] WARN  mqtt_parser.c:1339: PT100_Logger78421CCD2218 offline!
2025-12-12 14:30:54 [8908] WARN  mqtt_parser.c:1335: PT100_Logger78421CCD2218 online!
2025-12-12 14:31:29 [8908] WARN  nmq_mqtt.c:245: Warning: close pipe & kick client due to KeepAlive timeout!
2025-12-12 14:31:29 [8908] WARN  nmq_mqtt.c:986: PT100_Logger78421CCD2218 pipe close!
2025-12-12 14:31:29 [8908] WARN  broker_tcp.c:683: nni aio recv error!! Object closed

2025-12-12 14:31:29 [8908] WARN  broker_tcp.c:974: tcptran_pipe_recv_cb: recv_error rv: 139

2025-12-12 14:31:29 [8908] WARN  mqtt_parser.c:1339: PT100_Logger78421CCD2218 offline!
2025-12-12 14:31:39 [8908] WARN  mqtt_parser.c:1335: PT100_Logger78421CCD2218 online!
2025-12-12 14:32:14 [8908] WARN  nmq_mqtt.c:245: Warning: close pipe & kick client due to KeepAlive timeout!
2025-12-12 14:32:14 [8908] WARN  nmq_mqtt.c:986: PT100_Logger78421CCD2218 pipe close!
2025-12-12 14:32:14 [8908] WARN  broker_tcp.c:683: nni aio recv error!! Object closed

2025-12-12 14:32:14 [8908] WARN  mqtt_parser.c:1339: PT100_Logger78421CCD2218 offline!
2025-12-12 14:32:14 [8908] WARN  broker_tcp.c:974: tcptran_pipe_recv_cb: recv_error rv: 139

2025-12-12 14:32:23 [8908] WARN  mqtt_parser.c:1335: PT100_Logger78421CCD2218 online!
2025-12-12 14:32:58 [8908] WARN  nmq_mqtt.c:245: Warning: close pipe & kick client due to KeepAlive timeout!
2025-12-12 14:32:58 [8908] WARN  nmq_mqtt.c:986: PT100_Logger78421CCD2218 pipe close!
2025-12-12 14:32:58 [8908] WARN  broker_tcp.c:683: nni aio recv error!! Object closed

2025-12-12 14:32:58 [8908] WARN  mqtt_parser.c:1339: PT100_Logger78421CCD2218 offline!
2025-12-12 14:32:58 [8908] WARN  broker_tcp.c:974: tcptran_pipe_recv_cb: recv_error rv: 139

2025-12-12 14:33:07 [8908] WARN  mqtt_parser.c:1335: PT100_Logger78421CCD2218 online!
2025-12-12 14:33:42 [8908] WARN  nmq_mqtt.c:245: Warning: close pipe & kick client due to KeepAlive timeout!
2025-12-12 14:33:42 [8908] WARN  nmq_mqtt.c:986: PT100_Logger78421CCD2218 pipe close!
2025-12-12 14:33:42 [8908] WARN  broker_tcp.c:683: nni aio recv error!! Object closed

2025-12-12 14:33:42 [8908] WARN  broker_tcp.c:974: tcptran_pipe_recv_cb: recv_error rv: 139

2025-12-12 14:33:42 [8908] WARN  mqtt_parser.c:1339: PT100_Logger78421CCD2218 offline!
2025-12-12 14:33:52 [8908] WARN  mqtt_parser.c:1335: PT100_Logger78421CCD2218 online!
2025-12-12 14:34:27 [8908] WARN  nmq_mqtt.c:245: Warning: close pipe & kick client due to KeepAlive timeout!
2025-12-12 14:34:27 [8908] WARN  broker_tcp.c:683: nni aio recv error!! Object closed

2025-12-12 14:34:27 [8908] WARN  broker_tcp.c:974: tcptran_pipe_recv_cb: recv_error rv: 139

2025-12-12 14:34:27 [8908] WARN  nmq_mqtt.c:986: PT100_Logger78421CCD2218 pipe close!
2025-12-12 14:34:27 [8908] WARN  mqtt_parser.c:1339: PT100_Logger78421CCD2218 offline!
2025-12-12 14:34:36 [8908] WARN  mqtt_parser.c:1335: PT100_Logger78421CCD2218 online!
2025-12-12 14:35:11 [8908] WARN  nmq_mqtt.c:245: Warning: close pipe & kick client due to KeepAlive timeout!
2025-12-12 14:35:11 [8908] WARN  nmq_mqtt.c:986: PT100_Logger78421CCD2218 pipe close!
2025-12-12 14:35:11 [8908] WARN  broker_tcp.c:683: nni aio recv error!! Object closed

2025-12-12 14:35:11 [8908] WARN  broker_tcp.c:974: tcptran_pipe_recv_cb: recv_error rv: 139

2025-12-12 14:35:11 [8908] WARN  mqtt_parser.c:1339: PT100_Logger78421CCD2218 offline!
2025-12-12 14:35:20 [8908] WARN  mqtt_parser.c:1335: PT100_Logger78421CCD2218 online!
2025-12-12 14:35:55 [8908] WARN  nmq_mqtt.c:245: Warning: close pipe & kick client due to KeepAlive timeout!
2025-12-12 14:35:55 [8908] WARN  nmq_mqtt.c:986: PT100_Logger78421CCD2218 pipe close!
2025-12-12 14:35:55 [8908] WARN  broker_tcp.c:683: nni aio recv error!! Object closed

2025-12-12 14:35:55 [8908] WARN  mqtt_parser.c:1339: PT100_Logger78421CCD2218 offline!
2025-12-12 14:35:55 [8908] WARN  broker_tcp.c:974: tcptran_pipe_recv_cb: recv_error rv: 139

2025-12-12 14:36:04 [8908] WARN  mqtt_parser.c:1335: PT100_Logger78421CCD2218 online!
2025-12-12 14:36:40 [8908] WARN  nmq_mqtt.c:245: Warning: close pipe & kick client due to KeepAlive timeout!
2025-12-12 14:36:40 [8908] WARN  broker_tcp.c:683: nni aio recv error!! Object closed

2025-12-12 14:36:40 [8908] WARN  broker_tcp.c:974: tcptran_pipe_recv_cb: recv_error rv: 139

2025-12-12 14:36:40 [8908] WARN  nmq_mqtt.c:986: PT100_Logger78421CCD2218 pipe close!
2025-12-12 14:36:40 [8908] WARN  mqtt_parser.c:1339: PT100_Logger78421CCD2218 offline!
2025-12-12 14:36:49 [8908] WARN  mqtt_parser.c:1335: PT100_Logger78421CCD2218 online!
2025-12-12 14:37:24 [8908] WARN  nmq_mqtt.c:245: Warning: close pipe & kick client due to KeepAlive timeout!
2025-12-12 14:37:24 [8908] WARN  nmq_mqtt.c:986: PT100_Logger78421CCD2218 pipe close!
2025-12-12 14:37:24 [8908] WARN  broker_tcp.c:683: nni aio recv error!! Object closed

2025-12-12 14:37:24 [8908] WARN  mqtt_parser.c:1339: PT100_Logger78421CCD2218 offline!
2025-12-12 14:37:24 [8908] WARN  broker_tcp.c:974: tcptran_pipe_recv_cb: recv_error rv: 139

2025-12-12 14:37:33 [8908] WARN  mqtt_parser.c:1335: PT100_Logger78421CCD2218 online!
2025-12-12 14:38:08 [8908] WARN  nmq_mqtt.c:245: Warning: close pipe & kick client due to KeepAlive timeout!
2025-12-12 14:38:08 [8908] WARN  nmq_mqtt.c:986: PT100_Logger78421CCD2218 pipe close!
2025-12-12 14:38:08 [8908] WARN  broker_tcp.c:683: nni aio recv error!! Object closed

2025-12-12 14:38:08 [8908] WARN  mqtt_parser.c:1339: PT100_Logger78421CCD2218 offline!
2025-12-12 14:38:08 [8908] WARN  broker_tcp.c:974: tcptran_pipe_recv_cb: recv_error rv: 139

2025-12-12 14:38:18 [8908] WARN  mqtt_parser.c:1335: PT100_Logger78421CCD2218 online!
2025-12-12 14:38:53 [8908] WARN  nmq_mqtt.c:245: Warning: close pipe & kick client due to KeepAlive timeout!
2025-12-12 14:38:53 [8908] WARN  nmq_mqtt.c:986: PT100_Logger78421CCD2218 pipe close!
2025-12-12 14:38:53 [8908] WARN  broker_tcp.c:683: nni aio recv error!! Object closed

2025-12-12 14:38:53 [8908] WARN  mqtt_parser.c:1339: PT100_Logger78421CCD2218 offline!
2025-12-12 14:38:53 [8908] WARN  broker_tcp.c:974: tcptran_pipe_recv_cb: recv_error rv: 139

2025-12-12 14:39:02 [8908] WARN  mqtt_parser.c:1335: PT100_Logger78421CCD2218 online!
2025-12-12 14:39:37 [8908] WARN  nmq_mqtt.c:245: Warning: close pipe & kick client due to KeepAlive timeout!
2025-12-12 14:39:37 [8908] WARN  nmq_mqtt.c:986: PT100_Logger78421CCD2218 pipe close!
2025-12-12 14:39:37 [8908] WARN  broker_tcp.c:683: nni aio recv error!! Object closed

2025-12-12 14:39:37 [8908] WARN  mqtt_parser.c:1339: PT100_Logger78421CCD2218 offline!
2025-12-12 14:39:37 [8908] WARN  broker_tcp.c:974: tcptran_pipe_recv_cb: recv_error rv: 139

2025-12-12 14:39:46 [8908] WARN  mqtt_parser.c:1335: PT100_Logger78421CCD2218 online!
2025-12-12 14:40:21 [8908] WARN  nmq_mqtt.c:245: Warning: close pipe & kick client due to KeepAlive timeout!
2025-12-12 14:40:21 [8908] WARN  broker_tcp.c:683: nni aio recv error!! Object closed

2025-12-12 14:40:21 [8908] WARN  nmq_mqtt.c:986: PT100_Logger78421CCD2218 pipe close!
2025-12-12 14:40:21 [8908] WARN  broker_tcp.c:974: tcptran_pipe_recv_cb: recv_error rv: 139

2025-12-12 14:40:21 [8908] WARN  mqtt_parser.c:1339: PT100_Logger78421CCD2218 offline!
2025-12-12 14:40:31 [8908] WARN  mqtt_parser.c:1335: PT100_Logger78421CCD2218 online!
2025-12-12 14:41:06 [8908] WARN  nmq_mqtt.c:245: Warning: close pipe & kick client due to KeepAlive timeout!
2025-12-12 14:41:06 [8908] WARN  nmq_mqtt.c:986: PT100_Logger78421CCD2218 pipe close!
2025-12-12 14:41:06 [8908] WARN  broker_tcp.c:683: nni aio recv error!! Object closed

2025-12-12 14:41:06 [8908] WARN  mqtt_parser.c:1339: PT100_Logger78421CCD2218 offline!
2025-12-12 14:41:06 [8908] WARN  broker_tcp.c:974: tcptran_pipe_recv_cb: recv_error rv: 139

2025-12-12 14:41:15 [8908] WARN  mqtt_parser.c:1335: PT100_Logger78421CCD2218 online!
2025-12-12 14:41:50 [8908] WARN  nmq_mqtt.c:245: Warning: close pipe & kick client due to KeepAlive timeout!
2025-12-12 14:41:50 [8908] WARN  nmq_mqtt.c:986: PT100_Logger78421CCD2218 pipe close!
2025-12-12 14:41:50 [8908] WARN  broker_tcp.c:683: nni aio recv error!! Object closed

2025-12-12 14:41:50 [8908] WARN  broker_tcp.c:974: tcptran_pipe_recv_cb: recv_error rv: 139

2025-12-12 14:41:50 [8908] WARN  mqtt_parser.c:1339: PT100_Logger78421CCD2218 offline!
2025-12-12 14:41:59 [8908] WARN  mqtt_parser.c:1335: PT100_Logger78421CCD2218 online!
2025-12-12 14:42:34 [8908] WARN  nmq_mqtt.c:245: Warning: close pipe & kick client due to KeepAlive timeout!
2025-12-12 14:42:34 [8908] WARN  nmq_mqtt.c:986: PT100_Logger78421CCD2218 pipe close!
2025-12-12 14:42:34 [8908] WARN  broker_tcp.c:683: nni aio recv error!! Object closed

2025-12-12 14:42:34 [8908] WARN  mqtt_parser.c:1339: PT100_Logger78421CCD2218 offline!
2025-12-12 14:42:34 [8908] WARN  broker_tcp.c:974: tcptran_pipe_recv_cb: recv_error rv: 139

2025-12-12 14:42:43 [8908] WARN  mqtt_parser.c:1335: PT100_Logger78421CCD2218 online!
2025-12-12 14:43:18 [8908] WARN  nmq_mqtt.c:245: Warning: close pipe & kick client due to KeepAlive timeout!
2025-12-12 14:43:18 [8908] WARN  nmq_mqtt.c:986: PT100_Logger78421CCD2218 pipe close!
2025-12-12 14:43:18 [8908] WARN  broker_tcp.c:683: nni aio recv error!! Object closed

2025-12-12 14:43:18 [8908] WARN  mqtt_parser.c:1339: PT100_Logger78421CCD2218 offline!
2025-12-12 14:43:18 [8908] WARN  broker_tcp.c:974: tcptran_pipe_recv_cb: recv_error rv: 139

2025-12-12 14:43:28 [8908] WARN  mqtt_parser.c:1335: PT100_Logger78421CCD2218 online!
2025-12-12 14:44:03 [8908] WARN  nmq_mqtt.c:245: Warning: close pipe & kick client due to KeepAlive timeout!
2025-12-12 14:44:03 [8908] WARN  nmq_mqtt.c:986: PT100_Logger78421CCD2218 pipe close!
2025-12-12 14:44:03 [8908] WARN  broker_tcp.c:683: nni aio recv error!! Object closed

2025-12-12 14:44:03 [8908] WARN  mqtt_parser.c:1339: PT100_Logger78421CCD2218 offline!
2025-12-12 14:44:03 [8908] WARN  broker_tcp.c:974: tcptran_pipe_recv_cb: recv_error rv: 139

2025-12-12 14:44:12 [8908] WARN  mqtt_parser.c:1335: PT100_Logger78421CCD2218 online!
2025-12-12 14:44:47 [8908] WARN  nmq_mqtt.c:245: Warning: close pipe & kick client due to KeepAlive timeout!
2025-12-12 14:44:47 [8908] WARN  nmq_mqtt.c:986: PT100_Logger78421CCD2218 pipe close!
2025-12-12 14:44:47 [8908] WARN  broker_tcp.c:683: nni aio recv error!! Object closed

2025-12-12 14:44:47 [8908] WARN  mqtt_parser.c:1339: PT100_Logger78421CCD2218 offline!
2025-12-12 14:44:47 [8908] WARN  broker_tcp.c:974: tcptran_pipe_recv_cb: recv_error rv: 139

2025-12-12 14:44:56 [8908] WARN  mqtt_parser.c:1335: PT100_Logger78421CCD2218 online!
2025-12-12 14:45:31 [8908] WARN  nmq_mqtt.c:245: Warning: close pipe & kick client due to KeepAlive timeout!
2025-12-12 14:45:31 [8908] WARN  broker_tcp.c:683: nni aio recv error!! Object closed

2025-12-12 14:45:31 [8908] WARN  nmq_mqtt.c:986: PT100_Logger78421CCD2218 pipe close!
2025-12-12 14:45:31 [8908] WARN  broker_tcp.c:974: tcptran_pipe_recv_cb: recv_error rv: 139

2025-12-12 14:45:31 [8908] WARN  mqtt_parser.c:1339: PT100_Logger78421CCD2218 offline!
2025-12-12 14:45:41 [8908] WARN  mqtt_parser.c:1335: PT100_Logger78421CCD2218 online!
2025-12-12 14:46:16 [8908] WARN  nmq_mqtt.c:245: Warning: close pipe & kick client due to KeepAlive timeout!
2025-12-12 14:46:16 [8908] WARN  nmq_mqtt.c:986: PT100_Logger78421CCD2218 pipe close!
2025-12-12 14:46:16 [8908] WARN  broker_tcp.c:683: nni aio recv error!! Object closed

2025-12-12 14:46:16 [8908] WARN  mqtt_parser.c:1339: PT100_Logger78421CCD2218 offline!
2025-12-12 14:46:16 [8908] WARN  broker_tcp.c:974: tcptran_pipe_recv_cb: recv_error rv: 139

2025-12-12 14:46:25 [8908] WARN  mqtt_parser.c:1335: PT100_Logger78421CCD2218 online!
2025-12-12 14:47:00 [8908] WARN  nmq_mqtt.c:245: Warning: close pipe & kick client due to KeepAlive timeout!
2025-12-12 14:47:00 [8908] WARN  nmq_mqtt.c:986: PT100_Logger78421CCD2218 pipe close!
2025-12-12 14:47:00 [8908] WARN  broker_tcp.c:683: nni aio recv error!! Object closed

2025-12-12 14:47:00 [8908] WARN  mqtt_parser.c:1339: PT100_Logger78421CCD2218 offline!
2025-12-12 14:47:00 [8908] WARN  broker_tcp.c:974: tcptran_pipe_recv_cb: recv_error rv: 139

2025-12-12 14:47:09 [8908] WARN  mqtt_parser.c:1335: PT100_Logger78421CCD2218 online!
2025-12-12 14:47:45 [8908] WARN  nmq_mqtt.c:245: Warning: close pipe & kick client due to KeepAlive timeout!
2025-12-12 14:47:45 [8908] WARN  nmq_mqtt.c:986: PT100_Logger78421CCD2218 pipe close!
2025-12-12 14:47:45 [8908] WARN  broker_tcp.c:683: nni aio recv error!! Object closed

2025-12-12 14:47:45 [8908] WARN  mqtt_parser.c:1339: PT100_Logger78421CCD2218 offline!
2025-12-12 14:47:45 [8908] WARN  broker_tcp.c:974: tcptran_pipe_recv_cb: recv_error rv: 139

2025-12-12 14:47:53 [8908] WARN  mqtt_parser.c:1335: PT100_Logger78421CCD2218 online!
2025-12-12 14:48:29 [8908] WARN  nmq_mqtt.c:245: Warning: close pipe & kick client due to KeepAlive timeout!
2025-12-12 14:48:29 [8908] WARN  nmq_mqtt.c:986: PT100_Logger78421CCD2218 pipe close!
2025-12-12 14:48:29 [8908] WARN  broker_tcp.c:683: nni aio recv error!! Object closed

2025-12-12 14:48:29 [8908] WARN  mqtt_parser.c:1339: PT100_Logger78421CCD2218 offline!
2025-12-12 14:48:29 [8908] WARN  broker_tcp.c:974: tcptran_pipe_recv_cb: recv_error rv: 139

2025-12-12 14:48:38 [8908] WARN  mqtt_parser.c:1335: PT100_Logger78421CCD2218 online!
2025-12-12 14:49:13 [8908] WARN  nmq_mqtt.c:245: Warning: close pipe & kick client due to KeepAlive timeout!
2025-12-12 14:49:13 [8908] WARN  nmq_mqtt.c:986: PT100_Logger78421CCD2218 pipe close!
2025-12-12 14:49:13 [8908] WARN  broker_tcp.c:683: nni aio recv error!! Object closed

2025-12-12 14:49:13 [8908] WARN  mqtt_parser.c:1339: PT100_Logger78421CCD2218 offline!
2025-12-12 14:49:13 [8908] WARN  broker_tcp.c:974: tcptran_pipe_recv_cb: recv_error rv: 139

2025-12-12 14:49:22 [8908] WARN  mqtt_parser.c:1335: PT100_Logger78421CCD2218 online!
2025-12-12 14:49:57 [8908] WARN  nmq_mqtt.c:245: Warning: close pipe & kick client due to KeepAlive timeout!
2025-12-12 14:49:57 [8908] WARN  nmq_mqtt.c:986: PT100_Logger78421CCD2218 pipe close!
2025-12-12 14:49:57 [8908] WARN  broker_tcp.c:683: nni aio recv error!! Object closed

2025-12-12 14:49:57 [8908] WARN  mqtt_parser.c:1339: PT100_Logger78421CCD2218 offline!
2025-12-12 14:49:57 [8908] WARN  broker_tcp.c:974: tcptran_pipe_recv_cb: recv_error rv: 139

2025-12-12 14:50:06 [8908] WARN  mqtt_parser.c:1335: PT100_Logger78421CCD2218 online!
2025-12-12 14:50:41 [8908] WARN  nmq_mqtt.c:245: Warning: close pipe & kick client due to KeepAlive timeout!
2025-12-12 14:50:41 [8908] WARN  nmq_mqtt.c:986: PT100_Logger78421CCD2218 pipe close!
2025-12-12 14:50:41 [8908] WARN  broker_tcp.c:683: nni aio recv error!! Object closed

2025-12-12 14:50:41 [8908] WARN  mqtt_parser.c:1339: PT100_Logger78421CCD2218 offline!
2025-12-12 14:50:41 [8908] WARN  broker_tcp.c:974: tcptran_pipe_recv_cb: recv_error rv: 139

2025-12-12 14:50:51 [8908] WARN  mqtt_parser.c:1335: PT100_Logger78421CCD2218 online!
2025-12-12 14:51:26 [8908] WARN  nmq_mqtt.c:245: Warning: close pipe & kick client due to KeepAlive timeout!
2025-12-12 14:51:26 [8908] WARN  broker_tcp.c:683: nni aio recv error!! Object closed

2025-12-12 14:51:26 [8908] WARN  nmq_mqtt.c:986: PT100_Logger78421CCD2218 pipe close!
2025-12-12 14:51:26 [8908] WARN  broker_tcp.c:974: tcptran_pipe_recv_cb: recv_error rv: 139

2025-12-12 14:51:26 [8908] WARN  mqtt_parser.c:1339: PT100_Logger78421CCD2218 offline!
2025-12-12 14:51:35 [8908] WARN  mqtt_parser.c:1335: PT100_Logger78421CCD2218 online!
2025-12-12 14:52:10 [8908] WARN  nmq_mqtt.c:245: Warning: close pipe & kick client due to KeepAlive timeout!
2025-12-12 14:52:10 [8908] WARN  nmq_mqtt.c:986: PT100_Logger78421CCD2218 pipe close!
2025-12-12 14:52:10 [8908] WARN  broker_tcp.c:683: nni aio recv error!! Object closed

2025-12-12 14:52:10 [8908] WARN  mqtt_parser.c:1339: PT100_Logger78421CCD2218 offline!
2025-12-12 14:52:10 [8908] WARN  broker_tcp.c:974: tcptran_pipe_recv_cb: recv_error rv: 139

2025-12-12 14:52:19 [8908] WARN  mqtt_parser.c:1335: PT100_Logger78421CCD2218 online!
2025-12-12 14:52:54 [8908] WARN  nmq_mqtt.c:245: Warning: close pipe & kick client due to KeepAlive timeout!
2025-12-12 14:52:54 [8908] WARN  nmq_mqtt.c:986: PT100_Logger78421CCD2218 pipe close!
2025-12-12 14:52:54 [8908] WARN  broker_tcp.c:683: nni aio recv error!! Object closed

2025-12-12 14:52:54 [8908] WARN  mqtt_parser.c:1339: PT100_Logger78421CCD2218 offline!
2025-12-12 14:52:54 [8908] WARN  broker_tcp.c:974: tcptran_pipe_recv_cb: recv_error rv: 139

2025-12-12 14:53:03 [8908] WARN  mqtt_parser.c:1335: PT100_Logger78421CCD2218 online!
2025-12-12 14:53:39 [8908] WARN  nmq_mqtt.c:245: Warning: close pipe & kick client due to KeepAlive timeout!
2025-12-12 14:53:39 [8908] WARN  nmq_mqtt.c:986: PT100_Logger78421CCD2218 pipe close!
2025-12-12 14:53:39 [8908] WARN  broker_tcp.c:683: nni aio recv error!! Object closed

2025-12-12 14:53:39 [8908] WARN  mqtt_parser.c:1339: PT100_Logger78421CCD2218 offline!
2025-12-12 14:53:39 [8908] WARN  broker_tcp.c:974: tcptran_pipe_recv_cb: recv_error rv: 139

2025-12-12 14:53:48 [8908] WARN  mqtt_parser.c:1335: PT100_Logger78421CCD2218 online!
2025-12-12 14:54:23 [8908] WARN  nmq_mqtt.c:245: Warning: close pipe & kick client due to KeepAlive timeout!
2025-12-12 14:54:23 [8908] WARN  nmq_mqtt.c:986: PT100_Logger78421CCD2218 pipe close!
2025-12-12 14:54:23 [8908] WARN  broker_tcp.c:683: nni aio recv error!! Object closed

2025-12-12 14:54:23 [8908] WARN  broker_tcp.c:974: tcptran_pipe_recv_cb: recv_error rv: 139

2025-12-12 14:54:23 [8908] WARN  mqtt_parser.c:1339: PT100_Logger78421CCD2218 offline!
2025-12-12 14:54:32 [8908] WARN  mqtt_parser.c:1335: PT100_Logger78421CCD2218 online!
2025-12-12 14:55:08 [8908] WARN  nmq_mqtt.c:245: Warning: close pipe & kick client due to KeepAlive timeout!
2025-12-12 14:55:08 [8908] WARN  nmq_mqtt.c:986: PT100_Logger78421CCD2218 pipe close!
2025-12-12 14:55:08 [8908] WARN  mqtt_parser.c:1339: PT100_Logger78421CCD2218 offline!
2025-12-12 14:55:08 [8908] WARN  broker_tcp.c:683: nni aio recv error!! Object closed

2025-12-12 14:55:08 [8908] WARN  broker_tcp.c:974: tcptran_pipe_recv_cb: recv_error rv: 139

2025-12-12 14:55:17 [8908] WARN  mqtt_parser.c:1335: PT100_Logger78421CCD2218 online!
2025-12-12 14:55:52 [8908] WARN  nmq_mqtt.c:245: Warning: close pipe & kick client due to KeepAlive timeout!
2025-12-12 14:55:52 [8908] WARN  nmq_mqtt.c:986: PT100_Logger78421CCD2218 pipe close!
2025-12-12 14:55:52 [8908] WARN  broker_tcp.c:683: nni aio recv error!! Object closed

2025-12-12 14:55:52 [8908] WARN  mqtt_parser.c:1339: PT100_Logger78421CCD2218 offline!
2025-12-12 14:55:52 [8908] WARN  broker_tcp.c:974: tcptran_pipe_recv_cb: recv_error rv: 139

2025-12-12 14:56:01 [8908] WARN  mqtt_parser.c:1335: PT100_Logger78421CCD2218 online!
2025-12-12 14:56:36 [8908] WARN  nmq_mqtt.c:245: Warning: close pipe & kick client due to KeepAlive timeout!
2025-12-12 14:56:36 [8908] WARN  nmq_mqtt.c:986: PT100_Logger78421CCD2218 pipe close!
2025-12-12 14:56:36 [8908] WARN  broker_tcp.c:683: nni aio recv error!! Object closed

2025-12-12 14:56:36 [8908] WARN  mqtt_parser.c:1339: PT100_Logger78421CCD2218 offline!
2025-12-12 14:56:36 [8908] WARN  broker_tcp.c:974: tcptran_pipe_recv_cb: recv_error rv: 139

2025-12-12 14:56:45 [8908] WARN  mqtt_parser.c:1335: PT100_Logger78421CCD2218 online!
2025-12-12 14:57:21 [8908] WARN  nmq_mqtt.c:245: Warning: close pipe & kick client due to KeepAlive timeout!
2025-12-12 14:57:21 [8908] WARN  nmq_mqtt.c:986: PT100_Logger78421CCD2218 pipe close!
2025-12-12 14:57:21 [8908] WARN  broker_tcp.c:683: nni aio recv error!! Object closed

2025-12-12 14:57:21 [8908] WARN  mqtt_parser.c:1339: PT100_Logger78421CCD2218 offline!
2025-12-12 14:57:21 [8908] WARN  broker_tcp.c:974: tcptran_pipe_recv_cb: recv_error rv: 139

2025-12-12 14:57:28 [8908] WARN  mqtt_parser.c:1335: mqtt-explorer-8f78055a online!
2025-12-12 14:57:30 [8908] WARN  mqtt_parser.c:1335: PT100_Logger78421CCD2218 online!
2025-12-12 14:57:36 [8908] WARN  mqtt_parser.c:1335: nanomq-1a8117e8 online!
2025-12-12 14:58:05 [8908] WARN  nmq_mqtt.c:245: Warning: close pipe & kick client due to KeepAlive timeout!
2025-12-12 14:58:05 [8908] WARN  nmq_mqtt.c:986: PT100_Logger78421CCD2218 pipe close!
2025-12-12 14:58:05 [8908] WARN  broker_tcp.c:683: nni aio recv error!! Object closed

2025-12-12 14:58:05 [8908] WARN  mqtt_parser.c:1339: PT100_Logger78421CCD2218 offline!
2025-12-12 14:58:05 [8908] WARN  broker_tcp.c:974: tcptran_pipe_recv_cb: recv_error rv: 139

2025-12-12 14:58:14 [8908] WARN  mqtt_parser.c:1335: PT100_Logger78421CCD2218 online!
2025-12-12 14:58:47 [8908] WARN  broker_tcp.c:683: nni aio recv error!! Unknown error #121

2025-12-12 14:58:47 [8908] WARN  broker_tcp.c:974: tcptran_pipe_recv_cb: recv_error rv: 128

2025-12-12 14:58:47 [8908] WARN  nmq_mqtt.c:986: PT100_Logger78421CCD2218 pipe close!
2025-12-12 14:58:47 [8908] WARN  mqtt_parser.c:1339: PT100_Logger78421CCD2218 offline!
2025-12-12 14:58:59 [8908] WARN  mqtt_parser.c:1335: PT100_Logger78421CCD2218 online!
2025-12-12 14:59:34 [8908] WARN  nmq_mqtt.c:245: Warning: close pipe & kick client due to KeepAlive timeout!
2025-12-12 14:59:34 [8908] WARN  nmq_mqtt.c:986: PT100_Logger78421CCD2218 pipe close!
2025-12-12 14:59:34 [8908] WARN  broker_tcp.c:683: nni aio recv error!! Object closed

2025-12-12 14:59:34 [8908] WARN  mqtt_parser.c:1339: PT100_Logger78421CCD2218 offline!
2025-12-12 14:59:34 [8908] WARN  broker_tcp.c:974: tcptran_pipe_recv_cb: recv_error rv: 139

2025-12-12 14:59:43 [8908] WARN  mqtt_parser.c:1335: PT100_Logger78421CCD2218 online!
2025-12-12 15:00:18 [8908] WARN  nmq_mqtt.c:245: Warning: close pipe & kick client due to KeepAlive timeout!
2025-12-12 15:00:18 [8908] WARN  nmq_mqtt.c:986: PT100_Logger78421CCD2218 pipe close!
2025-12-12 15:00:18 [8908] WARN  mqtt_parser.c:1339: PT100_Logger78421CCD2218 offline!
2025-12-12 15:00:18 [8908] WARN  broker_tcp.c:683: nni aio recv error!! Object closed

2025-12-12 15:00:18 [8908] WARN  broker_tcp.c:974: tcptran_pipe_recv_cb: recv_error rv: 139

2025-12-12 15:00:27 [8908] WARN  mqtt_parser.c:1335: PT100_Logger78421CCD2218 online!
2025-12-12 15:01:00 [8908] WARN  broker_tcp.c:683: nni aio recv error!! Unknown error #121

2025-12-12 15:01:00 [8908] WARN  broker_tcp.c:974: tcptran_pipe_recv_cb: recv_error rv: 128

2025-12-12 15:01:00 [8908] WARN  nmq_mqtt.c:986: PT100_Logger78421CCD2218 pipe close!
2025-12-12 15:01:00 [8908] WARN  mqtt_parser.c:1339: PT100_Logger78421CCD2218 offline!
2025-12-12 15:01:11 [8908] WARN  mqtt_parser.c:1335: PT100_Logger78421CCD2218 online!
2025-12-12 15:01:47 [8908] WARN  nmq_mqtt.c:245: Warning: close pipe & kick client due to KeepAlive timeout!
2025-12-12 15:01:47 [8908] WARN  nmq_mqtt.c:986: PT100_Logger78421CCD2218 pipe close!
2025-12-12 15:01:47 [8908] WARN  broker_tcp.c:683: nni aio recv error!! Object closed

2025-12-12 15:01:47 [8908] WARN  mqtt_parser.c:1339: PT100_Logger78421CCD2218 offline!
2025-12-12 15:01:47 [8908] WARN  broker_tcp.c:974: tcptran_pipe_recv_cb: recv_error rv: 139

2025-12-12 15:01:56 [8908] WARN  mqtt_parser.c:1335: PT100_Logger78421CCD2218 online!
2025-12-12 15:02:31 [8908] WARN  nmq_mqtt.c:245: Warning: close pipe & kick client due to KeepAlive timeout!
2025-12-12 15:02:31 [8908] WARN  nmq_mqtt.c:986: PT100_Logger78421CCD2218 pipe close!
2025-12-12 15:02:31 [8908] WARN  broker_tcp.c:683: nni aio recv error!! Object closed

2025-12-12 15:02:31 [8908] WARN  mqtt_parser.c:1339: PT100_Logger78421CCD2218 offline!
2025-12-12 15:02:31 [8908] WARN  broker_tcp.c:974: tcptran_pipe_recv_cb: recv_error rv: 139

2025-12-12 15:02:40 [8908] WARN  mqtt_parser.c:1335: PT100_Logger78421CCD2218 online!
2025-12-12 15:03:10 [8908] WARN  broker_tcp.c:683: nni aio recv error!! Unknown error #121

2025-12-12 15:03:10 [8908] WARN  broker_tcp.c:974: tcptran_pipe_recv_cb: recv_error rv: 128

2025-12-12 15:03:10 [8908] WARN  nmq_mqtt.c:986: PT100_Logger78421CCD2218 pipe close!
2025-12-12 15:03:10 [8908] WARN  mqtt_parser.c:1339: PT100_Logger78421CCD2218 offline!
2025-12-12 15:03:25 [8908] WARN  mqtt_parser.c:1335: PT100_Logger78421CCD2218 online!
2025-12-12 15:04:00 [8908] WARN  nmq_mqtt.c:245: Warning: close pipe & kick client due to KeepAlive timeout!
2025-12-12 15:04:00 [8908] WARN  nmq_mqtt.c:986: PT100_Logger78421CCD2218 pipe close!
2025-12-12 15:04:00 [8908] WARN  broker_tcp.c:683: nni aio recv error!! Object closed

2025-12-12 15:04:00 [8908] WARN  mqtt_parser.c:1339: PT100_Logger78421CCD2218 offline!
2025-12-12 15:04:00 [8908] WARN  broker_tcp.c:974: tcptran_pipe_recv_cb: recv_error rv: 139

2025-12-12 15:04:09 [8908] WARN  mqtt_parser.c:1335: PT100_Logger78421CCD2218 online!
2025-12-12 15:04:38 [8908] WARN  broker_tcp.c:683: nni aio recv error!! Unknown error #121

2025-12-12 15:04:38 [8908] WARN  broker_tcp.c:974: tcptran_pipe_recv_cb: recv_error rv: 128

2025-12-12 15:04:38 [8908] WARN  nmq_mqtt.c:986: PT100_Logger78421CCD2218 pipe close!
2025-12-12 15:04:38 [8908] WARN  mqtt_parser.c:1339: PT100_Logger78421CCD2218 offline!
2025-12-12 15:04:53 [8908] WARN  mqtt_parser.c:1335: PT100_Logger78421CCD2218 online!
2025-12-12 15:05:23 [8908] WARN  broker_tcp.c:683: nni aio recv error!! Unknown error #121

2025-12-12 15:05:23 [8908] WARN  broker_tcp.c:974: tcptran_pipe_recv_cb: recv_error rv: 128

2025-12-12 15:05:23 [8908] WARN  nmq_mqtt.c:986: PT100_Logger78421CCD2218 pipe close!
2025-12-12 15:05:23 [8908] WARN  mqtt_parser.c:1339: PT100_Logger78421CCD2218 offline!
2025-12-12 15:05:38 [8908] WARN  mqtt_parser.c:1335: PT100_Logger78421CCD2218 online!
2025-12-12 15:06:13 [8908] WARN  nmq_mqtt.c:245: Warning: close pipe & kick client due to KeepAlive timeout!
2025-12-12 15:06:13 [8908] WARN  nmq_mqtt.c:986: PT100_Logger78421CCD2218 pipe close!
2025-12-12 15:06:13 [8908] WARN  broker_tcp.c:683: nni aio recv error!! Object closed

2025-12-12 15:06:13 [8908] WARN  mqtt_parser.c:1339: PT100_Logger78421CCD2218 offline!
2025-12-12 15:06:13 [8908] WARN  broker_tcp.c:974: tcptran_pipe_recv_cb: recv_error rv: 139

2025-12-12 15:06:22 [8908] WARN  mqtt_parser.c:1335: PT100_Logger78421CCD2218 online!
2025-12-12 15:06:57 [8908] WARN  nmq_mqtt.c:245: Warning: close pipe & kick client due to KeepAlive timeout!
2025-12-12 15:06:57 [8908] WARN  nmq_mqtt.c:986: PT100_Logger78421CCD2218 pipe close!
2025-12-12 15:06:57 [8908] WARN  broker_tcp.c:683: nni aio recv error!! Object closed

2025-12-12 15:06:57 [8908] WARN  mqtt_parser.c:1339: PT100_Logger78421CCD2218 offline!
2025-12-12 15:06:57 [8908] WARN  broker_tcp.c:974: tcptran_pipe_recv_cb: recv_error rv: 139

2025-12-12 15:07:07 [8908] WARN  mqtt_parser.c:1335: PT100_Logger78421CCD2218 online!
2025-12-12 15:07:42 [8908] WARN  nmq_mqtt.c:245: Warning: close pipe & kick client due to KeepAlive timeout!
2025-12-12 15:07:42 [8908] WARN  nmq_mqtt.c:986: PT100_Logger78421CCD2218 pipe close!
2025-12-12 15:07:42 [8908] WARN  broker_tcp.c:683: nni aio recv error!! Object closed

2025-12-12 15:07:42 [8908] WARN  mqtt_parser.c:1339: PT100_Logger78421CCD2218 offline!
2025-12-12 15:07:42 [8908] WARN  broker_tcp.c:974: tcptran_pipe_recv_cb: recv_error rv: 139

2025-12-12 15:07:51 [8908] WARN  mqtt_parser.c:1335: PT100_Logger78421CCD2218 online!
2025-12-12 15:08:26 [8908] WARN  nmq_mqtt.c:245: Warning: close pipe & kick client due to KeepAlive timeout!
2025-12-12 15:08:26 [8908] WARN  nmq_mqtt.c:986: PT100_Logger78421CCD2218 pipe close!
2025-12-12 15:08:26 [8908] WARN  broker_tcp.c:683: nni aio recv error!! Object closed

2025-12-12 15:08:26 [8908] WARN  mqtt_parser.c:1339: PT100_Logger78421CCD2218 offline!
2025-12-12 15:08:26 [8908] WARN  broker_tcp.c:974: tcptran_pipe_recv_cb: recv_error rv: 139

2025-12-12 15:08:35 [8908] WARN  mqtt_parser.c:1335: PT100_Logger78421CCD2218 online!
2025-12-12 15:09:10 [8908] WARN  nmq_mqtt.c:245: Warning: close pipe & kick client due to KeepAlive timeout!
2025-12-12 15:09:10 [8908] WARN  nmq_mqtt.c:986: PT100_Logger78421CCD2218 pipe close!
2025-12-12 15:09:10 [8908] WARN  broker_tcp.c:683: nni aio recv error!! Object closed

2025-12-12 15:09:10 [8908] WARN  mqtt_parser.c:1339: PT100_Logger78421CCD2218 offline!
2025-12-12 15:09:10 [8908] WARN  broker_tcp.c:974: tcptran_pipe_recv_cb: recv_error rv: 139

2025-12-12 15:09:20 [8908] WARN  mqtt_parser.c:1335: PT100_Logger78421CCD2218 online!
2025-12-12 15:09:55 [8908] WARN  nmq_mqtt.c:245: Warning: close pipe & kick client due to KeepAlive timeout!
2025-12-12 15:09:55 [8908] WARN  nmq_mqtt.c:986: PT100_Logger78421CCD2218 pipe close!
2025-12-12 15:09:55 [8908] WARN  broker_tcp.c:683: nni aio recv error!! Object closed

2025-12-12 15:09:55 [8908] WARN  broker_tcp.c:974: tcptran_pipe_recv_cb: recv_error rv: 139

2025-12-12 15:09:55 [8908] WARN  mqtt_parser.c:1339: PT100_Logger78421CCD2218 offline!
2025-12-12 15:10:04 [8908] WARN  mqtt_parser.c:1335: PT100_Logger78421CCD2218 online!
2025-12-12 15:10:39 [8908] WARN  nmq_mqtt.c:245: Warning: close pipe & kick client due to KeepAlive timeout!
2025-12-12 15:10:39 [8908] WARN  nmq_mqtt.c:986: PT100_Logger78421CCD2218 pipe close!
2025-12-12 15:10:39 [8908] WARN  broker_tcp.c:683: nni aio recv error!! Object closed

2025-12-12 15:10:39 [8908] WARN  mqtt_parser.c:1339: PT100_Logger78421CCD2218 offline!
2025-12-12 15:10:39 [8908] WARN  broker_tcp.c:974: tcptran_pipe_recv_cb: recv_error rv: 139

2025-12-12 15:10:49 [8908] WARN  mqtt_parser.c:1335: PT100_Logger78421CCD2218 online!
2025-12-12 15:11:24 [8908] WARN  nmq_mqtt.c:245: Warning: close pipe & kick client due to KeepAlive timeout!
2025-12-12 15:11:24 [8908] WARN  nmq_mqtt.c:986: PT100_Logger78421CCD2218 pipe close!
2025-12-12 15:11:24 [8908] WARN  broker_tcp.c:683: nni aio recv error!! Object closed

2025-12-12 15:11:24 [8908] WARN  mqtt_parser.c:1339: PT100_Logger78421CCD2218 offline!
2025-12-12 15:11:24 [8908] WARN  broker_tcp.c:974: tcptran_pipe_recv_cb: recv_error rv: 139

2025-12-12 15:11:33 [8908] WARN  mqtt_parser.c:1335: PT100_Logger78421CCD2218 online!
2025-12-12 15:12:08 [8908] WARN  nmq_mqtt.c:245: Warning: close pipe & kick client due to KeepAlive timeout!
2025-12-12 15:12:08 [8908] WARN  nmq_mqtt.c:986: PT100_Logger78421CCD2218 pipe close!
2025-12-12 15:12:08 [8908] WARN  broker_tcp.c:683: nni aio recv error!! Object closed

2025-12-12 15:12:08 [8908] WARN  mqtt_parser.c:1339: PT100_Logger78421CCD2218 offline!
2025-12-12 15:12:08 [8908] WARN  broker_tcp.c:974: tcptran_pipe_recv_cb: recv_error rv: 139

2025-12-12 15:12:17 [8908] WARN  mqtt_parser.c:1335: PT100_Logger78421CCD2218 online!
2025-12-12 15:12:52 [8908] WARN  nmq_mqtt.c:245: Warning: close pipe & kick client due to KeepAlive timeout!
2025-12-12 15:12:52 [8908] WARN  nmq_mqtt.c:986: PT100_Logger78421CCD2218 pipe close!
2025-12-12 15:12:52 [8908] WARN  broker_tcp.c:683: nni aio recv error!! Object closed

2025-12-12 15:12:52 [8908] WARN  broker_tcp.c:974: tcptran_pipe_recv_cb: recv_error rv: 139

2025-12-12 15:12:52 [8908] WARN  mqtt_parser.c:1339: PT100_Logger78421CCD2218 offline!
2025-12-12 15:13:02 [8908] WARN  mqtt_parser.c:1335: PT100_Logger78421CCD2218 online!
2025-12-12 15:13:37 [8908] WARN  nmq_mqtt.c:245: Warning: close pipe & kick client due to KeepAlive timeout!
2025-12-12 15:13:37 [8908] WARN  nmq_mqtt.c:986: PT100_Logger78421CCD2218 pipe close!
2025-12-12 15:13:37 [8908] WARN  mqtt_parser.c:1339: PT100_Logger78421CCD2218 offline!
2025-12-12 15:13:37 [8908] WARN  broker_tcp.c:683: nni aio recv error!! Object closed

2025-12-12 15:13:37 [8908] WARN  broker_tcp.c:974: tcptran_pipe_recv_cb: recv_error rv: 139

2025-12-12 15:13:46 [8908] WARN  mqtt_parser.c:1335: PT100_Logger78421CCD2218 online!
2025-12-12 15:13:53 [8908] WARN  nmq_websocket.c:160:  recv aio error Object closed
2025-12-12 15:13:53 [8908] WARN  nmq_mqtt.c:986: nanomq-1a8117e8 pipe close!
2025-12-12 15:13:53 [8908] WARN  mqtt_parser.c:1339: nanomq-1a8117e8 offline!
2025-12-12 15:13:53 [8908] WARN  mqtt_parser.c:1335: nanomq-6b07d085 online!
2025-12-12 15:14:21 [8908] WARN  nmq_mqtt.c:245: Warning: close pipe & kick client due to KeepAlive timeout!
2025-12-12 15:14:21 [8908] WARN  nmq_mqtt.c:986: PT100_Logger78421CCD2218 pipe close!
2025-12-12 15:14:21 [8908] WARN  broker_tcp.c:683: nni aio recv error!! Object closed

2025-12-12 15:14:21 [8908] WARN  mqtt_parser.c:1339: PT100_Logger78421CCD2218 offline!
2025-12-12 15:14:21 [8908] WARN  broker_tcp.c:974: tcptran_pipe_recv_cb: recv_error rv: 139

2025-12-12 15:14:30 [8908] WARN  mqtt_parser.c:1335: PT100_Logger78421CCD2218 online!
2025-12-12 15:15:05 [8908] WARN  nmq_mqtt.c:245: Warning: close pipe & kick client due to KeepAlive timeout!
2025-12-12 15:15:05 [8908] WARN  nmq_mqtt.c:986: PT100_Logger78421CCD2218 pipe close!
2025-12-12 15:15:05 [8908] WARN  broker_tcp.c:683: nni aio recv error!! Object closed

2025-12-12 15:15:05 [8908] WARN  mqtt_parser.c:1339: PT100_Logger78421CCD2218 offline!
2025-12-12 15:15:05 [8908] WARN  broker_tcp.c:974: tcptran_pipe_recv_cb: recv_error rv: 139

2025-12-12 15:15:15 [8908] WARN  mqtt_parser.c:1335: PT100_Logger78421CCD2218 online!
2025-12-12 15:15:28 [8908] WARN  nmq_mqtt.c:245: Warning: close pipe & kick client due to KeepAlive timeout!
2025-12-12 15:15:28 [8908] WARN  nmq_mqtt.c:986: nanomq-6b07d085 pipe close!
2025-12-12 15:15:28 [8908] WARN  nmq_websocket.c:160:  recv aio error Object closed
2025-12-12 15:15:28 [8908] WARN  mqtt_parser.c:1339: nanomq-6b07d085 offline!
2025-12-12 15:15:50 [8908] WARN  nmq_mqtt.c:245: Warning: close pipe & kick client due to KeepAlive timeout!
2025-12-12 15:15:50 [8908] WARN  nmq_mqtt.c:986: PT100_Logger78421CCD2218 pipe close!
2025-12-12 15:15:50 [8908] WARN  broker_tcp.c:683: nni aio recv error!! Object closed

2025-12-12 15:15:50 [8908] WARN  mqtt_parser.c:1339: PT100_Logger78421CCD2218 offline!
2025-12-12 15:15:50 [8908] WARN  broker_tcp.c:974: tcptran_pipe_recv_cb: recv_error rv: 139

2025-12-12 15:15:59 [8908] WARN  mqtt_parser.c:1335: PT100_Logger78421CCD2218 online!
2025-12-12 15:16:34 [8908] WARN  nmq_mqtt.c:245: Warning: close pipe & kick client due to KeepAlive timeout!
2025-12-12 15:16:34 [8908] WARN  nmq_mqtt.c:986: PT100_Logger78421CCD2218 pipe close!
2025-12-12 15:16:34 [8908] WARN  broker_tcp.c:683: nni aio recv error!! Object closed

2025-12-12 15:16:34 [8908] WARN  mqtt_parser.c:1339: PT100_Logger78421CCD2218 offline!
2025-12-12 15:16:34 [8908] WARN  broker_tcp.c:974: tcptran_pipe_recv_cb: recv_error rv: 139

2025-12-12 15:16:43 [8908] WARN  mqtt_parser.c:1335: PT100_Logger78421CCD2218 online!
2025-12-12 15:17:18 [8908] WARN  nmq_mqtt.c:245: Warning: close pipe & kick client due to KeepAlive timeout!
2025-12-12 15:17:18 [8908] WARN  broker_tcp.c:683: nni aio recv error!! Object closed

2025-12-12 15:17:18 [8908] WARN  nmq_mqtt.c:986: PT100_Logger78421CCD2218 pipe close!
2025-12-12 15:17:18 [8908] WARN  broker_tcp.c:974: tcptran_pipe_recv_cb: recv_error rv: 139

2025-12-12 15:17:18 [8908] WARN  mqtt_parser.c:1339: PT100_Logger78421CCD2218 offline!
2025-12-12 15:17:28 [8908] WARN  mqtt_parser.c:1335: PT100_Logger78421CCD2218 online!
2025-12-12 15:18:03 [8908] WARN  nmq_mqtt.c:245: Warning: close pipe & kick client due to KeepAlive timeout!
2025-12-12 15:18:03 [8908] WARN  nmq_mqtt.c:986: PT100_Logger78421CCD2218 pipe close!
2025-12-12 15:18:03 [8908] WARN  broker_tcp.c:683: nni aio recv error!! Object closed

2025-12-12 15:18:03 [8908] WARN  mqtt_parser.c:1339: PT100_Logger78421CCD2218 offline!
2025-12-12 15:18:03 [8908] WARN  broker_tcp.c:974: tcptran_pipe_recv_cb: recv_error rv: 139

2025-12-12 15:18:13 [8908] WARN  mqtt_parser.c:1335: PT100_Logger78421CCD2218 online!
2025-12-12 15:18:39 [8908] WARN  mqtt_parser.c:1335: nanomq-89fc205d online!
2025-12-12 15:18:48 [8908] WARN  nmq_mqtt.c:245: Warning: close pipe & kick client due to KeepAlive timeout!
2025-12-12 15:18:48 [8908] WARN  nmq_mqtt.c:986: PT100_Logger78421CCD2218 pipe close!
2025-12-12 15:18:48 [8908] WARN  broker_tcp.c:683: nni aio recv error!! Object closed

2025-12-12 15:18:48 [8908] WARN  mqtt_parser.c:1339: PT100_Logger78421CCD2218 offline!
2025-12-12 15:18:48 [8908] WARN  broker_tcp.c:974: tcptran_pipe_recv_cb: recv_error rv: 139

2025-12-12 15:18:57 [8908] WARN  mqtt_parser.c:1335: PT100_Logger78421CCD2218 online!
2025-12-12 15:19:32 [8908] WARN  nmq_mqtt.c:245: Warning: close pipe & kick client due to KeepAlive timeout!
2025-12-12 15:19:32 [8908] WARN  nmq_mqtt.c:986: PT100_Logger78421CCD2218 pipe close!
2025-12-12 15:19:32 [8908] WARN  broker_tcp.c:683: nni aio recv error!! Object closed

2025-12-12 15:19:32 [8908] WARN  mqtt_parser.c:1339: PT100_Logger78421CCD2218 offline!
2025-12-12 15:19:32 [8908] WARN  broker_tcp.c:974: tcptran_pipe_recv_cb: recv_error rv: 139

2025-12-12 15:19:41 [8908] WARN  mqtt_parser.c:1335: PT100_Logger78421CCD2218 online!
2025-12-12 15:20:16 [8908] WARN  nmq_mqtt.c:245: Warning: close pipe & kick client due to KeepAlive timeout!
2025-12-12 15:20:16 [8908] WARN  nmq_mqtt.c:986: PT100_Logger78421CCD2218 pipe close!
2025-12-12 15:20:16 [8908] WARN  mqtt_parser.c:1339: PT100_Logger78421CCD2218 offline!
2025-12-12 15:20:16 [8908] WARN  broker_tcp.c:683: nni aio recv error!! Object closed

2025-12-12 15:20:16 [8908] WARN  broker_tcp.c:974: tcptran_pipe_recv_cb: recv_error rv: 139

2025-12-12 15:20:26 [8908] WARN  mqtt_parser.c:1335: PT100_Logger78421CCD2218 online!
2025-12-12 15:21:01 [8908] WARN  nmq_mqtt.c:245: Warning: close pipe & kick client due to KeepAlive timeout!
2025-12-12 15:21:01 [8908] WARN  nmq_mqtt.c:986: PT100_Logger78421CCD2218 pipe close!
2025-12-12 15:21:01 [8908] WARN  broker_tcp.c:683: nni aio recv error!! Object closed

2025-12-12 15:21:01 [8908] WARN  mqtt_parser.c:1339: PT100_Logger78421CCD2218 offline!
2025-12-12 15:21:01 [8908] WARN  broker_tcp.c:974: tcptran_pipe_recv_cb: recv_error rv: 139

2025-12-12 15:21:10 [8908] WARN  mqtt_parser.c:1335: PT100_Logger78421CCD2218 online!
2025-12-12 15:21:45 [8908] WARN  nmq_mqtt.c:245: Warning: close pipe & kick client due to KeepAlive timeout!
2025-12-12 15:21:45 [8908] WARN  nmq_mqtt.c:986: PT100_Logger78421CCD2218 pipe close!
2025-12-12 15:21:45 [8908] WARN  broker_tcp.c:683: nni aio recv error!! Object closed

2025-12-12 15:21:45 [8908] WARN  mqtt_parser.c:1339: PT100_Logger78421CCD2218 offline!
2025-12-12 15:21:45 [8908] WARN  broker_tcp.c:974: tcptran_pipe_recv_cb: recv_error rv: 139

2025-12-12 15:21:54 [8908] WARN  mqtt_parser.c:1335: PT100_Logger78421CCD2218 online!
2025-12-12 15:22:29 [8908] WARN  nmq_mqtt.c:245: Warning: close pipe & kick client due to KeepAlive timeout!
2025-12-12 15:22:29 [8908] WARN  nmq_mqtt.c:986: PT100_Logger78421CCD2218 pipe close!
2025-12-12 15:22:29 [8908] WARN  broker_tcp.c:683: nni aio recv error!! Object closed

2025-12-12 15:22:29 [8908] WARN  broker_tcp.c:974: tcptran_pipe_recv_cb: recv_error rv: 139

2025-12-12 15:22:29 [8908] WARN  mqtt_parser.c:1339: PT100_Logger78421CCD2218 offline!
2025-12-12 15:22:39 [8908] WARN  mqtt_parser.c:1335: PT100_Logger78421CCD2218 online!
2025-12-12 15:23:14 [8908] WARN  nmq_mqtt.c:245: Warning: close pipe & kick client due to KeepAlive timeout!
2025-12-12 15:23:14 [8908] WARN  nmq_mqtt.c:986: PT100_Logger78421CCD2218 pipe close!
2025-12-12 15:23:14 [8908] WARN  broker_tcp.c:683: nni aio recv error!! Object closed

2025-12-12 15:23:14 [8908] WARN  mqtt_parser.c:1339: PT100_Logger78421CCD2218 offline!
2025-12-12 15:23:14 [8908] WARN  broker_tcp.c:974: tcptran_pipe_recv_cb: recv_error rv: 139

2025-12-12 15:23:23 [8908] WARN  mqtt_parser.c:1335: PT100_Logger78421CCD2218 online!
2025-12-12 15:23:58 [8908] WARN  nmq_mqtt.c:245: Warning: close pipe & kick client due to KeepAlive timeout!
2025-12-12 15:23:58 [8908] WARN  nmq_mqtt.c:986: PT100_Logger78421CCD2218 pipe close!
2025-12-12 15:23:58 [8908] WARN  broker_tcp.c:683: nni aio recv error!! Object closed

2025-12-12 15:23:58 [8908] WARN  mqtt_parser.c:1339: PT100_Logger78421CCD2218 offline!
2025-12-12 15:23:58 [8908] WARN  broker_tcp.c:974: tcptran_pipe_recv_cb: recv_error rv: 139

2025-12-12 15:24:07 [8908] WARN  mqtt_parser.c:1335: PT100_Logger78421CCD2218 online!
2025-12-12 15:24:43 [8908] WARN  nmq_mqtt.c:245: Warning: close pipe & kick client due to KeepAlive timeout!
2025-12-12 15:24:43 [8908] WARN  nmq_mqtt.c:986: PT100_Logger78421CCD2218 pipe close!
2025-12-12 15:24:43 [8908] WARN  broker_tcp.c:683: nni aio recv error!! Object closed

2025-12-12 15:24:43 [8908] WARN  mqtt_parser.c:1339: PT100_Logger78421CCD2218 offline!
2025-12-12 15:24:43 [8908] WARN  broker_tcp.c:974: tcptran_pipe_recv_cb: recv_error rv: 139

2025-12-12 15:24:52 [8908] WARN  mqtt_parser.c:1335: PT100_Logger78421CCD2218 online!
2025-12-12 15:25:21 [8908] WARN  broker_tcp.c:683: nni aio recv error!! Unknown error #121

2025-12-12 15:25:21 [8908] WARN  broker_tcp.c:974: tcptran_pipe_recv_cb: recv_error rv: 128

2025-12-12 15:25:21 [8908] WARN  nmq_mqtt.c:986: PT100_Logger78421CCD2218 pipe close!
2025-12-12 15:25:21 [8908] WARN  mqtt_parser.c:1339: PT100_Logger78421CCD2218 offline!
2025-12-12 15:25:36 [8908] WARN  mqtt_parser.c:1335: PT100_Logger78421CCD2218 online!
2025-12-12 15:26:11 [8908] WARN  nmq_mqtt.c:245: Warning: close pipe & kick client due to KeepAlive timeout!
2025-12-12 15:26:11 [8908] WARN  nmq_mqtt.c:986: PT100_Logger78421CCD2218 pipe close!
2025-12-12 15:26:11 [8908] WARN  mqtt_parser.c:1339: PT100_Logger78421CCD2218 offline!
2025-12-12 15:26:11 [8908] WARN  broker_tcp.c:683: nni aio recv error!! Object closed

2025-12-12 15:26:11 [8908] WARN  broker_tcp.c:974: tcptran_pipe_recv_cb: recv_error rv: 139

2025-12-12 15:26:20 [8908] WARN  mqtt_parser.c:1335: PT100_Logger78421CCD2218 online!
2025-12-12 15:26:55 [8908] WARN  nmq_mqtt.c:245: Warning: close pipe & kick client due to KeepAlive timeout!
2025-12-12 15:26:55 [8908] WARN  nmq_mqtt.c:986: PT100_Logger78421CCD2218 pipe close!
2025-12-12 15:26:55 [8908] WARN  broker_tcp.c:683: nni aio recv error!! Object closed

2025-12-12 15:26:55 [8908] WARN  mqtt_parser.c:1339: PT100_Logger78421CCD2218 offline!
2025-12-12 15:26:55 [8908] WARN  broker_tcp.c:974: tcptran_pipe_recv_cb: recv_error rv: 139

2025-12-12 15:27:05 [8908] WARN  mqtt_parser.c:1335: PT100_Logger78421CCD2218 online!
2025-12-12 15:27:39 [8908] WARN  broker_tcp.c:683: nni aio recv error!! Unknown error #121

2025-12-12 15:27:39 [8908] WARN  nmq_mqtt.c:986: PT100_Logger78421CCD2218 pipe close!
2025-12-12 15:27:39 [8908] WARN  broker_tcp.c:974: tcptran_pipe_recv_cb: recv_error rv: 128

2025-12-12 15:27:39 [8908] WARN  mqtt_parser.c:1339: PT100_Logger78421CCD2218 offline!
2025-12-12 15:27:49 [8908] WARN  mqtt_parser.c:1335: PT100_Logger78421CCD2218 online!
2025-12-12 15:28:24 [8908] WARN  nmq_mqtt.c:245: Warning: close pipe & kick client due to KeepAlive timeout!
2025-12-12 15:28:24 [8908] WARN  nmq_mqtt.c:986: PT100_Logger78421CCD2218 pipe close!
2025-12-12 15:28:24 [8908] WARN  broker_tcp.c:683: nni aio recv error!! Object closed

2025-12-12 15:28:24 [8908] WARN  mqtt_parser.c:1339: PT100_Logger78421CCD2218 offline!
2025-12-12 15:28:24 [8908] WARN  broker_tcp.c:974: tcptran_pipe_recv_cb: recv_error rv: 139

2025-12-12 15:28:34 [8908] WARN  mqtt_parser.c:1335: PT100_Logger78421CCD2218 online!
2025-12-12 15:29:09 [8908] WARN  nmq_mqtt.c:245: Warning: close pipe & kick client due to KeepAlive timeout!
2025-12-12 15:29:09 [8908] WARN  nmq_mqtt.c:986: PT100_Logger78421CCD2218 pipe close!
2025-12-12 15:29:09 [8908] WARN  broker_tcp.c:683: nni aio recv error!! Object closed

2025-12-12 15:29:09 [8908] WARN  mqtt_parser.c:1339: PT100_Logger78421CCD2218 offline!
2025-12-12 15:29:09 [8908] WARN  broker_tcp.c:974: tcptran_pipe_recv_cb: recv_error rv: 139

2025-12-12 15:29:18 [8908] WARN  mqtt_parser.c:1335: PT100_Logger78421CCD2218 online!
2025-12-12 15:29:53 [8908] WARN  nmq_mqtt.c:245: Warning: close pipe & kick client due to KeepAlive timeout!
2025-12-12 15:29:53 [8908] WARN  nmq_mqtt.c:986: PT100_Logger78421CCD2218 pipe close!
2025-12-12 15:29:53 [8908] WARN  broker_tcp.c:683: nni aio recv error!! Object closed

2025-12-12 15:29:53 [8908] WARN  mqtt_parser.c:1339: PT100_Logger78421CCD2218 offline!
2025-12-12 15:29:53 [8908] WARN  broker_tcp.c:974: tcptran_pipe_recv_cb: recv_error rv: 139

2025-12-12 15:30:02 [8908] WARN  mqtt_parser.c:1335: PT100_Logger78421CCD2218 online!
2025-12-12 15:30:38 [8908] WARN  nmq_mqtt.c:245: Warning: close pipe & kick client due to KeepAlive timeout!
2025-12-12 15:30:38 [8908] WARN  nmq_mqtt.c:986: PT100_Logger78421CCD2218 pipe close!
2025-12-12 15:30:38 [8908] WARN  broker_tcp.c:683: nni aio recv error!! Object closed

2025-12-12 15:30:38 [8908] WARN  mqtt_parser.c:1339: PT100_Logger78421CCD2218 offline!
2025-12-12 15:30:38 [8908] WARN  broker_tcp.c:974: tcptran_pipe_recv_cb: recv_error rv: 139

2025-12-12 15:30:47 [8908] WARN  mqtt_parser.c:1335: PT100_Logger78421CCD2218 online!
2025-12-12 15:31:22 [8908] WARN  nmq_mqtt.c:245: Warning: close pipe & kick client due to KeepAlive timeout!
2025-12-12 15:31:22 [8908] WARN  nmq_mqtt.c:986: PT100_Logger78421CCD2218 pipe close!
2025-12-12 15:31:22 [8908] WARN  broker_tcp.c:683: nni aio recv error!! Object closed

2025-12-12 15:31:22 [8908] WARN  mqtt_parser.c:1339: PT100_Logger78421CCD2218 offline!
2025-12-12 15:31:22 [8908] WARN  broker_tcp.c:974: tcptran_pipe_recv_cb: recv_error rv: 139

2025-12-12 15:31:31 [8908] WARN  mqtt_parser.c:1335: PT100_Logger78421CCD2218 online!
2025-12-12 15:32:06 [8908] WARN  nmq_mqtt.c:245: Warning: close pipe & kick client due to KeepAlive timeout!
2025-12-12 15:32:06 [8908] WARN  nmq_mqtt.c:986: PT100_Logger78421CCD2218 pipe close!
2025-12-12 15:32:06 [8908] WARN  broker_tcp.c:683: nni aio recv error!! Object closed

2025-12-12 15:32:06 [8908] WARN  mqtt_parser.c:1339: PT100_Logger78421CCD2218 offline!
2025-12-12 15:32:06 [8908] WARN  broker_tcp.c:974: tcptran_pipe_recv_cb: recv_error rv: 139

2025-12-12 15:32:16 [8908] WARN  mqtt_parser.c:1335: PT100_Logger78421CCD2218 online!
2025-12-12 15:32:45 [8908] WARN  broker_tcp.c:683: nni aio recv error!! Unknown error #121

2025-12-12 15:32:45 [8908] WARN  broker_tcp.c:974: tcptran_pipe_recv_cb: recv_error rv: 128

2025-12-12 15:32:45 [8908] WARN  nmq_mqtt.c:986: PT100_Logger78421CCD2218 pipe close!
2025-12-12 15:32:45 [8908] WARN  mqtt_parser.c:1339: PT100_Logger78421CCD2218 offline!
2025-12-12 15:33:00 [8908] WARN  mqtt_parser.c:1335: PT100_Logger78421CCD2218 online!
2025-12-12 15:33:35 [8908] WARN  nmq_mqtt.c:245: Warning: close pipe & kick client due to KeepAlive timeout!
2025-12-12 15:33:35 [8908] WARN  nmq_mqtt.c:986: PT100_Logger78421CCD2218 pipe close!
2025-12-12 15:33:35 [8908] WARN  broker_tcp.c:683: nni aio recv error!! Object closed

2025-12-12 15:33:35 [8908] WARN  mqtt_parser.c:1339: PT100_Logger78421CCD2218 offline!
2025-12-12 15:33:35 [8908] WARN  broker_tcp.c:974: tcptran_pipe_recv_cb: recv_error rv: 139

2025-12-12 15:33:44 [8908] WARN  mqtt_parser.c:1335: PT100_Logger78421CCD2218 online!
2025-12-12 15:34:19 [8908] WARN  nmq_mqtt.c:245: Warning: close pipe & kick client due to KeepAlive timeout!
2025-12-12 15:34:19 [8908] WARN  nmq_mqtt.c:986: PT100_Logger78421CCD2218 pipe close!
2025-12-12 15:34:19 [8908] WARN  broker_tcp.c:683: nni aio recv error!! Object closed

2025-12-12 15:34:19 [8908] WARN  mqtt_parser.c:1339: PT100_Logger78421CCD2218 offline!
2025-12-12 15:34:19 [8908] WARN  broker_tcp.c:974: tcptran_pipe_recv_cb: recv_error rv: 139

2025-12-12 15:34:28 [8908] WARN  mqtt_parser.c:1335: PT100_Logger78421CCD2218 online!
2025-12-12 15:34:58 [8908] WARN  broker_tcp.c:683: nni aio recv error!! Unknown error #121

2025-12-12 15:34:58 [8908] WARN  broker_tcp.c:974: tcptran_pipe_recv_cb: recv_error rv: 128

2025-12-12 15:34:58 [8908] WARN  nmq_mqtt.c:986: PT100_Logger78421CCD2218 pipe close!
2025-12-12 15:34:58 [8908] WARN  mqtt_parser.c:1339: PT100_Logger78421CCD2218 offline!
2025-12-12 15:35:13 [8908] WARN  mqtt_parser.c:1335: PT100_Logger78421CCD2218 online!
2025-12-12 15:35:48 [8908] WARN  nmq_mqtt.c:245: Warning: close pipe & kick client due to KeepAlive timeout!
2025-12-12 15:35:48 [8908] WARN  broker_tcp.c:683: nni aio recv error!! Object closed

2025-12-12 15:35:48 [8908] WARN  nmq_mqtt.c:986: PT100_Logger78421CCD2218 pipe close!
2025-12-12 15:35:48 [8908] WARN  broker_tcp.c:974: tcptran_pipe_recv_cb: recv_error rv: 139

2025-12-12 15:35:48 [8908] WARN  mqtt_parser.c:1339: PT100_Logger78421CCD2218 offline!
2025-12-12 15:35:57 [8908] WARN  mqtt_parser.c:1335: PT100_Logger78421CCD2218 online!
2025-12-12 15:36:26 [8908] WARN  broker_tcp.c:683: nni aio recv error!! Unknown error #121

2025-12-12 15:36:26 [8908] WARN  broker_tcp.c:974: tcptran_pipe_recv_cb: recv_error rv: 128

2025-12-12 15:36:26 [8908] WARN  nmq_mqtt.c:986: PT100_Logger78421CCD2218 pipe close!
2025-12-12 15:36:26 [8908] WARN  mqtt_parser.c:1339: PT100_Logger78421CCD2218 offline!
2025-12-12 15:36:42 [8908] WARN  mqtt_parser.c:1335: PT100_Logger78421CCD2218 online!
2025-12-12 15:37:17 [8908] WARN  nmq_mqtt.c:245: Warning: close pipe & kick client due to KeepAlive timeout!
2025-12-12 15:37:17 [8908] WARN  nmq_mqtt.c:986: PT100_Logger78421CCD2218 pipe close!
2025-12-12 15:37:17 [8908] WARN  broker_tcp.c:683: nni aio recv error!! Object closed

2025-12-12 15:37:17 [8908] WARN  mqtt_parser.c:1339: PT100_Logger78421CCD2218 offline!
2025-12-12 15:37:17 [8908] WARN  broker_tcp.c:974: tcptran_pipe_recv_cb: recv_error rv: 139

2025-12-12 15:37:26 [8908] WARN  mqtt_parser.c:1335: PT100_Logger78421CCD2218 online!
2025-12-12 15:37:55 [8908] WARN  broker_tcp.c:683: nni aio recv error!! Unknown error #121

2025-12-12 15:37:55 [8908] WARN  broker_tcp.c:974: tcptran_pipe_recv_cb: recv_error rv: 128

2025-12-12 15:37:55 [8908] WARN  nmq_mqtt.c:986: PT100_Logger78421CCD2218 pipe close!
2025-12-12 15:37:55 [8908] WARN  mqtt_parser.c:1339: PT100_Logger78421CCD2218 offline!
2025-12-12 15:38:10 [8908] WARN  mqtt_parser.c:1335: PT100_Logger78421CCD2218 online!
2025-12-12 15:38:45 [8908] WARN  nmq_mqtt.c:245: Warning: close pipe & kick client due to KeepAlive timeout!
2025-12-12 15:38:45 [8908] WARN  nmq_mqtt.c:986: PT100_Logger78421CCD2218 pipe close!
2025-12-12 15:38:45 [8908] WARN  broker_tcp.c:683: nni aio recv error!! Object closed

2025-12-12 15:38:45 [8908] WARN  mqtt_parser.c:1339: PT100_Logger78421CCD2218 offline!
2025-12-12 15:38:45 [8908] WARN  broker_tcp.c:974: tcptran_pipe_recv_cb: recv_error rv: 139

2025-12-12 15:38:55 [8908] WARN  mqtt_parser.c:1335: PT100_Logger78421CCD2218 online!
2025-12-12 15:39:25 [8908] WARN  broker_tcp.c:683: nni aio recv error!! Unknown error #121

2025-12-12 15:39:25 [8908] WARN  nmq_mqtt.c:986: PT100_Logger78421CCD2218 pipe close!
2025-12-12 15:39:25 [8908] WARN  broker_tcp.c:974: tcptran_pipe_recv_cb: recv_error rv: 128

2025-12-12 15:39:25 [8908] WARN  mqtt_parser.c:1339: PT100_Logger78421CCD2218 offline!
2025-12-12 15:39:39 [8908] WARN  mqtt_parser.c:1335: PT100_Logger78421CCD2218 online!
2025-12-12 15:40:14 [8908] WARN  nmq_mqtt.c:245: Warning: close pipe & kick client due to KeepAlive timeout!
2025-12-12 15:40:14 [8908] WARN  broker_tcp.c:683: nni aio recv error!! Object closed

2025-12-12 15:40:14 [8908] WARN  nmq_mqtt.c:986: PT100_Logger78421CCD2218 pipe close!
2025-12-12 15:40:14 [8908] WARN  mqtt_parser.c:1339: PT100_Logger78421CCD2218 offline!
2025-12-12 15:40:14 [8908] WARN  broker_tcp.c:974: tcptran_pipe_recv_cb: recv_error rv: 139

2025-12-12 15:40:23 [8908] WARN  mqtt_parser.c:1335: PT100_Logger78421CCD2218 online!
2025-12-12 15:40:58 [8908] WARN  nmq_mqtt.c:245: Warning: close pipe & kick client due to KeepAlive timeout!
2025-12-12 15:40:58 [8908] WARN  nmq_mqtt.c:986: PT100_Logger78421CCD2218 pipe close!
2025-12-12 15:40:58 [8908] WARN  broker_tcp.c:683: nni aio recv error!! Object closed

2025-12-12 15:40:58 [8908] WARN  broker_tcp.c:974: tcptran_pipe_recv_cb: recv_error rv: 139

2025-12-12 15:40:58 [8908] WARN  mqtt_parser.c:1339: PT100_Logger78421CCD2218 offline!
2025-12-12 15:41:08 [8908] WARN  mqtt_parser.c:1335: PT100_Logger78421CCD2218 online!
2025-12-12 15:41:43 [8908] WARN  nmq_mqtt.c:245: Warning: close pipe & kick client due to KeepAlive timeout!
2025-12-12 15:41:43 [8908] WARN  nmq_mqtt.c:986: PT100_Logger78421CCD2218 pipe close!
2025-12-12 15:41:43 [8908] WARN  broker_tcp.c:683: nni aio recv error!! Object closed

2025-12-12 15:41:43 [8908] WARN  mqtt_parser.c:1339: PT100_Logger78421CCD2218 offline!
2025-12-12 15:41:43 [8908] WARN  broker_tcp.c:974: tcptran_pipe_recv_cb: recv_error rv: 139

2025-12-12 15:41:55 [8908] WARN  mqtt_parser.c:1335: PT100_Logger78421CCD2218 online!
2025-12-12 15:42:30 [8908] WARN  nmq_mqtt.c:245: Warning: close pipe & kick client due to KeepAlive timeout!
2025-12-12 15:42:30 [8908] WARN  nmq_mqtt.c:986: PT100_Logger78421CCD2218 pipe close!
2025-12-12 15:42:30 [8908] WARN  broker_tcp.c:683: nni aio recv error!! Object closed

2025-12-12 15:42:30 [8908] WARN  mqtt_parser.c:1339: PT100_Logger78421CCD2218 offline!
2025-12-12 15:42:30 [8908] WARN  broker_tcp.c:974: tcptran_pipe_recv_cb: recv_error rv: 139

2025-12-12 15:42:39 [8908] WARN  mqtt_parser.c:1335: PT100_Logger78421CCD2218 online!
2025-12-12 15:43:14 [8908] WARN  nmq_mqtt.c:245: Warning: close pipe & kick client due to KeepAlive timeout!
2025-12-12 15:43:14 [8908] WARN  broker_tcp.c:683: nni aio recv error!! Object closed

2025-12-12 15:43:14 [8908] WARN  nmq_mqtt.c:986: PT100_Logger78421CCD2218 pipe close!
2025-12-12 15:43:14 [8908] WARN  broker_tcp.c:974: tcptran_pipe_recv_cb: recv_error rv: 139

2025-12-12 15:43:14 [8908] WARN  mqtt_parser.c:1339: PT100_Logger78421CCD2218 offline!
2025-12-12 15:43:23 [8908] WARN  mqtt_parser.c:1335: PT100_Logger78421CCD2218 online!
2025-12-12 15:43:53 [8908] WARN  broker_tcp.c:683: nni aio recv error!! Unknown error #121

2025-12-12 15:43:53 [8908] WARN  broker_tcp.c:974: tcptran_pipe_recv_cb: recv_error rv: 128

2025-12-12 15:43:53 [8908] WARN  nmq_mqtt.c:986: PT100_Logger78421CCD2218 pipe close!
2025-12-12 15:43:53 [8908] WARN  mqtt_parser.c:1339: PT100_Logger78421CCD2218 offline!
2025-12-12 15:44:08 [8908] WARN  mqtt_parser.c:1335: PT100_Logger78421CCD2218 online!
2025-12-12 15:44:43 [8908] WARN  nmq_mqtt.c:245: Warning: close pipe & kick client due to KeepAlive timeout!
2025-12-12 15:44:43 [8908] WARN  broker_tcp.c:683: nni aio recv error!! Object closed

2025-12-12 15:44:43 [8908] WARN  nmq_mqtt.c:986: PT100_Logger78421CCD2218 pipe close!
2025-12-12 15:44:43 [8908] WARN  broker_tcp.c:974: tcptran_pipe_recv_cb: recv_error rv: 139

2025-12-12 15:44:43 [8908] WARN  mqtt_parser.c:1339: PT100_Logger78421CCD2218 offline!
2025-12-12 15:44:52 [8908] WARN  mqtt_parser.c:1335: PT100_Logger78421CCD2218 online!
2025-12-12 15:45:22 [8908] WARN  broker_tcp.c:683: nni aio recv error!! Unknown error #121

2025-12-12 15:45:22 [8908] WARN  nmq_mqtt.c:986: PT100_Logger78421CCD2218 pipe close!
2025-12-12 15:45:22 [8908] WARN  broker_tcp.c:974: tcptran_pipe_recv_cb: recv_error rv: 128

2025-12-12 15:45:22 [8908] WARN  mqtt_parser.c:1339: PT100_Logger78421CCD2218 offline!
2025-12-12 15:45:36 [8908] WARN  mqtt_parser.c:1335: PT100_Logger78421CCD2218 online!
2025-12-12 15:46:12 [8908] WARN  nmq_mqtt.c:245: Warning: close pipe & kick client due to KeepAlive timeout!
2025-12-12 15:46:12 [8908] WARN  nmq_mqtt.c:986: PT100_Logger78421CCD2218 pipe close!
2025-12-12 15:46:12 [8908] WARN  broker_tcp.c:683: nni aio recv error!! Object closed

2025-12-12 15:46:12 [8908] WARN  mqtt_parser.c:1339: PT100_Logger78421CCD2218 offline!
2025-12-12 15:46:12 [8908] WARN  broker_tcp.c:974: tcptran_pipe_recv_cb: recv_error rv: 139

2025-12-12 15:46:21 [8908] WARN  mqtt_parser.c:1335: PT100_Logger78421CCD2218 online!
2025-12-12 15:46:56 [8908] WARN  nmq_mqtt.c:245: Warning: close pipe & kick client due to KeepAlive timeout!
2025-12-12 15:46:56 [8908] WARN  nmq_mqtt.c:986: PT100_Logger78421CCD2218 pipe close!
2025-12-12 15:46:56 [8908] WARN  broker_tcp.c:683: nni aio recv error!! Object closed

2025-12-12 15:46:56 [8908] WARN  broker_tcp.c:974: tcptran_pipe_recv_cb: recv_error rv: 139

2025-12-12 15:46:56 [8908] WARN  mqtt_parser.c:1339: PT100_Logger78421CCD2218 offline!
2025-12-12 15:47:06 [8908] WARN  mqtt_parser.c:1335: PT100_Logger78421CCD2218 online!
2025-12-12 15:47:41 [8908] WARN  nmq_mqtt.c:245: Warning: close pipe & kick client due to KeepAlive timeout!
2025-12-12 15:47:41 [8908] WARN  nmq_mqtt.c:986: PT100_Logger78421CCD2218 pipe close!
2025-12-12 15:47:41 [8908] WARN  broker_tcp.c:683: nni aio recv error!! Object closed

2025-12-12 15:47:41 [8908] WARN  mqtt_parser.c:1339: PT100_Logger78421CCD2218 offline!
2025-12-12 15:47:41 [8908] WARN  broker_tcp.c:974: tcptran_pipe_recv_cb: recv_error rv: 139

2025-12-12 15:47:50 [8908] WARN  mqtt_parser.c:1335: PT100_Logger78421CCD2218 online!
2025-12-12 15:48:25 [8908] WARN  nmq_mqtt.c:245: Warning: close pipe & kick client due to KeepAlive timeout!
2025-12-12 15:48:25 [8908] WARN  nmq_mqtt.c:986: PT100_Logger78421CCD2218 pipe close!
2025-12-12 15:48:25 [8908] WARN  broker_tcp.c:683: nni aio recv error!! Object closed

2025-12-12 15:48:25 [8908] WARN  mqtt_parser.c:1339: PT100_Logger78421CCD2218 offline!
2025-12-12 15:48:25 [8908] WARN  broker_tcp.c:974: tcptran_pipe_recv_cb: recv_error rv: 139

2025-12-12 15:48:35 [8908] WARN  mqtt_parser.c:1335: PT100_Logger78421CCD2218 online!
2025-12-12 15:49:08 [8908] WARN  broker_tcp.c:683: nni aio recv error!! Unknown error #121

2025-12-12 15:49:08 [8908] WARN  broker_tcp.c:974: tcptran_pipe_recv_cb: recv_error rv: 128

2025-12-12 15:49:08 [8908] WARN  nmq_mqtt.c:986: PT100_Logger78421CCD2218 pipe close!
2025-12-12 15:49:08 [8908] WARN  mqtt_parser.c:1339: PT100_Logger78421CCD2218 offline!
2025-12-12 15:49:19 [8908] WARN  mqtt_parser.c:1335: PT100_Logger78421CCD2218 online!
2025-12-12 15:49:54 [8908] WARN  broker_tcp.c:683: nni aio recv error!! Unknown error #121

2025-12-12 15:49:54 [8908] WARN  nmq_mqtt.c:986: PT100_Logger78421CCD2218 pipe close!
2025-12-12 15:49:54 [8908] WARN  broker_tcp.c:974: tcptran_pipe_recv_cb: recv_error rv: 128

2025-12-12 15:49:54 [8908] WARN  mqtt_parser.c:1339: PT100_Logger78421CCD2218 offline!
2025-12-12 15:50:03 [8908] WARN  mqtt_parser.c:1335: PT100_Logger78421CCD2218 online!
2025-12-12 15:50:38 [8908] WARN  nmq_mqtt.c:245: Warning: close pipe & kick client due to KeepAlive timeout!
2025-12-12 15:50:38 [8908] WARN  nmq_mqtt.c:986: PT100_Logger78421CCD2218 pipe close!
2025-12-12 15:50:38 [8908] WARN  broker_tcp.c:683: nni aio recv error!! Object closed

2025-12-12 15:50:38 [8908] WARN  mqtt_parser.c:1339: PT100_Logger78421CCD2218 offline!
2025-12-12 15:50:38 [8908] WARN  broker_tcp.c:974: tcptran_pipe_recv_cb: recv_error rv: 139

2025-12-12 15:50:48 [8908] WARN  mqtt_parser.c:1335: PT100_Logger78421CCD2218 online!
2025-12-12 15:51:18 [8908] WARN  broker_tcp.c:683: nni aio recv error!! Unknown error #121

2025-12-12 15:51:18 [8908] WARN  broker_tcp.c:974: tcptran_pipe_recv_cb: recv_error rv: 128

2025-12-12 15:51:18 [8908] WARN  nmq_mqtt.c:986: PT100_Logger78421CCD2218 pipe close!
2025-12-12 15:51:18 [8908] WARN  mqtt_parser.c:1339: PT100_Logger78421CCD2218 offline!
2025-12-12 15:51:32 [8908] WARN  mqtt_parser.c:1335: PT100_Logger78421CCD2218 online!
2025-12-12 15:52:07 [8908] WARN  nmq_mqtt.c:245: Warning: close pipe & kick client due to KeepAlive timeout!
2025-12-12 15:52:07 [8908] WARN  nmq_mqtt.c:986: PT100_Logger78421CCD2218 pipe close!
2025-12-12 15:52:07 [8908] WARN  broker_tcp.c:683: nni aio recv error!! Object closed

2025-12-12 15:52:07 [8908] WARN  mqtt_parser.c:1339: PT100_Logger78421CCD2218 offline!
2025-12-12 15:52:07 [8908] WARN  broker_tcp.c:974: tcptran_pipe_recv_cb: recv_error rv: 139

2025-12-12 15:52:17 [8908] WARN  mqtt_parser.c:1335: PT100_Logger78421CCD2218 online!
2025-12-12 15:52:52 [8908] WARN  nmq_mqtt.c:245: Warning: close pipe & kick client due to KeepAlive timeout!
2025-12-12 15:52:52 [8908] WARN  nmq_mqtt.c:986: PT100_Logger78421CCD2218 pipe close!
2025-12-12 15:52:52 [8908] WARN  broker_tcp.c:683: nni aio recv error!! Object closed

2025-12-12 15:52:52 [8908] WARN  mqtt_parser.c:1339: PT100_Logger78421CCD2218 offline!
2025-12-12 15:52:52 [8908] WARN  broker_tcp.c:974: tcptran_pipe_recv_cb: recv_error rv: 139

2025-12-12 15:53:01 [8908] WARN  mqtt_parser.c:1335: PT100_Logger78421CCD2218 online!
2025-12-12 15:53:36 [8908] WARN  nmq_mqtt.c:245: Warning: close pipe & kick client due to KeepAlive timeout!
2025-12-12 15:53:36 [8908] WARN  nmq_mqtt.c:986: PT100_Logger78421CCD2218 pipe close!
2025-12-12 15:53:36 [8908] WARN  broker_tcp.c:683: nni aio recv error!! Object closed

2025-12-12 15:53:36 [8908] WARN  mqtt_parser.c:1339: PT100_Logger78421CCD2218 offline!
2025-12-12 15:53:36 [8908] WARN  broker_tcp.c:974: tcptran_pipe_recv_cb: recv_error rv: 139

2025-12-12 15:53:45 [8908] WARN  mqtt_parser.c:1335: PT100_Logger78421CCD2218 online!
2025-12-12 15:53:53 [8908] WARN  nmq_websocket.c:160:  recv aio error Object closed
2025-12-12 15:53:53 [8908] WARN  nmq_mqtt.c:986: nanomq-89fc205d pipe close!
2025-12-12 15:53:53 [8908] WARN  mqtt_parser.c:1339: nanomq-89fc205d offline!
2025-12-12 15:53:53 [8908] WARN  mqtt_parser.c:1335: nanomq-3d19e66f online!
2025-12-12 15:54:20 [8908] WARN  nmq_mqtt.c:245: Warning: close pipe & kick client due to KeepAlive timeout!
2025-12-12 15:54:20 [8908] WARN  nmq_mqtt.c:986: PT100_Logger78421CCD2218 pipe close!
2025-12-12 15:54:20 [8908] WARN  broker_tcp.c:683: nni aio recv error!! Object closed

2025-12-12 15:54:20 [8908] WARN  mqtt_parser.c:1339: PT100_Logger78421CCD2218 offline!
2025-12-12 15:54:20 [8908] WARN  broker_tcp.c:974: tcptran_pipe_recv_cb: recv_error rv: 139

2025-12-12 15:54:30 [8908] WARN  mqtt_parser.c:1335: PT100_Logger78421CCD2218 online!
2025-12-12 15:55:05 [8908] WARN  nmq_mqtt.c:245: Warning: close pipe & kick client due to KeepAlive timeout!
2025-12-12 15:55:05 [8908] WARN  nmq_mqtt.c:986: PT100_Logger78421CCD2218 pipe close!
2025-12-12 15:55:05 [8908] WARN  mqtt_parser.c:1339: PT100_Logger78421CCD2218 offline!
2025-12-12 15:55:05 [8908] WARN  broker_tcp.c:683: nni aio recv error!! Object closed

2025-12-12 15:55:05 [8908] WARN  broker_tcp.c:974: tcptran_pipe_recv_cb: recv_error rv: 139

2025-12-12 15:55:14 [8908] WARN  mqtt_parser.c:1335: PT100_Logger78421CCD2218 online!
2025-12-12 15:55:28 [8908] WARN  nmq_mqtt.c:245: Warning: close pipe & kick client due to KeepAlive timeout!
2025-12-12 15:55:28 [8908] WARN  nmq_mqtt.c:986: nanomq-3d19e66f pipe close!
2025-12-12 15:55:28 [8908] WARN  mqtt_parser.c:1339: nanomq-3d19e66f offline!
2025-12-12 15:55:28 [8908] WARN  nmq_websocket.c:160:  recv aio error Object closed
2025-12-12 15:55:49 [8908] WARN  nmq_mqtt.c:245: Warning: close pipe & kick client due to KeepAlive timeout!
2025-12-12 15:55:49 [8908] WARN  nmq_mqtt.c:986: PT100_Logger78421CCD2218 pipe close!
2025-12-12 15:55:49 [8908] WARN  mqtt_parser.c:1339: PT100_Logger78421CCD2218 offline!
2025-12-12 15:55:49 [8908] WARN  broker_tcp.c:683: nni aio recv error!! Object closed

2025-12-12 15:55:49 [8908] WARN  broker_tcp.c:974: tcptran_pipe_recv_cb: recv_error rv: 139

2025-12-12 15:56:01 [8908] WARN  mqtt_parser.c:1335: PT100_Logger78421CCD2218 online!
2025-12-12 15:56:36 [8908] WARN  nmq_mqtt.c:245: Warning: close pipe & kick client due to KeepAlive timeout!
2025-12-12 15:56:36 [8908] WARN  nmq_mqtt.c:986: PT100_Logger78421CCD2218 pipe close!
2025-12-12 15:56:36 [8908] WARN  mqtt_parser.c:1339: PT100_Logger78421CCD2218 offline!
2025-12-12 15:56:36 [8908] WARN  broker_tcp.c:683: nni aio recv error!! Object closed

2025-12-12 15:56:36 [8908] WARN  broker_tcp.c:974: tcptran_pipe_recv_cb: recv_error rv: 139

2025-12-12 15:56:45 [8908] WARN  mqtt_parser.c:1335: PT100_Logger78421CCD2218 online!
2025-12-12 15:57:20 [8908] WARN  nmq_mqtt.c:245: Warning: close pipe & kick client due to KeepAlive timeout!
2025-12-12 15:57:20 [8908] WARN  nmq_mqtt.c:986: PT100_Logger78421CCD2218 pipe close!
2025-12-12 15:57:20 [8908] WARN  broker_tcp.c:683: nni aio recv error!! Object closed

2025-12-12 15:57:20 [8908] WARN  mqtt_parser.c:1339: PT100_Logger78421CCD2218 offline!
2025-12-12 15:57:20 [8908] WARN  broker_tcp.c:974: tcptran_pipe_recv_cb: recv_error rv: 139

2025-12-12 15:57:30 [8908] WARN  mqtt_parser.c:1335: PT100_Logger78421CCD2218 online!
2025-12-12 15:58:05 [8908] WARN  nmq_mqtt.c:245: Warning: close pipe & kick client due to KeepAlive timeout!
2025-12-12 15:58:05 [8908] WARN  nmq_mqtt.c:986: PT100_Logger78421CCD2218 pipe close!
2025-12-12 15:58:05 [8908] WARN  broker_tcp.c:683: nni aio recv error!! Object closed

2025-12-12 15:58:05 [8908] WARN  mqtt_parser.c:1339: PT100_Logger78421CCD2218 offline!
2025-12-12 15:58:05 [8908] WARN  broker_tcp.c:974: tcptran_pipe_recv_cb: recv_error rv: 139

2025-12-12 15:58:14 [8908] WARN  mqtt_parser.c:1335: PT100_Logger78421CCD2218 online!
2025-12-12 15:58:49 [8908] WARN  nmq_mqtt.c:245: Warning: close pipe & kick client due to KeepAlive timeout!
2025-12-12 15:58:49 [8908] WARN  broker_tcp.c:683: nni aio recv error!! Object closed

2025-12-12 15:58:49 [8908] WARN  nmq_mqtt.c:986: PT100_Logger78421CCD2218 pipe close!
2025-12-12 15:58:49 [8908] WARN  broker_tcp.c:974: tcptran_pipe_recv_cb: recv_error rv: 139

2025-12-12 15:58:49 [8908] WARN  mqtt_parser.c:1339: PT100_Logger78421CCD2218 offline!
2025-12-12 15:58:59 [8908] WARN  mqtt_parser.c:1335: PT100_Logger78421CCD2218 online!
2025-12-12 15:59:34 [8908] WARN  nmq_mqtt.c:245: Warning: close pipe & kick client due to KeepAlive timeout!
2025-12-12 15:59:34 [8908] WARN  nmq_mqtt.c:986: PT100_Logger78421CCD2218 pipe close!
2025-12-12 15:59:34 [8908] WARN  mqtt_parser.c:1339: PT100_Logger78421CCD2218 offline!
2025-12-12 15:59:34 [8908] WARN  broker_tcp.c:683: nni aio recv error!! Object closed

2025-12-12 15:59:34 [8908] WARN  broker_tcp.c:974: tcptran_pipe_recv_cb: recv_error rv: 139

2025-12-12 15:59:43 [8908] WARN  mqtt_parser.c:1335: PT100_Logger78421CCD2218 online!
2025-12-12 16:00:18 [8908] WARN  nmq_mqtt.c:245: Warning: close pipe & kick client due to KeepAlive timeout!
2025-12-12 16:00:18 [8908] WARN  nmq_mqtt.c:986: PT100_Logger78421CCD2218 pipe close!
2025-12-12 16:00:18 [8908] WARN  mqtt_parser.c:1339: PT100_Logger78421CCD2218 offline!
2025-12-12 16:00:18 [8908] WARN  broker_tcp.c:683: nni aio recv error!! Object closed

2025-12-12 16:00:18 [8908] WARN  broker_tcp.c:974: tcptran_pipe_recv_cb: recv_error rv: 139

2025-12-12 16:00:27 [8908] WARN  mqtt_parser.c:1335: PT100_Logger78421CCD2218 online!
2025-12-12 16:01:02 [8908] WARN  nmq_mqtt.c:245: Warning: close pipe & kick client due to KeepAlive timeout!
2025-12-12 16:01:02 [8908] WARN  nmq_mqtt.c:986: PT100_Logger78421CCD2218 pipe close!
2025-12-12 16:01:02 [8908] WARN  broker_tcp.c:683: nni aio recv error!! Object closed

2025-12-12 16:01:02 [8908] WARN  mqtt_parser.c:1339: PT100_Logger78421CCD2218 offline!
2025-12-12 16:01:02 [8908] WARN  broker_tcp.c:974: tcptran_pipe_recv_cb: recv_error rv: 139

2025-12-12 16:01:11 [8908] WARN  mqtt_parser.c:1335: PT100_Logger78421CCD2218 online!
2025-12-12 16:01:46 [8908] WARN  nmq_mqtt.c:245: Warning: close pipe & kick client due to KeepAlive timeout!
2025-12-12 16:01:46 [8908] WARN  nmq_mqtt.c:986: PT100_Logger78421CCD2218 pipe close!
2025-12-12 16:01:46 [8908] WARN  broker_tcp.c:683: nni aio recv error!! Object closed

2025-12-12 16:01:46 [8908] WARN  mqtt_parser.c:1339: PT100_Logger78421CCD2218 offline!
2025-12-12 16:01:46 [8908] WARN  broker_tcp.c:974: tcptran_pipe_recv_cb: recv_error rv: 139

2025-12-12 16:01:56 [8908] WARN  mqtt_parser.c:1335: PT100_Logger78421CCD2218 online!
2025-12-12 16:02:31 [8908] WARN  nmq_mqtt.c:245: Warning: close pipe & kick client due to KeepAlive timeout!
2025-12-12 16:02:31 [8908] WARN  nmq_mqtt.c:986: PT100_Logger78421CCD2218 pipe close!
2025-12-12 16:02:31 [8908] WARN  broker_tcp.c:683: nni aio recv error!! Object closed

2025-12-12 16:02:31 [8908] WARN  mqtt_parser.c:1339: PT100_Logger78421CCD2218 offline!
2025-12-12 16:02:31 [8908] WARN  broker_tcp.c:974: tcptran_pipe_recv_cb: recv_error rv: 139

2025-12-12 16:02:43 [8908] WARN  mqtt_parser.c:1335: PT100_Logger78421CCD2218 online!
2025-12-12 16:03:18 [8908] WARN  nmq_mqtt.c:245: Warning: close pipe & kick client due to KeepAlive timeout!
2025-12-12 16:03:18 [8908] WARN  nmq_mqtt.c:986: PT100_Logger78421CCD2218 pipe close!
2025-12-12 16:03:18 [8908] WARN  broker_tcp.c:683: nni aio recv error!! Object closed

2025-12-12 16:03:18 [8908] WARN  mqtt_parser.c:1339: PT100_Logger78421CCD2218 offline!
2025-12-12 16:03:18 [8908] WARN  broker_tcp.c:974: tcptran_pipe_recv_cb: recv_error rv: 139

2025-12-12 16:03:28 [8908] WARN  mqtt_parser.c:1335: PT100_Logger78421CCD2218 online!
2025-12-12 16:04:03 [8908] WARN  nmq_mqtt.c:245: Warning: close pipe & kick client due to KeepAlive timeout!
2025-12-12 16:04:03 [8908] WARN  nmq_mqtt.c:986: PT100_Logger78421CCD2218 pipe close!
2025-12-12 16:04:03 [8908] WARN  broker_tcp.c:683: nni aio recv error!! Object closed

2025-12-12 16:04:03 [8908] WARN  mqtt_parser.c:1339: PT100_Logger78421CCD2218 offline!
2025-12-12 16:04:03 [8908] WARN  broker_tcp.c:974: tcptran_pipe_recv_cb: recv_error rv: 139

2025-12-12 16:04:12 [8908] WARN  mqtt_parser.c:1335: PT100_Logger78421CCD2218 online!
2025-12-12 16:04:47 [8908] WARN  nmq_mqtt.c:245: Warning: close pipe & kick client due to KeepAlive timeout!
2025-12-12 16:04:47 [8908] WARN  nmq_mqtt.c:986: PT100_Logger78421CCD2218 pipe close!
2025-12-12 16:04:47 [8908] WARN  broker_tcp.c:683: nni aio recv error!! Object closed

2025-12-12 16:04:47 [8908] WARN  mqtt_parser.c:1339: PT100_Logger78421CCD2218 offline!
2025-12-12 16:04:47 [8908] WARN  broker_tcp.c:974: tcptran_pipe_recv_cb: recv_error rv: 139

2025-12-12 16:04:56 [8908] WARN  mqtt_parser.c:1335: PT100_Logger78421CCD2218 online!
2025-12-12 16:05:21 [8908] WARN  mqtt_parser.c:1335: nanomq-250d3632 online!
2025-12-12 16:05:31 [8908] WARN  nmq_mqtt.c:245: Warning: close pipe & kick client due to KeepAlive timeout!
2025-12-12 16:05:31 [8908] WARN  broker_tcp.c:683: nni aio recv error!! Object closed

2025-12-12 16:05:31 [8908] WARN  nmq_mqtt.c:986: PT100_Logger78421CCD2218 pipe close!
2025-12-12 16:05:31 [8908] WARN  broker_tcp.c:974: tcptran_pipe_recv_cb: recv_error rv: 139

2025-12-12 16:05:31 [8908] WARN  mqtt_parser.c:1339: PT100_Logger78421CCD2218 offline!
2025-12-12 16:05:41 [8908] WARN  mqtt_parser.c:1335: PT100_Logger78421CCD2218 online!
2025-12-12 16:06:16 [8908] WARN  nmq_mqtt.c:245: Warning: close pipe & kick client due to KeepAlive timeout!
2025-12-12 16:06:16 [8908] WARN  nmq_mqtt.c:986: PT100_Logger78421CCD2218 pipe close!
2025-12-12 16:06:16 [8908] WARN  broker_tcp.c:683: nni aio recv error!! Object closed

2025-12-12 16:06:16 [8908] WARN  mqtt_parser.c:1339: PT100_Logger78421CCD2218 offline!
2025-12-12 16:06:16 [8908] WARN  broker_tcp.c:974: tcptran_pipe_recv_cb: recv_error rv: 139

2025-12-12 16:06:25 [8908] WARN  mqtt_parser.c:1335: PT100_Logger78421CCD2218 online!
2025-12-12 16:07:00 [8908] WARN  nmq_mqtt.c:245: Warning: close pipe & kick client due to KeepAlive timeout!
2025-12-12 16:07:00 [8908] WARN  nmq_mqtt.c:986: PT100_Logger78421CCD2218 pipe close!
2025-12-12 16:07:00 [8908] WARN  mqtt_parser.c:1339: PT100_Logger78421CCD2218 offline!
2025-12-12 16:07:00 [8908] WARN  broker_tcp.c:683: nni aio recv error!! Object closed

2025-12-12 16:07:00 [8908] WARN  broker_tcp.c:974: tcptran_pipe_recv_cb: recv_error rv: 139

2025-12-12 16:07:10 [8908] WARN  mqtt_parser.c:1335: PT100_Logger78421CCD2218 online!
2025-12-12 16:07:45 [8908] WARN  nmq_mqtt.c:245: Warning: close pipe & kick client due to KeepAlive timeout!
2025-12-12 16:07:45 [8908] WARN  nmq_mqtt.c:986: PT100_Logger78421CCD2218 pipe close!
2025-12-12 16:07:45 [8908] WARN  broker_tcp.c:683: nni aio recv error!! Object closed

2025-12-12 16:07:45 [8908] WARN  mqtt_parser.c:1339: PT100_Logger78421CCD2218 offline!
2025-12-12 16:07:45 [8908] WARN  broker_tcp.c:974: tcptran_pipe_recv_cb: recv_error rv: 139

2025-12-12 16:07:57 [8908] WARN  mqtt_parser.c:1335: PT100_Logger78421CCD2218 online!
2025-12-12 16:08:32 [8908] WARN  nmq_mqtt.c:245: Warning: close pipe & kick client due to KeepAlive timeout!
2025-12-12 16:08:32 [8908] WARN  nmq_mqtt.c:986: PT100_Logger78421CCD2218 pipe close!
2025-12-12 16:08:32 [8908] WARN  broker_tcp.c:683: nni aio recv error!! Object closed

2025-12-12 16:08:32 [8908] WARN  broker_tcp.c:974: tcptran_pipe_recv_cb: recv_error rv: 139

2025-12-12 16:08:32 [8908] WARN  mqtt_parser.c:1339: PT100_Logger78421CCD2218 offline!
2025-12-12 16:08:41 [8908] WARN  mqtt_parser.c:1335: PT100_Logger78421CCD2218 online!
2025-12-12 16:09:16 [8908] WARN  nmq_mqtt.c:245: Warning: close pipe & kick client due to KeepAlive timeout!
2025-12-12 16:09:16 [8908] WARN  nmq_mqtt.c:986: PT100_Logger78421CCD2218 pipe close!
2025-12-12 16:09:16 [8908] WARN  broker_tcp.c:683: nni aio recv error!! Object closed

2025-12-12 16:09:16 [8908] WARN  mqtt_parser.c:1339: PT100_Logger78421CCD2218 offline!
2025-12-12 16:09:16 [8908] WARN  broker_tcp.c:974: tcptran_pipe_recv_cb: recv_error rv: 139

2025-12-12 16:09:25 [8908] WARN  mqtt_parser.c:1335: PT100_Logger78421CCD2218 online!
2025-12-12 16:10:00 [8908] WARN  nmq_mqtt.c:245: Warning: close pipe & kick client due to KeepAlive timeout!
2025-12-12 16:10:00 [8908] WARN  nmq_mqtt.c:986: PT100_Logger78421CCD2218 pipe close!
2025-12-12 16:10:00 [8908] WARN  broker_tcp.c:683: nni aio recv error!! Object closed

2025-12-12 16:10:00 [8908] WARN  mqtt_parser.c:1339: PT100_Logger78421CCD2218 offline!
2025-12-12 16:10:00 [8908] WARN  broker_tcp.c:974: tcptran_pipe_recv_cb: recv_error rv: 139

2025-12-12 16:10:10 [8908] WARN  mqtt_parser.c:1335: PT100_Logger78421CCD2218 online!
2025-12-12 16:10:45 [8908] WARN  nmq_mqtt.c:245: Warning: close pipe & kick client due to KeepAlive timeout!
2025-12-12 16:10:45 [8908] WARN  broker_tcp.c:683: nni aio recv error!! Object closed

2025-12-12 16:10:45 [8908] WARN  nmq_mqtt.c:986: PT100_Logger78421CCD2218 pipe close!
2025-12-12 16:10:45 [8908] WARN  mqtt_parser.c:1339: PT100_Logger78421CCD2218 offline!
2025-12-12 16:10:45 [8908] WARN  broker_tcp.c:974: tcptran_pipe_recv_cb: recv_error rv: 139

2025-12-12 16:10:54 [8908] WARN  mqtt_parser.c:1335: PT100_Logger78421CCD2218 online!
2025-12-12 16:11:29 [8908] WARN  nmq_mqtt.c:245: Warning: close pipe & kick client due to KeepAlive timeout!
2025-12-12 16:11:29 [8908] WARN  nmq_mqtt.c:986: PT100_Logger78421CCD2218 pipe close!
2025-12-12 16:11:29 [8908] WARN  broker_tcp.c:683: nni aio recv error!! Object closed

2025-12-12 16:11:29 [8908] WARN  mqtt_parser.c:1339: PT100_Logger78421CCD2218 offline!
2025-12-12 16:11:29 [8908] WARN  broker_tcp.c:974: tcptran_pipe_recv_cb: recv_error rv: 139

2025-12-12 16:11:38 [8908] WARN  mqtt_parser.c:1335: PT100_Logger78421CCD2218 online!
2025-12-12 16:12:13 [8908] WARN  nmq_mqtt.c:245: Warning: close pipe & kick client due to KeepAlive timeout!
2025-12-12 16:12:13 [8908] WARN  nmq_mqtt.c:986: PT100_Logger78421CCD2218 pipe close!
2025-12-12 16:12:13 [8908] WARN  broker_tcp.c:683: nni aio recv error!! Object closed

2025-12-12 16:12:13 [8908] WARN  mqtt_parser.c:1339: PT100_Logger78421CCD2218 offline!
2025-12-12 16:12:13 [8908] WARN  broker_tcp.c:974: tcptran_pipe_recv_cb: recv_error rv: 139

2025-12-12 16:12:23 [8908] WARN  mqtt_parser.c:1335: PT100_Logger78421CCD2218 online!
2025-12-12 16:12:58 [8908] WARN  nmq_mqtt.c:245: Warning: close pipe & kick client due to KeepAlive timeout!
2025-12-12 16:12:58 [8908] WARN  nmq_mqtt.c:986: PT100_Logger78421CCD2218 pipe close!
2025-12-12 16:12:58 [8908] WARN  broker_tcp.c:683: nni aio recv error!! Object closed

2025-12-12 16:12:58 [8908] WARN  mqtt_parser.c:1339: PT100_Logger78421CCD2218 offline!
2025-12-12 16:12:58 [8908] WARN  broker_tcp.c:974: tcptran_pipe_recv_cb: recv_error rv: 139

2025-12-12 16:13:07 [8908] WARN  mqtt_parser.c:1335: PT100_Logger78421CCD2218 online!
2025-12-12 16:13:42 [8908] WARN  nmq_mqtt.c:245: Warning: close pipe & kick client due to KeepAlive timeout!
2025-12-12 16:13:42 [8908] WARN  broker_tcp.c:683: nni aio recv error!! Object closed

2025-12-12 16:13:42 [8908] WARN  nmq_mqtt.c:986: PT100_Logger78421CCD2218 pipe close!
2025-12-12 16:13:42 [8908] WARN  broker_tcp.c:974: tcptran_pipe_recv_cb: recv_error rv: 139

2025-12-12 16:13:42 [8908] WARN  mqtt_parser.c:1339: PT100_Logger78421CCD2218 offline!
2025-12-12 16:13:56 [8908] WARN  mqtt_parser.c:1335: PT100_Logger78421CCD2218 online!
2025-12-12 16:14:31 [8908] WARN  nmq_mqtt.c:245: Warning: close pipe & kick client due to KeepAlive timeout!
2025-12-12 16:14:31 [8908] WARN  broker_tcp.c:683: nni aio recv error!! Object closed

2025-12-12 16:14:31 [8908] WARN  nmq_mqtt.c:986: PT100_Logger78421CCD2218 pipe close!
2025-12-12 16:14:31 [8908] WARN  broker_tcp.c:974: tcptran_pipe_recv_cb: recv_error rv: 139

2025-12-12 16:14:31 [8908] WARN  mqtt_parser.c:1339: PT100_Logger78421CCD2218 offline!
2025-12-12 16:14:40 [8908] WARN  mqtt_parser.c:1335: PT100_Logger78421CCD2218 online!
2025-12-12 16:15:15 [8908] WARN  nmq_mqtt.c:245: Warning: close pipe & kick client due to KeepAlive timeout!
2025-12-12 16:15:15 [8908] WARN  nmq_mqtt.c:986: PT100_Logger78421CCD2218 pipe close!
2025-12-12 16:15:15 [8908] WARN  broker_tcp.c:683: nni aio recv error!! Object closed

2025-12-12 16:15:15 [8908] WARN  mqtt_parser.c:1339: PT100_Logger78421CCD2218 offline!
2025-12-12 16:15:15 [8908] WARN  broker_tcp.c:974: tcptran_pipe_recv_cb: recv_error rv: 139

2025-12-12 16:15:24 [8908] WARN  mqtt_parser.c:1335: PT100_Logger78421CCD2218 online!
2025-12-12 16:15:54 [8908] WARN  broker_tcp.c:683: nni aio recv error!! Unknown error #121

2025-12-12 16:15:54 [8908] WARN  broker_tcp.c:974: tcptran_pipe_recv_cb: recv_error rv: 128

2025-12-12 16:15:54 [8908] WARN  nmq_mqtt.c:986: PT100_Logger78421CCD2218 pipe close!
2025-12-12 16:15:54 [8908] WARN  mqtt_parser.c:1339: PT100_Logger78421CCD2218 offline!
2025-12-12 16:16:13 [8908] WARN  mqtt_parser.c:1335: PT100_Logger78421CCD2218 online!
2025-12-12 16:16:42 [8908] WARN  broker_tcp.c:683: nni aio recv error!! Unknown error #121

2025-12-12 16:16:42 [8908] WARN  nmq_mqtt.c:986: PT100_Logger78421CCD2218 pipe close!
2025-12-12 16:16:42 [8908] WARN  broker_tcp.c:974: tcptran_pipe_recv_cb: recv_error rv: 128

2025-12-12 16:16:42 [8908] WARN  mqtt_parser.c:1339: PT100_Logger78421CCD2218 offline!
2025-12-12 16:16:57 [8908] WARN  mqtt_parser.c:1335: PT100_Logger78421CCD2218 online!
2025-12-12 16:17:29 [8908] WARN  broker_tcp.c:683: nni aio recv error!! Unknown error #121

2025-12-12 16:17:29 [8908] WARN  broker_tcp.c:974: tcptran_pipe_recv_cb: recv_error rv: 128

2025-12-12 16:17:29 [8908] WARN  nmq_mqtt.c:986: PT100_Logger78421CCD2218 pipe close!
2025-12-12 16:17:29 [8908] WARN  mqtt_parser.c:1339: PT100_Logger78421CCD2218 offline!
2025-12-12 16:17:43 [8908] WARN  mqtt_parser.c:1335: PT100_Logger78421CCD2218 online!
2025-12-12 16:18:18 [8908] WARN  nmq_mqtt.c:245: Warning: close pipe & kick client due to KeepAlive timeout!
2025-12-12 16:18:18 [8908] WARN  nmq_mqtt.c:986: PT100_Logger78421CCD2218 pipe close!
2025-12-12 16:18:18 [8908] WARN  broker_tcp.c:683: nni aio recv error!! Object closed

2025-12-12 16:18:18 [8908] WARN  mqtt_parser.c:1339: PT100_Logger78421CCD2218 offline!
2025-12-12 16:18:18 [8908] WARN  broker_tcp.c:974: tcptran_pipe_recv_cb: recv_error rv: 139

2025-12-12 16:18:27 [8908] WARN  mqtt_parser.c:1335: PT100_Logger78421CCD2218 online!
2025-12-12 16:18:59 [8908] WARN  broker_tcp.c:683: nni aio recv error!! Unknown error #121

2025-12-12 16:18:59 [8908] WARN  broker_tcp.c:974: tcptran_pipe_recv_cb: recv_error rv: 128

2025-12-12 16:18:59 [8908] WARN  nmq_mqtt.c:986: PT100_Logger78421CCD2218 pipe close!
2025-12-12 16:18:59 [8908] WARN  mqtt_parser.c:1339: PT100_Logger78421CCD2218 offline!
2025-12-12 16:19:12 [8908] WARN  mqtt_parser.c:1335: PT100_Logger78421CCD2218 online!
2025-12-12 16:19:47 [8908] WARN  nmq_mqtt.c:245: Warning: close pipe & kick client due to KeepAlive timeout!
2025-12-12 16:19:47 [8908] WARN  nmq_mqtt.c:986: PT100_Logger78421CCD2218 pipe close!
2025-12-12 16:19:47 [8908] WARN  broker_tcp.c:683: nni aio recv error!! Object closed

2025-12-12 16:19:47 [8908] WARN  mqtt_parser.c:1339: PT100_Logger78421CCD2218 offline!
2025-12-12 16:19:47 [8908] WARN  broker_tcp.c:974: tcptran_pipe_recv_cb: recv_error rv: 139

2025-12-12 16:19:56 [8908] WARN  mqtt_parser.c:1335: PT100_Logger78421CCD2218 online!
2025-12-12 16:20:31 [8908] WARN  nmq_mqtt.c:245: Warning: close pipe & kick client due to KeepAlive timeout!
2025-12-12 16:20:31 [8908] WARN  nmq_mqtt.c:986: PT100_Logger78421CCD2218 pipe close!
2025-12-12 16:20:31 [8908] WARN  broker_tcp.c:683: nni aio recv error!! Object closed

2025-12-12 16:20:31 [8908] WARN  mqtt_parser.c:1339: PT100_Logger78421CCD2218 offline!
2025-12-12 16:20:31 [8908] WARN  broker_tcp.c:974: tcptran_pipe_recv_cb: recv_error rv: 139

2025-12-12 16:20:43 [8908] WARN  mqtt_parser.c:1335: PT100_Logger78421CCD2218 online!
2025-12-12 16:21:18 [8908] WARN  nmq_mqtt.c:245: Warning: close pipe & kick client due to KeepAlive timeout!
2025-12-12 16:21:18 [8908] WARN  nmq_mqtt.c:986: PT100_Logger78421CCD2218 pipe close!
2025-12-12 16:21:18 [8908] WARN  broker_tcp.c:683: nni aio recv error!! Object closed

2025-12-12 16:21:18 [8908] WARN  broker_tcp.c:974: tcptran_pipe_recv_cb: recv_error rv: 139

2025-12-12 16:21:18 [8908] WARN  mqtt_parser.c:1339: PT100_Logger78421CCD2218 offline!
2025-12-12 16:21:27 [8908] WARN  mqtt_parser.c:1335: PT100_Logger78421CCD2218 online!
2025-12-12 16:22:02 [8908] WARN  nmq_mqtt.c:245: Warning: close pipe & kick client due to KeepAlive timeout!
2025-12-12 16:22:02 [8908] WARN  nmq_mqtt.c:986: PT100_Logger78421CCD2218 pipe close!
2025-12-12 16:22:02 [8908] WARN  broker_tcp.c:683: nni aio recv error!! Object closed

2025-12-12 16:22:02 [8908] WARN  mqtt_parser.c:1339: PT100_Logger78421CCD2218 offline!
2025-12-12 16:22:02 [8908] WARN  broker_tcp.c:974: tcptran_pipe_recv_cb: recv_error rv: 139

2025-12-12 16:22:15 [8908] WARN  mqtt_parser.c:1335: PT100_Logger78421CCD2218 online!
2025-12-12 16:22:50 [8908] WARN  nmq_mqtt.c:245: Warning: close pipe & kick client due to KeepAlive timeout!
2025-12-12 16:22:50 [8908] WARN  nmq_mqtt.c:986: PT100_Logger78421CCD2218 pipe close!
2025-12-12 16:22:50 [8908] WARN  broker_tcp.c:683: nni aio recv error!! Object closed

2025-12-12 16:22:50 [8908] WARN  mqtt_parser.c:1339: PT100_Logger78421CCD2218 offline!
2025-12-12 16:22:50 [8908] WARN  broker_tcp.c:974: tcptran_pipe_recv_cb: recv_error rv: 139

2025-12-12 16:22:59 [8908] WARN  mqtt_parser.c:1335: PT100_Logger78421CCD2218 online!
2025-12-12 16:23:29 [8908] WARN  broker_tcp.c:683: nni aio recv error!! Unknown error #121

2025-12-12 16:23:29 [8908] WARN  broker_tcp.c:974: tcptran_pipe_recv_cb: recv_error rv: 128

2025-12-12 16:23:29 [8908] WARN  nmq_mqtt.c:986: PT100_Logger78421CCD2218 pipe close!
2025-12-12 16:23:29 [8908] WARN  mqtt_parser.c:1339: PT100_Logger78421CCD2218 offline!
2025-12-12 16:23:44 [8908] WARN  mqtt_parser.c:1335: PT100_Logger78421CCD2218 online!
2025-12-12 16:24:13 [8908] WARN  broker_tcp.c:683: nni aio recv error!! Unknown error #121

2025-12-12 16:24:13 [8908] WARN  broker_tcp.c:974: tcptran_pipe_recv_cb: recv_error rv: 128

2025-12-12 16:24:13 [8908] WARN  nmq_mqtt.c:986: PT100_Logger78421CCD2218 pipe close!
2025-12-12 16:24:13 [8908] WARN  mqtt_parser.c:1339: PT100_Logger78421CCD2218 offline!
2025-12-12 16:24:31 [8908] WARN  mqtt_parser.c:1335: PT100_Logger78421CCD2218 online!
2025-12-12 16:25:01 [8908] WARN  broker_tcp.c:683: nni aio recv error!! Unknown error #121

2025-12-12 16:25:01 [8908] WARN  broker_tcp.c:974: tcptran_pipe_recv_cb: recv_error rv: 128

2025-12-12 16:25:01 [8908] WARN  nmq_mqtt.c:986: PT100_Logger78421CCD2218 pipe close!
2025-12-12 16:25:01 [8908] WARN  mqtt_parser.c:1339: PT100_Logger78421CCD2218 offline!
2025-12-12 16:25:18 [8908] WARN  mqtt_parser.c:1335: PT100_Logger78421CCD2218 online!
2025-12-12 16:25:53 [8908] WARN  nmq_mqtt.c:245: Warning: close pipe & kick client due to KeepAlive timeout!
2025-12-12 16:25:53 [8908] WARN  nmq_mqtt.c:986: PT100_Logger78421CCD2218 pipe close!
2025-12-12 16:25:53 [8908] WARN  broker_tcp.c:683: nni aio recv error!! Object closed

2025-12-12 16:25:53 [8908] WARN  mqtt_parser.c:1339: PT100_Logger78421CCD2218 offline!
2025-12-12 16:25:53 [8908] WARN  broker_tcp.c:974: tcptran_pipe_recv_cb: recv_error rv: 139

2025-12-12 16:26:06 [8908] WARN  mqtt_parser.c:1335: PT100_Logger78421CCD2218 online!
2025-12-12 16:26:41 [8908] WARN  nmq_mqtt.c:245: Warning: close pipe & kick client due to KeepAlive timeout!
2025-12-12 16:26:41 [8908] WARN  nmq_mqtt.c:986: PT100_Logger78421CCD2218 pipe close!
2025-12-12 16:26:41 [8908] WARN  broker_tcp.c:683: nni aio recv error!! Object closed

2025-12-12 16:26:41 [8908] WARN  mqtt_parser.c:1339: PT100_Logger78421CCD2218 offline!
2025-12-12 16:26:41 [8908] WARN  broker_tcp.c:974: tcptran_pipe_recv_cb: recv_error rv: 139

2025-12-12 16:26:50 [8908] WARN  mqtt_parser.c:1335: PT100_Logger78421CCD2218 online!
2025-12-12 16:27:25 [8908] WARN  nmq_mqtt.c:245: Warning: close pipe & kick client due to KeepAlive timeout!
2025-12-12 16:27:25 [8908] WARN  nmq_mqtt.c:986: PT100_Logger78421CCD2218 pipe close!
2025-12-12 16:27:25 [8908] WARN  broker_tcp.c:683: nni aio recv error!! Object closed

2025-12-12 16:27:25 [8908] WARN  mqtt_parser.c:1339: PT100_Logger78421CCD2218 offline!
2025-12-12 16:27:25 [8908] WARN  broker_tcp.c:974: tcptran_pipe_recv_cb: recv_error rv: 139

2025-12-12 16:27:35 [8908] WARN  mqtt_parser.c:1335: PT100_Logger78421CCD2218 online!
2025-12-12 16:28:10 [8908] WARN  nmq_mqtt.c:245: Warning: close pipe & kick client due to KeepAlive timeout!
2025-12-12 16:28:10 [8908] WARN  nmq_mqtt.c:986: PT100_Logger78421CCD2218 pipe close!
2025-12-12 16:28:10 [8908] WARN  mqtt_parser.c:1339: PT100_Logger78421CCD2218 offline!
2025-12-12 16:28:10 [8908] WARN  broker_tcp.c:683: nni aio recv error!! Object closed

2025-12-12 16:28:10 [8908] WARN  broker_tcp.c:974: tcptran_pipe_recv_cb: recv_error rv: 139

2025-12-12 16:28:19 [8908] WARN  mqtt_parser.c:1335: PT100_Logger78421CCD2218 online!
2025-12-12 16:28:48 [8908] WARN  broker_tcp.c:683: nni aio recv error!! Unknown error #121

2025-12-12 16:28:48 [8908] WARN  broker_tcp.c:974: tcptran_pipe_recv_cb: recv_error rv: 128

2025-12-12 16:28:48 [8908] WARN  nmq_mqtt.c:986: PT100_Logger78421CCD2218 pipe close!
2025-12-12 16:28:48 [8908] WARN  mqtt_parser.c:1339: PT100_Logger78421CCD2218 offline!
2025-12-12 16:29:06 [8908] WARN  mqtt_parser.c:1335: PT100_Logger78421CCD2218 online!
2025-12-12 16:29:40 [8908] WARN  broker_tcp.c:683: nni aio recv error!! Unknown error #121

2025-12-12 16:29:40 [8908] WARN  broker_tcp.c:974: tcptran_pipe_recv_cb: recv_error rv: 128

2025-12-12 16:29:40 [8908] WARN  nmq_mqtt.c:986: PT100_Logger78421CCD2218 pipe close!
2025-12-12 16:29:40 [8908] WARN  mqtt_parser.c:1339: PT100_Logger78421CCD2218 offline!
2025-12-12 16:29:50 [8908] WARN  mqtt_parser.c:1335: PT100_Logger78421CCD2218 online!
2025-12-12 16:30:25 [8908] WARN  nmq_mqtt.c:245: Warning: close pipe & kick client due to KeepAlive timeout!
2025-12-12 16:30:25 [8908] WARN  nmq_mqtt.c:986: PT100_Logger78421CCD2218 pipe close!
2025-12-12 16:30:25 [8908] WARN  broker_tcp.c:683: nni aio recv error!! Object closed

2025-12-12 16:30:25 [8908] WARN  broker_tcp.c:974: tcptran_pipe_recv_cb: recv_error rv: 139

2025-12-12 16:30:25 [8908] WARN  mqtt_parser.c:1339: PT100_Logger78421CCD2218 offline!
2025-12-12 16:30:35 [8908] WARN  mqtt_parser.c:1335: PT100_Logger78421CCD2218 online!
2025-12-12 16:31:10 [8908] WARN  nmq_mqtt.c:245: Warning: close pipe & kick client due to KeepAlive timeout!
2025-12-12 16:31:10 [8908] WARN  nmq_mqtt.c:986: PT100_Logger78421CCD2218 pipe close!
2025-12-12 16:31:10 [8908] WARN  broker_tcp.c:683: nni aio recv error!! Object closed

2025-12-12 16:31:10 [8908] WARN  mqtt_parser.c:1339: PT100_Logger78421CCD2218 offline!
2025-12-12 16:31:10 [8908] WARN  broker_tcp.c:974: tcptran_pipe_recv_cb: recv_error rv: 139

2025-12-12 16:31:22 [8908] WARN  mqtt_parser.c:1335: PT100_Logger78421CCD2218 online!
2025-12-12 16:31:57 [8908] WARN  nmq_mqtt.c:245: Warning: close pipe & kick client due to KeepAlive timeout!
2025-12-12 16:31:57 [8908] WARN  nmq_mqtt.c:986: PT100_Logger78421CCD2218 pipe close!
2025-12-12 16:31:57 [8908] WARN  broker_tcp.c:683: nni aio recv error!! Object closed

2025-12-12 16:31:57 [8908] WARN  mqtt_parser.c:1339: PT100_Logger78421CCD2218 offline!
2025-12-12 16:31:57 [8908] WARN  broker_tcp.c:974: tcptran_pipe_recv_cb: recv_error rv: 139

2025-12-12 16:32:10 [8908] WARN  mqtt_parser.c:1335: PT100_Logger78421CCD2218 online!
2025-12-12 16:32:45 [8908] WARN  nmq_mqtt.c:245: Warning: close pipe & kick client due to KeepAlive timeout!
2025-12-12 16:32:45 [8908] WARN  nmq_mqtt.c:986: PT100_Logger78421CCD2218 pipe close!
2025-12-12 16:32:45 [8908] WARN  broker_tcp.c:683: nni aio recv error!! Object closed

2025-12-12 16:32:45 [8908] WARN  mqtt_parser.c:1339: PT100_Logger78421CCD2218 offline!
2025-12-12 16:32:45 [8908] WARN  broker_tcp.c:974: tcptran_pipe_recv_cb: recv_error rv: 139

2025-12-12 16:32:54 [8908] WARN  mqtt_parser.c:1335: PT100_Logger78421CCD2218 online!
2025-12-12 16:33:24 [8908] WARN  broker_tcp.c:683: nni aio recv error!! Unknown error #121

2025-12-12 16:33:24 [8908] WARN  broker_tcp.c:974: tcptran_pipe_recv_cb: recv_error rv: 128

2025-12-12 16:33:24 [8908] WARN  nmq_mqtt.c:986: PT100_Logger78421CCD2218 pipe close!
2025-12-12 16:33:24 [8908] WARN  mqtt_parser.c:1339: PT100_Logger78421CCD2218 offline!
2025-12-12 16:33:41 [8908] WARN  mqtt_parser.c:1335: PT100_Logger78421CCD2218 online!
2025-12-12 16:34:16 [8908] WARN  broker_tcp.c:683: nni aio recv error!! Unknown error #121

2025-12-12 16:34:16 [8908] WARN  broker_tcp.c:974: tcptran_pipe_recv_cb: recv_error rv: 128

2025-12-12 16:34:16 [8908] WARN  nmq_mqtt.c:986: PT100_Logger78421CCD2218 pipe close!
2025-12-12 16:34:16 [8908] WARN  mqtt_parser.c:1339: PT100_Logger78421CCD2218 offline!
2025-12-12 16:34:28 [8908] WARN  mqtt_parser.c:1335: PT100_Logger78421CCD2218 online!
2025-12-12 16:35:03 [8908] WARN  nmq_mqtt.c:245: Warning: close pipe & kick client due to KeepAlive timeout!
2025-12-12 16:35:03 [8908] WARN  nmq_mqtt.c:986: PT100_Logger78421CCD2218 pipe close!
2025-12-12 16:35:03 [8908] WARN  broker_tcp.c:683: nni aio recv error!! Object closed

2025-12-12 16:35:03 [8908] WARN  mqtt_parser.c:1339: PT100_Logger78421CCD2218 offline!
2025-12-12 16:35:03 [8908] WARN  broker_tcp.c:974: tcptran_pipe_recv_cb: recv_error rv: 139

2025-12-12 16:35:13 [8908] WARN  mqtt_parser.c:1335: PT100_Logger78421CCD2218 online!
2025-12-12 16:35:42 [8908] WARN  broker_tcp.c:683: nni aio recv error!! Unknown error #121

2025-12-12 16:35:42 [8908] WARN  broker_tcp.c:974: tcptran_pipe_recv_cb: recv_error rv: 128

2025-12-12 16:35:42 [8908] WARN  nmq_mqtt.c:986: PT100_Logger78421CCD2218 pipe close!
2025-12-12 16:35:42 [8908] WARN  mqtt_parser.c:1339: PT100_Logger78421CCD2218 offline!
2025-12-12 16:35:57 [8908] WARN  mqtt_parser.c:1335: PT100_Logger78421CCD2218 online!
2025-12-12 16:36:32 [8908] WARN  nmq_mqtt.c:245: Warning: close pipe & kick client due to KeepAlive timeout!
2025-12-12 16:36:32 [8908] WARN  nmq_mqtt.c:986: PT100_Logger78421CCD2218 pipe close!
2025-12-12 16:36:32 [8908] WARN  broker_tcp.c:683: nni aio recv error!! Object closed

2025-12-12 16:36:32 [8908] WARN  mqtt_parser.c:1339: PT100_Logger78421CCD2218 offline!
2025-12-12 16:36:32 [8908] WARN  broker_tcp.c:974: tcptran_pipe_recv_cb: recv_error rv: 139

2025-12-12 16:36:41 [8908] WARN  mqtt_parser.c:1335: PT100_Logger78421CCD2218 online!
2025-12-12 16:37:14 [8908] WARN  broker_tcp.c:683: nni aio recv error!! Unknown error #121

2025-12-12 16:37:14 [8908] WARN  broker_tcp.c:974: tcptran_pipe_recv_cb: recv_error rv: 128

2025-12-12 16:37:14 [8908] WARN  nmq_mqtt.c:986: PT100_Logger78421CCD2218 pipe close!
2025-12-12 16:37:14 [8908] WARN  mqtt_parser.c:1339: PT100_Logger78421CCD2218 offline!
2025-12-12 16:37:25 [8908] WARN  mqtt_parser.c:1335: PT100_Logger78421CCD2218 online!
2025-12-12 16:38:00 [8908] WARN  nmq_mqtt.c:245: Warning: close pipe & kick client due to KeepAlive timeout!
2025-12-12 16:38:00 [8908] WARN  nmq_mqtt.c:986: PT100_Logger78421CCD2218 pipe close!
2025-12-12 16:38:00 [8908] WARN  broker_tcp.c:683: nni aio recv error!! Object closed

2025-12-12 16:38:00 [8908] WARN  mqtt_parser.c:1339: PT100_Logger78421CCD2218 offline!
2025-12-12 16:38:00 [8908] WARN  broker_tcp.c:974: tcptran_pipe_recv_cb: recv_error rv: 139

2025-12-12 16:38:10 [8908] WARN  mqtt_parser.c:1335: PT100_Logger78421CCD2218 online!
2025-12-12 16:38:45 [8908] WARN  nmq_mqtt.c:245: Warning: close pipe & kick client due to KeepAlive timeout!
2025-12-12 16:38:45 [8908] WARN  nmq_mqtt.c:986: PT100_Logger78421CCD2218 pipe close!
2025-12-12 16:38:45 [8908] WARN  broker_tcp.c:683: nni aio recv error!! Object closed

2025-12-12 16:38:45 [8908] WARN  mqtt_parser.c:1339: PT100_Logger78421CCD2218 offline!
2025-12-12 16:38:45 [8908] WARN  broker_tcp.c:974: tcptran_pipe_recv_cb: recv_error rv: 139

2025-12-12 16:38:58 [8908] WARN  mqtt_parser.c:1335: PT100_Logger78421CCD2218 online!
2025-12-12 16:39:33 [8908] WARN  nmq_mqtt.c:245: Warning: close pipe & kick client due to KeepAlive timeout!
2025-12-12 16:39:33 [8908] WARN  nmq_mqtt.c:986: PT100_Logger78421CCD2218 pipe close!
2025-12-12 16:39:33 [8908] WARN  broker_tcp.c:683: nni aio recv error!! Object closed

2025-12-12 16:39:33 [8908] WARN  mqtt_parser.c:1339: PT100_Logger78421CCD2218 offline!
2025-12-12 16:39:33 [8908] WARN  broker_tcp.c:974: tcptran_pipe_recv_cb: recv_error rv: 139

2025-12-12 16:39:42 [8908] WARN  mqtt_parser.c:1335: PT100_Logger78421CCD2218 online!
2025-12-12 16:40:17 [8908] WARN  nmq_mqtt.c:245: Warning: close pipe & kick client due to KeepAlive timeout!
2025-12-12 16:40:17 [8908] WARN  nmq_mqtt.c:986: PT100_Logger78421CCD2218 pipe close!
2025-12-12 16:40:17 [8908] WARN  broker_tcp.c:683: nni aio recv error!! Object closed

2025-12-12 16:40:17 [8908] WARN  mqtt_parser.c:1339: PT100_Logger78421CCD2218 offline!
2025-12-12 16:40:17 [8908] WARN  broker_tcp.c:974: tcptran_pipe_recv_cb: recv_error rv: 139

2025-12-12 16:40:26 [8908] WARN  mqtt_parser.c:1335: PT100_Logger78421CCD2218 online!
2025-12-12 16:41:01 [8908] WARN  nmq_mqtt.c:245: Warning: close pipe & kick client due to KeepAlive timeout!
2025-12-12 16:41:01 [8908] WARN  nmq_mqtt.c:986: PT100_Logger78421CCD2218 pipe close!
2025-12-12 16:41:01 [8908] WARN  broker_tcp.c:683: nni aio recv error!! Object closed

2025-12-12 16:41:01 [8908] WARN  mqtt_parser.c:1339: PT100_Logger78421CCD2218 offline!
2025-12-12 16:41:01 [8908] WARN  broker_tcp.c:974: tcptran_pipe_recv_cb: recv_error rv: 139

2025-12-12 16:41:11 [8908] WARN  mqtt_parser.c:1335: PT100_Logger78421CCD2218 online!
2025-12-12 16:41:46 [8908] WARN  nmq_mqtt.c:245: Warning: close pipe & kick client due to KeepAlive timeout!
2025-12-12 16:41:46 [8908] WARN  nmq_mqtt.c:986: PT100_Logger78421CCD2218 pipe close!
2025-12-12 16:41:46 [8908] WARN  broker_tcp.c:683: nni aio recv error!! Object closed

2025-12-12 16:41:46 [8908] WARN  mqtt_parser.c:1339: PT100_Logger78421CCD2218 offline!
2025-12-12 16:41:46 [8908] WARN  broker_tcp.c:974: tcptran_pipe_recv_cb: recv_error rv: 139

2025-12-12 16:41:55 [8908] WARN  mqtt_parser.c:1335: PT100_Logger78421CCD2218 online!
2025-12-12 16:42:30 [8908] WARN  nmq_mqtt.c:245: Warning: close pipe & kick client due to KeepAlive timeout!
2025-12-12 16:42:30 [8908] WARN  nmq_mqtt.c:986: PT100_Logger78421CCD2218 pipe close!
2025-12-12 16:42:30 [8908] WARN  broker_tcp.c:683: nni aio recv error!! Object closed

2025-12-12 16:42:30 [8908] WARN  mqtt_parser.c:1339: PT100_Logger78421CCD2218 offline!
2025-12-12 16:42:30 [8908] WARN  broker_tcp.c:974: tcptran_pipe_recv_cb: recv_error rv: 139

2025-12-12 16:42:40 [8908] WARN  mqtt_parser.c:1335: PT100_Logger78421CCD2218 online!
2025-12-12 16:43:15 [8908] WARN  nmq_mqtt.c:245: Warning: close pipe & kick client due to KeepAlive timeout!
2025-12-12 16:43:15 [8908] WARN  nmq_mqtt.c:986: PT100_Logger78421CCD2218 pipe close!
2025-12-12 16:43:15 [8908] WARN  broker_tcp.c:683: nni aio recv error!! Object closed

2025-12-12 16:43:15 [8908] WARN  mqtt_parser.c:1339: PT100_Logger78421CCD2218 offline!
2025-12-12 16:43:15 [8908] WARN  broker_tcp.c:974: tcptran_pipe_recv_cb: recv_error rv: 139

2025-12-12 16:43:24 [8908] WARN  mqtt_parser.c:1335: PT100_Logger78421CCD2218 online!
2025-12-12 16:43:54 [8908] WARN  broker_tcp.c:683: nni aio recv error!! Unknown error #121

2025-12-12 16:43:54 [8908] WARN  broker_tcp.c:974: tcptran_pipe_recv_cb: recv_error rv: 128

2025-12-12 16:43:54 [8908] WARN  nmq_mqtt.c:986: PT100_Logger78421CCD2218 pipe close!
2025-12-12 16:43:54 [8908] WARN  mqtt_parser.c:1339: PT100_Logger78421CCD2218 offline!
2025-12-12 16:44:08 [8908] WARN  mqtt_parser.c:1335: PT100_Logger78421CCD2218 online!
2025-12-12 16:44:43 [8908] WARN  nmq_mqtt.c:245: Warning: close pipe & kick client due to KeepAlive timeout!
2025-12-12 16:44:43 [8908] WARN  nmq_mqtt.c:986: PT100_Logger78421CCD2218 pipe close!
2025-12-12 16:44:43 [8908] WARN  broker_tcp.c:683: nni aio recv error!! Object closed

2025-12-12 16:44:43 [8908] WARN  mqtt_parser.c:1339: PT100_Logger78421CCD2218 offline!
2025-12-12 16:44:43 [8908] WARN  broker_tcp.c:974: tcptran_pipe_recv_cb: recv_error rv: 139

2025-12-12 16:44:52 [8908] WARN  mqtt_parser.c:1335: PT100_Logger78421CCD2218 online!
2025-12-12 16:45:27 [8908] WARN  nmq_mqtt.c:245: Warning: close pipe & kick client due to KeepAlive timeout!
2025-12-12 16:45:27 [8908] WARN  nmq_mqtt.c:986: PT100_Logger78421CCD2218 pipe close!
2025-12-12 16:45:27 [8908] WARN  broker_tcp.c:683: nni aio recv error!! Object closed

2025-12-12 16:45:27 [8908] WARN  mqtt_parser.c:1339: PT100_Logger78421CCD2218 offline!
2025-12-12 16:45:27 [8908] WARN  broker_tcp.c:974: tcptran_pipe_recv_cb: recv_error rv: 139

2025-12-12 16:45:37 [8908] WARN  mqtt_parser.c:1335: PT100_Logger78421CCD2218 online!
2025-12-12 16:46:10 [8908] WARN  broker_tcp.c:683: nni aio recv error!! Unknown error #121

2025-12-12 16:46:10 [8908] WARN  broker_tcp.c:974: tcptran_pipe_recv_cb: recv_error rv: 128

2025-12-12 16:46:10 [8908] WARN  nmq_mqtt.c:986: PT100_Logger78421CCD2218 pipe close!
2025-12-12 16:46:10 [8908] WARN  mqtt_parser.c:1339: PT100_Logger78421CCD2218 offline!
2025-12-12 16:46:21 [8908] WARN  mqtt_parser.c:1335: PT100_Logger78421CCD2218 online!
2025-12-12 16:46:50 [8908] WARN  broker_tcp.c:683: nni aio recv error!! Unknown error #121

2025-12-12 16:46:50 [8908] WARN  broker_tcp.c:974: tcptran_pipe_recv_cb: recv_error rv: 128

2025-12-12 16:46:50 [8908] WARN  nmq_mqtt.c:986: PT100_Logger78421CCD2218 pipe close!
2025-12-12 16:46:50 [8908] WARN  mqtt_parser.c:1339: PT100_Logger78421CCD2218 offline!
2025-12-12 16:47:05 [8908] WARN  mqtt_parser.c:1335: PT100_Logger78421CCD2218 online!
2025-12-12 16:47:40 [8908] WARN  nmq_mqtt.c:245: Warning: close pipe & kick client due to KeepAlive timeout!
2025-12-12 16:47:40 [8908] WARN  nmq_mqtt.c:986: PT100_Logger78421CCD2218 pipe close!
2025-12-12 16:47:40 [8908] WARN  broker_tcp.c:683: nni aio recv error!! Object closed

2025-12-12 16:47:40 [8908] WARN  mqtt_parser.c:1339: PT100_Logger78421CCD2218 offline!
2025-12-12 16:47:40 [8908] WARN  broker_tcp.c:974: tcptran_pipe_recv_cb: recv_error rv: 139

2025-12-12 16:47:50 [8908] WARN  mqtt_parser.c:1335: PT100_Logger78421CCD2218 online!
2025-12-12 16:48:25 [8908] WARN  nmq_mqtt.c:245: Warning: close pipe & kick client due to KeepAlive timeout!
2025-12-12 16:48:25 [8908] WARN  nmq_mqtt.c:986: PT100_Logger78421CCD2218 pipe close!
2025-12-12 16:48:25 [8908] WARN  broker_tcp.c:683: nni aio recv error!! Object closed

2025-12-12 16:48:25 [8908] WARN  mqtt_parser.c:1339: PT100_Logger78421CCD2218 offline!
2025-12-12 16:48:25 [8908] WARN  broker_tcp.c:974: tcptran_pipe_recv_cb: recv_error rv: 139

2025-12-12 16:48:34 [8908] WARN  mqtt_parser.c:1335: PT100_Logger78421CCD2218 online!
2025-12-12 16:49:09 [8908] WARN  nmq_mqtt.c:245: Warning: close pipe & kick client due to KeepAlive timeout!
2025-12-12 16:49:09 [8908] WARN  nmq_mqtt.c:986: PT100_Logger78421CCD2218 pipe close!
2025-12-12 16:49:09 [8908] WARN  broker_tcp.c:683: nni aio recv error!! Object closed

2025-12-12 16:49:09 [8908] WARN  mqtt_parser.c:1339: PT100_Logger78421CCD2218 offline!
2025-12-12 16:49:09 [8908] WARN  broker_tcp.c:974: tcptran_pipe_recv_cb: recv_error rv: 139

2025-12-12 16:49:18 [8908] WARN  mqtt_parser.c:1335: PT100_Logger78421CCD2218 online!
2025-12-12 16:49:49 [8908] WARN  broker_tcp.c:683: nni aio recv error!! Unknown error #121

2025-12-12 16:49:49 [8908] WARN  broker_tcp.c:974: tcptran_pipe_recv_cb: recv_error rv: 128

2025-12-12 16:49:49 [8908] WARN  nmq_mqtt.c:986: PT100_Logger78421CCD2218 pipe close!
2025-12-12 16:49:49 [8908] WARN  mqtt_parser.c:1339: PT100_Logger78421CCD2218 offline!
2025-12-12 16:50:03 [8908] WARN  mqtt_parser.c:1335: PT100_Logger78421CCD2218 online!
2025-12-12 16:50:38 [8908] WARN  nmq_mqtt.c:245: Warning: close pipe & kick client due to KeepAlive timeout!
2025-12-12 16:50:38 [8908] WARN  nmq_mqtt.c:986: PT100_Logger78421CCD2218 pipe close!
2025-12-12 16:50:38 [8908] WARN  broker_tcp.c:683: nni aio recv error!! Object closed

2025-12-12 16:50:38 [8908] WARN  mqtt_parser.c:1339: PT100_Logger78421CCD2218 offline!
2025-12-12 16:50:38 [8908] WARN  broker_tcp.c:974: tcptran_pipe_recv_cb: recv_error rv: 139

2025-12-12 16:50:47 [8908] WARN  mqtt_parser.c:1335: PT100_Logger78421CCD2218 online!
2025-12-12 16:51:16 [8908] WARN  broker_tcp.c:683: nni aio recv error!! Unknown error #121

2025-12-12 16:51:16 [8908] WARN  broker_tcp.c:974: tcptran_pipe_recv_cb: recv_error rv: 128

2025-12-12 16:51:16 [8908] WARN  nmq_mqtt.c:986: PT100_Logger78421CCD2218 pipe close!
2025-12-12 16:51:16 [8908] WARN  mqtt_parser.c:1339: PT100_Logger78421CCD2218 offline!
2025-12-12 16:51:31 [8908] WARN  mqtt_parser.c:1335: PT100_Logger78421CCD2218 online!
2025-12-12 16:52:06 [8908] WARN  nmq_mqtt.c:245: Warning: close pipe & kick client due to KeepAlive timeout!
2025-12-12 16:52:06 [8908] WARN  nmq_mqtt.c:986: PT100_Logger78421CCD2218 pipe close!
2025-12-12 16:52:06 [8908] WARN  broker_tcp.c:683: nni aio recv error!! Object closed

2025-12-12 16:52:06 [8908] WARN  mqtt_parser.c:1339: PT100_Logger78421CCD2218 offline!
2025-12-12 16:52:06 [8908] WARN  broker_tcp.c:974: tcptran_pipe_recv_cb: recv_error rv: 139

2025-12-12 16:52:16 [8908] WARN  mqtt_parser.c:1335: PT100_Logger78421CCD2218 online!
2025-12-12 16:52:50 [8908] WARN  broker_tcp.c:683: nni aio recv error!! Unknown error #121

2025-12-12 16:52:50 [8908] WARN  broker_tcp.c:974: tcptran_pipe_recv_cb: recv_error rv: 128

2025-12-12 16:52:50 [8908] WARN  nmq_mqtt.c:986: PT100_Logger78421CCD2218 pipe close!
2025-12-12 16:52:50 [8908] WARN  mqtt_parser.c:1339: PT100_Logger78421CCD2218 offline!
2025-12-12 16:53:00 [8908] WARN  mqtt_parser.c:1335: PT100_Logger78421CCD2218 online!
2025-12-12 16:53:35 [8908] WARN  nmq_mqtt.c:245: Warning: close pipe & kick client due to KeepAlive timeout!
2025-12-12 16:53:35 [8908] WARN  nmq_mqtt.c:986: PT100_Logger78421CCD2218 pipe close!
2025-12-12 16:53:35 [8908] WARN  broker_tcp.c:683: nni aio recv error!! Object closed

2025-12-12 16:53:35 [8908] WARN  mqtt_parser.c:1339: PT100_Logger78421CCD2218 offline!
2025-12-12 16:53:35 [8908] WARN  broker_tcp.c:974: tcptran_pipe_recv_cb: recv_error rv: 139

2025-12-12 16:53:44 [8908] WARN  mqtt_parser.c:1335: PT100_Logger78421CCD2218 online!
2025-12-12 16:54:19 [8908] WARN  nmq_mqtt.c:245: Warning: close pipe & kick client due to KeepAlive timeout!
2025-12-12 16:54:19 [8908] WARN  nmq_mqtt.c:986: PT100_Logger78421CCD2218 pipe close!
2025-12-12 16:54:19 [8908] WARN  broker_tcp.c:683: nni aio recv error!! Object closed

2025-12-12 16:54:19 [8908] WARN  mqtt_parser.c:1339: PT100_Logger78421CCD2218 offline!
2025-12-12 16:54:19 [8908] WARN  broker_tcp.c:974: tcptran_pipe_recv_cb: recv_error rv: 139

2025-12-12 16:54:29 [8908] WARN  mqtt_parser.c:1335: PT100_Logger78421CCD2218 online!
2025-12-12 16:55:04 [8908] WARN  nmq_mqtt.c:245: Warning: close pipe & kick client due to KeepAlive timeout!
2025-12-12 16:55:04 [8908] WARN  nmq_mqtt.c:986: PT100_Logger78421CCD2218 pipe close!
2025-12-12 16:55:04 [8908] WARN  broker_tcp.c:683: nni aio recv error!! Object closed

2025-12-12 16:55:04 [8908] WARN  mqtt_parser.c:1339: PT100_Logger78421CCD2218 offline!
2025-12-12 16:55:04 [8908] WARN  broker_tcp.c:974: tcptran_pipe_recv_cb: recv_error rv: 139

2025-12-12 16:55:13 [8908] WARN  mqtt_parser.c:1335: PT100_Logger78421CCD2218 online!
2025-12-12 16:55:42 [8908] WARN  broker_tcp.c:683: nni aio recv error!! Unknown error #121

2025-12-12 16:55:42 [8908] WARN  broker_tcp.c:974: tcptran_pipe_recv_cb: recv_error rv: 128

2025-12-12 16:55:42 [8908] WARN  nmq_mqtt.c:986: PT100_Logger78421CCD2218 pipe close!
2025-12-12 16:55:42 [8908] WARN  mqtt_parser.c:1339: PT100_Logger78421CCD2218 offline!
2025-12-12 16:55:57 [8908] WARN  mqtt_parser.c:1335: PT100_Logger78421CCD2218 online!
2025-12-12 16:56:26 [8908] WARN  broker_tcp.c:683: nni aio recv error!! Unknown error #121

2025-12-12 16:56:26 [8908] WARN  broker_tcp.c:974: tcptran_pipe_recv_cb: recv_error rv: 128

2025-12-12 16:56:26 [8908] WARN  nmq_mqtt.c:986: PT100_Logger78421CCD2218 pipe close!
2025-12-12 16:56:26 [8908] WARN  mqtt_parser.c:1339: PT100_Logger78421CCD2218 offline!
2025-12-12 16:56:42 [8908] WARN  mqtt_parser.c:1335: PT100_Logger78421CCD2218 online!
2025-12-12 16:57:17 [8908] WARN  nmq_mqtt.c:245: Warning: close pipe & kick client due to KeepAlive timeout!
2025-12-12 16:57:17 [8908] WARN  nmq_mqtt.c:986: PT100_Logger78421CCD2218 pipe close!
2025-12-12 16:57:17 [8908] WARN  broker_tcp.c:683: nni aio recv error!! Object closed

2025-12-12 16:57:17 [8908] WARN  mqtt_parser.c:1339: PT100_Logger78421CCD2218 offline!
2025-12-12 16:57:17 [8908] WARN  broker_tcp.c:974: tcptran_pipe_recv_cb: recv_error rv: 139

2025-12-12 16:57:26 [8908] WARN  mqtt_parser.c:1335: PT100_Logger78421CCD2218 online!
2025-12-12 16:58:01 [8908] WARN  nmq_mqtt.c:245: Warning: close pipe & kick client due to KeepAlive timeout!
2025-12-12 16:58:01 [8908] WARN  broker_tcp.c:683: nni aio recv error!! Object closed

2025-12-12 16:58:01 [8908] WARN  broker_tcp.c:974: tcptran_pipe_recv_cb: recv_error rv: 139

2025-12-12 16:58:01 [8908] WARN  nmq_mqtt.c:986: PT100_Logger78421CCD2218 pipe close!
2025-12-12 16:58:01 [8908] WARN  mqtt_parser.c:1339: PT100_Logger78421CCD2218 offline!
2025-12-12 16:58:10 [8908] WARN  mqtt_parser.c:1335: PT100_Logger78421CCD2218 online!
2025-12-12 16:58:45 [8908] WARN  broker_tcp.c:683: nni aio recv error!! Unknown error #121

2025-12-12 16:58:45 [8908] WARN  broker_tcp.c:974: tcptran_pipe_recv_cb: recv_error rv: 128

2025-12-12 16:58:45 [8908] WARN  nmq_mqtt.c:986: PT100_Logger78421CCD2218 pipe close!
2025-12-12 16:58:45 [8908] WARN  mqtt_parser.c:1339: PT100_Logger78421CCD2218 offline!
2025-12-12 16:58:55 [8908] WARN  mqtt_parser.c:1335: PT100_Logger78421CCD2218 online!
2025-12-12 16:59:30 [8908] WARN  broker_tcp.c:683: nni aio recv error!! Unknown error #121

2025-12-12 16:59:30 [8908] WARN  broker_tcp.c:974: tcptran_pipe_recv_cb: recv_error rv: 128

2025-12-12 16:59:30 [8908] WARN  nmq_mqtt.c:986: PT100_Logger78421CCD2218 pipe close!
2025-12-12 16:59:30 [8908] WARN  mqtt_parser.c:1339: PT100_Logger78421CCD2218 offline!
2025-12-12 16:59:39 [8908] WARN  mqtt_parser.c:1335: PT100_Logger78421CCD2218 online!
2025-12-12 17:00:09 [8908] WARN  broker_tcp.c:683: nni aio recv error!! Unknown error #121

2025-12-12 17:00:09 [8908] WARN  broker_tcp.c:974: tcptran_pipe_recv_cb: recv_error rv: 128

2025-12-12 17:00:09 [8908] WARN  nmq_mqtt.c:986: PT100_Logger78421CCD2218 pipe close!
2025-12-12 17:00:09 [8908] WARN  mqtt_parser.c:1339: PT100_Logger78421CCD2218 offline!
2025-12-12 17:00:24 [8908] WARN  mqtt_parser.c:1335: PT100_Logger78421CCD2218 online!
2025-12-12 17:00:59 [8908] WARN  nmq_mqtt.c:245: Warning: close pipe & kick client due to KeepAlive timeout!
2025-12-12 17:00:59 [8908] WARN  nmq_mqtt.c:986: PT100_Logger78421CCD2218 pipe close!
2025-12-12 17:00:59 [8908] WARN  broker_tcp.c:683: nni aio recv error!! Object closed

2025-12-12 17:00:59 [8908] WARN  mqtt_parser.c:1339: PT100_Logger78421CCD2218 offline!
2025-12-12 17:00:59 [8908] WARN  broker_tcp.c:974: tcptran_pipe_recv_cb: recv_error rv: 139

2025-12-12 17:01:08 [8908] WARN  mqtt_parser.c:1335: PT100_Logger78421CCD2218 online!
2025-12-12 17:01:43 [8908] WARN  nmq_mqtt.c:245: Warning: close pipe & kick client due to KeepAlive timeout!
2025-12-12 17:01:43 [8908] WARN  broker_tcp.c:683: nni aio recv error!! Object closed

2025-12-12 17:01:43 [8908] WARN  nmq_mqtt.c:986: PT100_Logger78421CCD2218 pipe close!
2025-12-12 17:01:43 [8908] WARN  broker_tcp.c:974: tcptran_pipe_recv_cb: recv_error rv: 139

2025-12-12 17:01:43 [8908] WARN  mqtt_parser.c:1339: PT100_Logger78421CCD2218 offline!
2025-12-12 17:01:52 [8908] WARN  mqtt_parser.c:1335: PT100_Logger78421CCD2218 online!
2025-12-12 17:02:27 [8908] WARN  nmq_mqtt.c:245: Warning: close pipe & kick client due to KeepAlive timeout!
2025-12-12 17:02:27 [8908] WARN  nmq_mqtt.c:986: PT100_Logger78421CCD2218 pipe close!
2025-12-12 17:02:27 [8908] WARN  broker_tcp.c:683: nni aio recv error!! Object closed

2025-12-12 17:02:27 [8908] WARN  mqtt_parser.c:1339: PT100_Logger78421CCD2218 offline!
2025-12-12 17:02:27 [8908] WARN  broker_tcp.c:974: tcptran_pipe_recv_cb: recv_error rv: 139

2025-12-12 17:02:36 [8908] WARN  mqtt_parser.c:1335: PT100_Logger78421CCD2218 online!
2025-12-12 17:03:11 [8908] WARN  nmq_mqtt.c:245: Warning: close pipe & kick client due to KeepAlive timeout!
2025-12-12 17:03:11 [8908] WARN  nmq_mqtt.c:986: PT100_Logger78421CCD2218 pipe close!
2025-12-12 17:03:11 [8908] WARN  broker_tcp.c:683: nni aio recv error!! Object closed

2025-12-12 17:03:11 [8908] WARN  mqtt_parser.c:1339: PT100_Logger78421CCD2218 offline!
2025-12-12 17:03:11 [8908] WARN  broker_tcp.c:974: tcptran_pipe_recv_cb: recv_error rv: 139

2025-12-12 17:03:20 [8908] WARN  mqtt_parser.c:1335: PT100_Logger78421CCD2218 online!
2025-12-12 17:03:50 [8908] WARN  broker_tcp.c:683: nni aio recv error!! Unknown error #121

2025-12-12 17:03:50 [8908] WARN  broker_tcp.c:974: tcptran_pipe_recv_cb: recv_error rv: 128

2025-12-12 17:03:50 [8908] WARN  nmq_mqtt.c:986: PT100_Logger78421CCD2218 pipe close!
2025-12-12 17:03:50 [8908] WARN  mqtt_parser.c:1339: PT100_Logger78421CCD2218 offline!
2025-12-12 17:04:05 [8908] WARN  mqtt_parser.c:1335: PT100_Logger78421CCD2218 online!
2025-12-12 17:04:40 [8908] WARN  nmq_mqtt.c:245: Warning: close pipe & kick client due to KeepAlive timeout!
2025-12-12 17:04:40 [8908] WARN  nmq_mqtt.c:986: PT100_Logger78421CCD2218 pipe close!
2025-12-12 17:04:40 [8908] WARN  broker_tcp.c:683: nni aio recv error!! Object closed

2025-12-12 17:04:40 [8908] WARN  mqtt_parser.c:1339: PT100_Logger78421CCD2218 offline!
2025-12-12 17:04:40 [8908] WARN  broker_tcp.c:974: tcptran_pipe_recv_cb: recv_error rv: 139

2025-12-12 17:04:49 [8908] WARN  mqtt_parser.c:1335: PT100_Logger78421CCD2218 online!
2025-12-12 17:05:18 [8908] WARN  broker_tcp.c:683: nni aio recv error!! Unknown error #121

2025-12-12 17:05:18 [8908] WARN  broker_tcp.c:974: tcptran_pipe_recv_cb: recv_error rv: 128

2025-12-12 17:05:18 [8908] WARN  nmq_mqtt.c:986: PT100_Logger78421CCD2218 pipe close!
2025-12-12 17:05:18 [8908] WARN  mqtt_parser.c:1339: PT100_Logger78421CCD2218 offline!
2025-12-12 17:05:33 [8908] WARN  mqtt_parser.c:1335: PT100_Logger78421CCD2218 online!
2025-12-12 17:06:08 [8908] WARN  nmq_mqtt.c:245: Warning: close pipe & kick client due to KeepAlive timeout!
2025-12-12 17:06:08 [8908] WARN  nmq_mqtt.c:986: PT100_Logger78421CCD2218 pipe close!
2025-12-12 17:06:08 [8908] WARN  broker_tcp.c:683: nni aio recv error!! Object closed

2025-12-12 17:06:08 [8908] WARN  mqtt_parser.c:1339: PT100_Logger78421CCD2218 offline!
2025-12-12 17:06:08 [8908] WARN  broker_tcp.c:974: tcptran_pipe_recv_cb: recv_error rv: 139

2025-12-12 17:06:18 [8908] WARN  mqtt_parser.c:1335: PT100_Logger78421CCD2218 online!
2025-12-12 17:06:53 [8908] WARN  broker_tcp.c:683: nni aio recv error!! Unknown error #121

2025-12-12 17:06:53 [8908] WARN  broker_tcp.c:974: tcptran_pipe_recv_cb: recv_error rv: 128

2025-12-12 17:06:53 [8908] WARN  nmq_mqtt.c:986: PT100_Logger78421CCD2218 pipe close!
2025-12-12 17:06:53 [8908] WARN  mqtt_parser.c:1339: PT100_Logger78421CCD2218 offline!
2025-12-12 17:07:02 [8908] WARN  mqtt_parser.c:1335: PT100_Logger78421CCD2218 online!
2025-12-12 17:07:37 [8908] WARN  nmq_mqtt.c:245: Warning: close pipe & kick client due to KeepAlive timeout!
2025-12-12 17:07:37 [8908] WARN  nmq_mqtt.c:986: PT100_Logger78421CCD2218 pipe close!
2025-12-12 17:07:37 [8908] WARN  broker_tcp.c:683: nni aio recv error!! Object closed

2025-12-12 17:07:37 [8908] WARN  mqtt_parser.c:1339: PT100_Logger78421CCD2218 offline!
2025-12-12 17:07:37 [8908] WARN  broker_tcp.c:974: tcptran_pipe_recv_cb: recv_error rv: 139

2025-12-12 17:07:47 [8908] WARN  mqtt_parser.c:1335: PT100_Logger78421CCD2218 online!
2025-12-12 17:08:22 [8908] WARN  nmq_mqtt.c:245: Warning: close pipe & kick client due to KeepAlive timeout!
2025-12-12 17:08:22 [8908] WARN  nmq_mqtt.c:986: PT100_Logger78421CCD2218 pipe close!
2025-12-12 17:08:22 [8908] WARN  broker_tcp.c:683: nni aio recv error!! Object closed

2025-12-12 17:08:22 [8908] WARN  mqtt_parser.c:1339: PT100_Logger78421CCD2218 offline!
2025-12-12 17:08:22 [8908] WARN  broker_tcp.c:974: tcptran_pipe_recv_cb: recv_error rv: 139

2025-12-12 17:08:31 [8908] WARN  mqtt_parser.c:1335: PT100_Logger78421CCD2218 online!
2025-12-12 17:09:06 [8908] WARN  nmq_mqtt.c:245: Warning: close pipe & kick client due to KeepAlive timeout!
2025-12-12 17:09:06 [8908] WARN  nmq_mqtt.c:986: PT100_Logger78421CCD2218 pipe close!
2025-12-12 17:09:06 [8908] WARN  broker_tcp.c:683: nni aio recv error!! Object closed

2025-12-12 17:09:06 [8908] WARN  mqtt_parser.c:1339: PT100_Logger78421CCD2218 offline!
2025-12-12 17:09:06 [8908] WARN  broker_tcp.c:974: tcptran_pipe_recv_cb: recv_error rv: 139

2025-12-12 17:09:15 [8908] WARN  mqtt_parser.c:1335: PT100_Logger78421CCD2218 online!
2025-12-12 17:09:45 [8908] WARN  broker_tcp.c:683: nni aio recv error!! Unknown error #121

2025-12-12 17:09:45 [8908] WARN  broker_tcp.c:974: tcptran_pipe_recv_cb: recv_error rv: 128

2025-12-12 17:09:45 [8908] WARN  nmq_mqtt.c:986: PT100_Logger78421CCD2218 pipe close!
2025-12-12 17:09:45 [8908] WARN  mqtt_parser.c:1339: PT100_Logger78421CCD2218 offline!
2025-12-12 17:10:00 [8908] WARN  mqtt_parser.c:1335: PT100_Logger78421CCD2218 online!
2025-12-12 17:10:35 [8908] WARN  nmq_mqtt.c:245: Warning: close pipe & kick client due to KeepAlive timeout!
2025-12-12 17:10:35 [8908] WARN  nmq_mqtt.c:986: PT100_Logger78421CCD2218 pipe close!
2025-12-12 17:10:35 [8908] WARN  mqtt_parser.c:1339: PT100_Logger78421CCD2218 offline!
2025-12-12 17:10:35 [8908] WARN  broker_tcp.c:683: nni aio recv error!! Object closed

2025-12-12 17:10:35 [8908] WARN  broker_tcp.c:974: tcptran_pipe_recv_cb: recv_error rv: 139

2025-12-12 17:10:44 [8908] WARN  mqtt_parser.c:1335: PT100_Logger78421CCD2218 online!
2025-12-12 17:11:17 [8908] WARN  broker_tcp.c:683: nni aio recv error!! Unknown error #121

2025-12-12 17:11:17 [8908] WARN  nmq_mqtt.c:986: PT100_Logger78421CCD2218 pipe close!
2025-12-12 17:11:17 [8908] WARN  broker_tcp.c:974: tcptran_pipe_recv_cb: recv_error rv: 128

2025-12-12 17:11:17 [8908] WARN  mqtt_parser.c:1339: PT100_Logger78421CCD2218 offline!
2025-12-12 17:11:29 [8908] WARN  mqtt_parser.c:1335: PT100_Logger78421CCD2218 online!
2025-12-12 17:12:04 [8908] WARN  nmq_mqtt.c:245: Warning: close pipe & kick client due to KeepAlive timeout!
2025-12-12 17:12:04 [8908] WARN  nmq_mqtt.c:986: PT100_Logger78421CCD2218 pipe close!
2025-12-12 17:12:04 [8908] WARN  broker_tcp.c:683: nni aio recv error!! Object closed

2025-12-12 17:12:04 [8908] WARN  mqtt_parser.c:1339: PT100_Logger78421CCD2218 offline!
2025-12-12 17:12:04 [8908] WARN  broker_tcp.c:974: tcptran_pipe_recv_cb: recv_error rv: 139

2025-12-12 17:12:13 [8908] WARN  mqtt_parser.c:1335: PT100_Logger78421CCD2218 online!
2025-12-12 17:12:48 [8908] WARN  nmq_mqtt.c:245: Warning: close pipe & kick client due to KeepAlive timeout!
2025-12-12 17:12:48 [8908] WARN  nmq_mqtt.c:986: PT100_Logger78421CCD2218 pipe close!
2025-12-12 17:12:48 [8908] WARN  broker_tcp.c:683: nni aio recv error!! Object closed

2025-12-12 17:12:48 [8908] WARN  mqtt_parser.c:1339: PT100_Logger78421CCD2218 offline!
2025-12-12 17:12:48 [8908] WARN  broker_tcp.c:974: tcptran_pipe_recv_cb: recv_error rv: 139

2025-12-12 17:13:01 [8908] WARN  mqtt_parser.c:1335: PT100_Logger78421CCD2218 online!
2025-12-12 17:13:36 [8908] WARN  broker_tcp.c:683: nni aio recv error!! Unknown error #121

2025-12-12 17:13:36 [8908] WARN  nmq_mqtt.c:986: PT100_Logger78421CCD2218 pipe close!
2025-12-12 17:13:36 [8908] WARN  broker_tcp.c:974: tcptran_pipe_recv_cb: recv_error rv: 128

2025-12-12 17:13:36 [8908] WARN  mqtt_parser.c:1339: PT100_Logger78421CCD2218 offline!
2025-12-12 17:13:48 [8908] WARN  mqtt_parser.c:1335: PT100_Logger78421CCD2218 online!
2025-12-12 17:14:20 [8908] WARN  broker_tcp.c:683: nni aio recv error!! Unknown error #121

2025-12-12 17:14:20 [8908] WARN  broker_tcp.c:974: tcptran_pipe_recv_cb: recv_error rv: 128

2025-12-12 17:14:20 [8908] WARN  nmq_mqtt.c:986: PT100_Logger78421CCD2218 pipe close!
2025-12-12 17:14:20 [8908] WARN  mqtt_parser.c:1339: PT100_Logger78421CCD2218 offline!
2025-12-12 17:14:33 [8908] WARN  mqtt_parser.c:1335: PT100_Logger78421CCD2218 online!
2025-12-12 17:15:08 [8908] WARN  nmq_mqtt.c:245: Warning: close pipe & kick client due to KeepAlive timeout!
2025-12-12 17:15:08 [8908] WARN  nmq_mqtt.c:986: PT100_Logger78421CCD2218 pipe close!
2025-12-12 17:15:08 [8908] WARN  broker_tcp.c:683: nni aio recv error!! Object closed

2025-12-12 17:15:08 [8908] WARN  mqtt_parser.c:1339: PT100_Logger78421CCD2218 offline!
2025-12-12 17:15:08 [8908] WARN  broker_tcp.c:974: tcptran_pipe_recv_cb: recv_error rv: 139

2025-12-12 17:15:12 [8908] WARN  nmq_websocket.c:160:  recv aio error Object closed
2025-12-12 17:15:12 [8908] WARN  nmq_mqtt.c:986: nanomq-250d3632 pipe close!
2025-12-12 17:15:12 [8908] WARN  mqtt_parser.c:1339: nanomq-250d3632 offline!
2025-12-12 17:15:18 [8908] WARN  broker_tcp.c:683: nni aio recv error!! Unknown error #64

2025-12-12 17:15:18 [8908] WARN  broker_tcp.c:974: tcptran_pipe_recv_cb: recv_error rv: 128

2025-12-12 17:15:18 [8908] WARN  nmq_mqtt.c:986: mqtt-explorer-8f78055a pipe close!
2025-12-12 17:15:18 [8908] WARN  mqtt_parser.c:1339: mqtt-explorer-8f78055a offline!
2025-12-12 17:15:18 [8908] WARN  nmq_mqtt.c:431: pipe id 2016390686 is gone, pub failed
2025-12-12 17:15:20 [8908] WARN  mqtt_parser.c:1335: PT100_Logger78421CCD2218 online!
2025-12-13 14:45:59 [7404] WARN  broker.c:2149: Default bridging Clientid is nanomq-4bc78b57
2025-12-13 14:45:59 [7404] WARN  broker.c:1262: EMQX Edge (ver 1.2.0) Serving MQTT TCP on nmq-tcp://0.0.0.0:1883
2025-12-13 14:45:59 [7404] WARN  broker.c:1290: EMQX Edge (ver 1.2.0) Serving MQTT over WebSocket on nmq-ws://0.0.0.0:8083/mqtt
2025-12-13 14:45:59 [7404] WARN  web_server.c:313: Http Server folder set to D:\Indruino_Projects\indruino\company_project\PT100_Logger_esp32\server_win\emqx-edge-1.2.0-windows-x86_64/dist
2025-12-13 14:45:59 [7404] WARN  broker.c:1376: EMQX Edge (ver 1.2.0) Serving HTTP Server on http://0.0.0.0:8081
2025-12-13 14:45:59 [7404] WARN  broker.c:1458: NanoMQ Broker is started successfully!

2025-12-15 21:39:38 [7332] WARN  broker.c:2149: Default bridging Clientid is nanomq-0c19fdfe
2025-12-15 21:39:38 [7332] WARN  broker.c:1262: EMQX Edge (ver 1.2.0) Serving MQTT TCP on nmq-tcp://0.0.0.0:1883
2025-12-15 21:39:38 [7332] WARN  broker.c:1290: EMQX Edge (ver 1.2.0) Serving MQTT over WebSocket on nmq-ws://0.0.0.0:8083/mqtt
2025-12-15 21:39:38 [7332] WARN  web_server.c:313: Http Server folder set to D:\Indruino_Projects\indruino\company_project\PT100_Logger_esp32\server_win\emqx-edge-1.2.0-windows-x86_64/dist
2025-12-15 21:39:38 [7332] WARN  broker.c:1376: EMQX Edge (ver 1.2.0) Serving HTTP Server on http://0.0.0.0:8081
2025-12-15 21:39:38 [7332] WARN  broker.c:1458: NanoMQ Broker is started successfully!

2025-12-18 09:46:00 [7976] WARN  broker.c:2149: Default bridging Clientid is nanomq-a5706fb3
2025-12-18 09:46:00 [7976] WARN  broker.c:1262: EMQX Edge (ver 1.2.0) Serving MQTT TCP on nmq-tcp://0.0.0.0:1883
2025-12-18 09:46:00 [7976] WARN  broker.c:1290: EMQX Edge (ver 1.2.0) Serving MQTT over WebSocket on nmq-ws://0.0.0.0:8083/mqtt
2025-12-18 09:46:00 [7976] WARN  web_server.c:313: Http Server folder set to D:\Indruino_Projects\indruino\company_project\PT100_Logger_esp32\server_win\emqx-edge-1.2.0-windows-x86_64/dist
2025-12-18 09:46:00 [7976] WARN  broker.c:1376: EMQX Edge (ver 1.2.0) Serving HTTP Server on http://0.0.0.0:8081
2025-12-18 09:46:00 [7976] WARN  broker.c:1458: NanoMQ Broker is started successfully!

2025-12-18 11:25:33 [7536] WARN  broker.c:2149: Default bridging Clientid is nanomq-7a729396
2025-12-18 11:25:33 [7536] WARN  broker.c:1262: EMQX Edge (ver 1.2.0) Serving MQTT TCP on nmq-tcp://0.0.0.0:1883
2025-12-18 11:25:33 [7536] WARN  broker.c:1290: EMQX Edge (ver 1.2.0) Serving MQTT over WebSocket on nmq-ws://0.0.0.0:8083/mqtt
2025-12-18 11:25:33 [7536] WARN  web_server.c:313: Http Server folder set to D:\Indruino_Projects\indruino\company_project\PT100_Logger_esp32\server_win\emqx-edge-1.2.0-windows-x86_64/dist
2025-12-18 11:25:33 [7536] WARN  broker.c:1376: EMQX Edge (ver 1.2.0) Serving HTTP Server on http://0.0.0.0:8081
2025-12-18 11:25:33 [7536] WARN  broker.c:1458: NanoMQ Broker is started successfully!

2025-12-26 09:47:35 [7536] WARN  mqtt_parser.c:1335: mqtt-explorer-8f78055a online!
2025-12-26 09:51:50 [7536] WARN  broker_tcp.c:683: nni aio recv error!! Unknown error #212

2025-12-26 09:51:50 [7536] WARN  broker_tcp.c:974: tcptran_pipe_recv_cb: recv_error rv: 128

2025-12-26 09:51:50 [7536] WARN  nmq_mqtt.c:986: mqtt-explorer-8f78055a pipe close!
2025-12-26 09:51:50 [7536] WARN  mqtt_parser.c:1339: mqtt-explorer-8f78055a offline!
2025-12-26 09:51:50 [7536] WARN  nmq_mqtt.c:431: pipe id 2016390686 is gone, pub failed
2025-12-26 10:22:38 [7536] WARN  mqtt_parser.c:1335: mqtt-explorer-8f78055a online!
2025-12-26 10:22:53 [7536] WARN  mqtt_parser.c:1335: nanomq-6d0fe333 online!
2025-12-26 10:23:02 [7536] WARN  nmq_websocket.c:160:  recv aio error Object closed
2025-12-26 10:23:02 [7536] WARN  nmq_mqtt.c:986: nanomq-6d0fe333 pipe close!
2025-12-26 10:23:02 [7536] WARN  mqtt_parser.c:1339: nanomq-6d0fe333 offline!
2025-12-26 10:23:02 [7536] WARN  mqtt_parser.c:1335: nanomq-c8e764fa online!
2025-12-26 10:23:25 [7536] WARN  nmq_websocket.c:160:  recv aio error Object closed
2025-12-26 10:23:25 [7536] WARN  nmq_mqtt.c:986: nanomq-c8e764fa pipe close!
2025-12-26 10:23:25 [7536] WARN  mqtt_parser.c:1339: nanomq-c8e764fa offline!
2025-12-26 10:23:25 [7536] WARN  mqtt_parser.c:1335: nanomq-eff3df62 online!
2025-12-26 10:23:32 [7536] WARN  nmq_websocket.c:160:  recv aio error Object closed
2025-12-26 10:23:32 [7536] WARN  nmq_mqtt.c:986: nanomq-eff3df62 pipe close!
2025-12-26 10:23:32 [7536] WARN  mqtt_parser.c:1339: nanomq-eff3df62 offline!
2025-12-26 10:23:32 [7536] WARN  mqtt_parser.c:1335: nanomq-7bd03f19 online!
2025-12-26 10:23:53 [7536] WARN  nmq_websocket.c:160:  recv aio error Object closed
2025-12-26 10:23:53 [7536] WARN  nmq_mqtt.c:986: nanomq-7bd03f19 pipe close!
2025-12-26 10:23:53 [7536] WARN  mqtt_parser.c:1339: nanomq-7bd03f19 offline!
2025-12-26 10:23:53 [7536] WARN  mqtt_parser.c:1335: nanomq-bf8d1ac5 online!
2025-12-26 10:23:58 [7536] WARN  nmq_websocket.c:160:  recv aio error Object closed
2025-12-26 10:23:58 [7536] WARN  nmq_mqtt.c:986: nanomq-bf8d1ac5 pipe close!
2025-12-26 10:23:58 [7536] WARN  mqtt_parser.c:1339: nanomq-bf8d1ac5 offline!
2025-12-26 10:23:58 [7536] WARN  mqtt_parser.c:1335: nanomq-9a2d44e6 online!
2025-12-26 10:24:00 [7536] WARN  nmq_websocket.c:160:  recv aio error Object closed
2025-12-26 10:24:00 [7536] WARN  nmq_mqtt.c:986: nanomq-9a2d44e6 pipe close!
2025-12-26 10:24:00 [7536] WARN  mqtt_parser.c:1339: nanomq-9a2d44e6 offline!
2025-12-26 10:24:00 [7536] WARN  mqtt_parser.c:1335: nanomq-4180e8ed online!
2025-12-26 10:24:01 [7536] WARN  nmq_websocket.c:160:  recv aio error Object closed
2025-12-26 10:24:01 [7536] WARN  nmq_mqtt.c:986: nanomq-4180e8ed pipe close!
2025-12-26 10:24:01 [7536] WARN  mqtt_parser.c:1339: nanomq-4180e8ed offline!
2025-12-26 10:24:01 [7536] WARN  mqtt_parser.c:1335: nanomq-4192fd69 online!
2025-12-26 10:24:05 [7536] WARN  nmq_websocket.c:160:  recv aio error Object closed
2025-12-26 10:24:05 [7536] WARN  nmq_mqtt.c:986: nanomq-4192fd69 pipe close!
2025-12-26 10:24:05 [7536] WARN  mqtt_parser.c:1339: nanomq-4192fd69 offline!
2025-12-26 10:24:05 [7536] WARN  mqtt_parser.c:1335: nanomq-708d6ae4 online!
2025-12-26 10:24:09 [7536] WARN  nmq_websocket.c:160:  recv aio error Object closed
2025-12-26 10:24:09 [7536] WARN  nmq_mqtt.c:986: nanomq-708d6ae4 pipe close!
2025-12-26 10:24:09 [7536] WARN  mqtt_parser.c:1339: nanomq-708d6ae4 offline!
2025-12-26 10:24:09 [7536] WARN  mqtt_parser.c:1335: nanomq-b8e49903 online!
2025-12-26 10:24:13 [7536] WARN  nmq_websocket.c:160:  recv aio error Object closed
2025-12-26 10:24:13 [7536] WARN  nmq_mqtt.c:986: nanomq-b8e49903 pipe close!
2025-12-26 10:24:13 [7536] WARN  mqtt_parser.c:1339: nanomq-b8e49903 offline!
2025-12-26 10:24:13 [7536] WARN  mqtt_parser.c:1335: nanomq-30a7f915 online!
2025-12-26 10:28:14 [7536] WARN  nmq_websocket.c:160:  recv aio error Object closed
2025-12-26 10:28:14 [7536] WARN  nmq_mqtt.c:986: nanomq-30a7f915 pipe close!
2025-12-26 10:28:14 [7536] WARN  mqtt_parser.c:1339: nanomq-30a7f915 offline!
2025-12-26 10:28:14 [7536] WARN  mqtt_parser.c:1335: nanomq-bea1bf25 online!
2025-12-26 10:29:49 [7536] WARN  nmq_mqtt.c:245: Warning: close pipe & kick client due to KeepAlive timeout!
2025-12-26 10:29:49 [7536] WARN  nmq_mqtt.c:986: nanomq-bea1bf25 pipe close!
2025-12-26 10:29:49 [7536] WARN  nmq_websocket.c:160:  recv aio error Object closed
2025-12-26 10:29:49 [7536] WARN  mqtt_parser.c:1339: nanomq-bea1bf25 offline!
2025-12-26 10:35:09 [7536] WARN  mqtt_parser.c:1335: nanomq-1ec62adc online!
2025-12-26 10:35:32 [7536] WARN  nmq_websocket.c:160:  recv aio error Object closed
2025-12-26 10:35:32 [7536] WARN  nmq_mqtt.c:986: nanomq-1ec62adc pipe close!
2025-12-26 10:35:32 [7536] WARN  mqtt_parser.c:1339: nanomq-1ec62adc offline!
2025-12-26 10:35:32 [7536] WARN  mqtt_parser.c:1335: nanomq-345604a9 online!
2025-12-26 10:35:33 [7536] WARN  nmq_websocket.c:160:  recv aio error Object closed
2025-12-26 10:35:33 [7536] WARN  nmq_mqtt.c:986: nanomq-345604a9 pipe close!
2025-12-26 10:35:33 [7536] WARN  mqtt_parser.c:1339: nanomq-345604a9 offline!
2025-12-26 10:35:33 [7536] WARN  mqtt_parser.c:1335: nanomq-116daeee online!
2025-12-26 10:35:38 [7536] WARN  nmq_websocket.c:160:  recv aio error Object closed
2025-12-26 10:35:38 [7536] WARN  nmq_mqtt.c:986: nanomq-116daeee pipe close!
2025-12-26 10:35:38 [7536] WARN  mqtt_parser.c:1339: nanomq-116daeee offline!
2025-12-26 10:35:38 [7536] WARN  mqtt_parser.c:1335: nanomq-2cafc22b online!
2025-12-26 10:36:24 [7536] WARN  nmq_websocket.c:160:  recv aio error Object closed
2025-12-26 10:36:24 [7536] WARN  nmq_mqtt.c:986: nanomq-2cafc22b pipe close!
2025-12-26 10:36:24 [7536] WARN  mqtt_parser.c:1339: nanomq-2cafc22b offline!
2025-12-26 10:36:24 [7536] WARN  mqtt_parser.c:1335: nanomq-f3c14928 online!
2025-12-26 10:36:32 [7536] WARN  nmq_websocket.c:160:  recv aio error Object closed
2025-12-26 10:36:32 [7536] WARN  nmq_mqtt.c:986: nanomq-f3c14928 pipe close!
2025-12-26 10:36:32 [7536] WARN  mqtt_parser.c:1339: nanomq-f3c14928 offline!
2025-12-26 10:36:32 [7536] WARN  mqtt_parser.c:1335: nanomq-0d4ec7a9 online!
2025-12-26 10:36:53 [7536] WARN  nmq_websocket.c:160:  recv aio error Object closed
2025-12-26 10:36:53 [7536] WARN  nmq_mqtt.c:986: nanomq-0d4ec7a9 pipe close!
2025-12-26 10:36:53 [7536] WARN  mqtt_parser.c:1339: nanomq-0d4ec7a9 offline!
2025-12-26 10:36:53 [7536] WARN  mqtt_parser.c:1335: nanomq-bdd6c2fe online!
2025-12-26 10:39:53 [7536] WARN  nmq_websocket.c:160:  recv aio error Object closed
2025-12-26 10:39:53 [7536] WARN  nmq_mqtt.c:986: nanomq-bdd6c2fe pipe close!
2025-12-26 10:39:53 [7536] WARN  mqtt_parser.c:1339: nanomq-bdd6c2fe offline!
2025-12-26 10:39:53 [7536] WARN  mqtt_parser.c:1335: nanomq-704982fd online!
2025-12-26 10:40:46 [7536] WARN  nmq_websocket.c:160:  recv aio error Object closed
2025-12-26 10:40:46 [7536] WARN  nmq_mqtt.c:986: nanomq-704982fd pipe close!
2025-12-26 10:40:46 [7536] WARN  mqtt_parser.c:1339: nanomq-704982fd offline!
2025-12-26 10:40:46 [7536] WARN  mqtt_parser.c:1335: nanomq-2edbf2ce online!
2025-12-26 10:41:15 [7536] WARN  nmq_websocket.c:160:  recv aio error Object closed
2025-12-26 10:41:15 [7536] WARN  nmq_mqtt.c:986: nanomq-2edbf2ce pipe close!
2025-12-26 10:41:15 [7536] WARN  mqtt_parser.c:1339: nanomq-2edbf2ce offline!
2025-12-26 10:41:15 [7536] WARN  mqtt_parser.c:1335: nanomq-d9805089 online!
2025-12-26 10:42:18 [7536] WARN  nmq_websocket.c:160:  recv aio error Object closed
2025-12-26 10:42:18 [7536] WARN  nmq_mqtt.c:986: nanomq-d9805089 pipe close!
2025-12-26 10:42:18 [7536] WARN  mqtt_parser.c:1339: nanomq-d9805089 offline!
2025-12-26 10:42:18 [7536] WARN  mqtt_parser.c:1335: nanomq-44053934 online!
2025-12-26 10:42:52 [7536] WARN  nmq_websocket.c:160:  recv aio error Object closed
2025-12-26 10:42:52 [7536] WARN  nmq_mqtt.c:986: nanomq-44053934 pipe close!
2025-12-26 10:42:52 [7536] WARN  mqtt_parser.c:1339: nanomq-44053934 offline!
2025-12-26 10:42:52 [7536] WARN  mqtt_parser.c:1335: nanomq-9c85f0e2 online!
2025-12-26 10:42:55 [7536] WARN  nmq_websocket.c:160:  recv aio error Object closed
2025-12-26 10:42:55 [7536] WARN  nmq_mqtt.c:986: nanomq-9c85f0e2 pipe close!
2025-12-26 10:42:55 [7536] WARN  mqtt_parser.c:1339: nanomq-9c85f0e2 offline!
2025-12-26 10:42:55 [7536] WARN  mqtt_parser.c:1335: nanomq-87575ae7 online!
2025-12-26 10:43:12 [7536] WARN  nmq_websocket.c:160:  recv aio error Object closed
2025-12-26 10:43:12 [7536] WARN  nmq_mqtt.c:986: nanomq-87575ae7 pipe close!
2025-12-26 10:43:12 [7536] WARN  mqtt_parser.c:1339: nanomq-87575ae7 offline!
2025-12-26 10:43:12 [7536] WARN  mqtt_parser.c:1335: nanomq-53741cc4 online!
2025-12-26 10:47:14 [7536] WARN  nmq_websocket.c:160:  recv aio error Object closed
2025-12-26 10:47:14 [7536] WARN  nmq_mqtt.c:986: nanomq-53741cc4 pipe close!
2025-12-26 10:47:14 [7536] WARN  mqtt_parser.c:1339: nanomq-53741cc4 offline!
2025-12-26 10:47:14 [7536] WARN  mqtt_parser.c:1335: nanomq-dffecbb6 online!
2025-12-26 10:48:49 [7536] WARN  nmq_mqtt.c:245: Warning: close pipe & kick client due to KeepAlive timeout!
2025-12-26 10:48:49 [7536] WARN  nmq_mqtt.c:986: nanomq-dffecbb6 pipe close!
2025-12-26 10:48:49 [7536] WARN  nmq_websocket.c:160:  recv aio error Object closed
2025-12-26 10:48:49 [7536] WARN  mqtt_parser.c:1339: nanomq-dffecbb6 offline!
2025-12-26 10:59:35 [7536] WARN  mqtt_parser.c:1335: nanomq-4296048e online!
2025-12-26 11:00:39 [7536] WARN  nmq_websocket.c:160:  recv aio error Object closed
2025-12-26 11:00:39 [7536] WARN  nmq_mqtt.c:986: nanomq-4296048e pipe close!
2025-12-26 11:00:39 [7536] WARN  mqtt_parser.c:1339: nanomq-4296048e offline!
2025-12-26 11:00:39 [7536] WARN  mqtt_parser.c:1335: nanomq-2483cf80 online!
2025-12-26 11:00:43 [7536] WARN  nmq_websocket.c:160:  recv aio error Object closed
2025-12-26 11:00:43 [7536] WARN  nmq_mqtt.c:986: nanomq-2483cf80 pipe close!
2025-12-26 11:00:43 [7536] WARN  mqtt_parser.c:1339: nanomq-2483cf80 offline!
2025-12-26 11:00:43 [7536] WARN  mqtt_parser.c:1335: nanomq-1b465ce0 online!
2025-12-26 11:00:52 [7536] WARN  nmq_websocket.c:160:  recv aio error Object closed
2025-12-26 11:00:52 [7536] WARN  nmq_mqtt.c:986: nanomq-1b465ce0 pipe close!
2025-12-26 11:00:52 [7536] WARN  mqtt_parser.c:1339: nanomq-1b465ce0 offline!
2025-12-26 11:00:52 [7536] WARN  mqtt_parser.c:1335: nanomq-2cb13729 online!
2025-12-26 11:01:09 [7536] WARN  nmq_websocket.c:160:  recv aio error Object closed
2025-12-26 11:01:09 [7536] WARN  nmq_mqtt.c:986: nanomq-2cb13729 pipe close!
2025-12-26 11:01:09 [7536] WARN  mqtt_parser.c:1339: nanomq-2cb13729 offline!
2025-12-26 11:01:09 [7536] WARN  mqtt_parser.c:1335: nanomq-c44a0925 online!
2025-12-26 11:01:32 [7536] WARN  nmq_websocket.c:160:  recv aio error Object closed
2025-12-26 11:01:32 [7536] WARN  nmq_mqtt.c:986: nanomq-c44a0925 pipe close!
2025-12-26 11:01:32 [7536] WARN  mqtt_parser.c:1339: nanomq-c44a0925 offline!
2025-12-26 11:01:32 [7536] WARN  mqtt_parser.c:1335: nanomq-4f72cf34 online!
2025-12-26 11:02:18 [7536] WARN  nmq_websocket.c:160:  recv aio error Object closed
2025-12-26 11:02:18 [7536] WARN  nmq_mqtt.c:986: nanomq-4f72cf34 pipe close!
2025-12-26 11:02:18 [7536] WARN  mqtt_parser.c:1339: nanomq-4f72cf34 offline!
2025-12-26 11:02:18 [7536] WARN  mqtt_parser.c:1335: nanomq-69f6d690 online!
2025-12-26 11:03:38 [7536] WARN  nmq_websocket.c:160:  recv aio error Object closed
2025-12-26 11:03:38 [7536] WARN  nmq_mqtt.c:986: nanomq-69f6d690 pipe close!
2025-12-26 11:03:38 [7536] WARN  mqtt_parser.c:1339: nanomq-69f6d690 offline!
2025-12-26 11:03:38 [7536] WARN  mqtt_parser.c:1335: nanomq-af6f5768 online!
2025-12-26 11:03:42 [7536] WARN  nmq_websocket.c:160:  recv aio error Object closed
2025-12-26 11:03:42 [7536] WARN  nmq_mqtt.c:986: nanomq-af6f5768 pipe close!
2025-12-26 11:03:42 [7536] WARN  mqtt_parser.c:1339: nanomq-af6f5768 offline!
2025-12-26 11:03:43 [7536] WARN  mqtt_parser.c:1335: nanomq-573451e0 online!
2025-12-26 11:03:44 [7536] WARN  nmq_websocket.c:160:  recv aio error Object closed
2025-12-26 11:03:44 [7536] WARN  nmq_mqtt.c:986: nanomq-573451e0 pipe close!
2025-12-26 11:03:44 [7536] WARN  mqtt_parser.c:1339: nanomq-573451e0 offline!
2025-12-26 11:03:44 [7536] WARN  mqtt_parser.c:1335: nanomq-3d549a89 online!
2025-12-26 11:03:46 [7536] WARN  nmq_websocket.c:160:  recv aio error Object closed
2025-12-26 11:03:46 [7536] WARN  nmq_mqtt.c:986: nanomq-3d549a89 pipe close!
2025-12-26 11:03:46 [7536] WARN  mqtt_parser.c:1339: nanomq-3d549a89 offline!
2025-12-26 11:03:46 [7536] WARN  mqtt_parser.c:1335: nanomq-e774f9b3 online!
2025-12-26 11:03:47 [7536] WARN  nmq_websocket.c:160:  recv aio error Object closed
2025-12-26 11:03:47 [7536] WARN  nmq_mqtt.c:986: nanomq-e774f9b3 pipe close!
2025-12-26 11:03:47 [7536] WARN  mqtt_parser.c:1339: nanomq-e774f9b3 offline!
2025-12-26 11:03:47 [7536] WARN  mqtt_parser.c:1335: nanomq-83a85efc online!
2025-12-26 11:03:49 [7536] WARN  nmq_websocket.c:160:  recv aio error Object closed
2025-12-26 11:03:49 [7536] WARN  nmq_mqtt.c:986: nanomq-83a85efc pipe close!
2025-12-26 11:03:49 [7536] WARN  mqtt_parser.c:1339: nanomq-83a85efc offline!
2025-12-26 11:03:50 [7536] WARN  mqtt_parser.c:1335: nanomq-bd7c0f77 online!
2025-12-26 11:03:51 [7536] WARN  nmq_websocket.c:160:  recv aio error Object closed
2025-12-26 11:03:51 [7536] WARN  nmq_mqtt.c:986: nanomq-bd7c0f77 pipe close!
2025-12-26 11:03:51 [7536] WARN  mqtt_parser.c:1339: nanomq-bd7c0f77 offline!
2025-12-26 11:03:51 [7536] WARN  mqtt_parser.c:1335: nanomq-19a6450a online!
2025-12-26 11:03:52 [7536] WARN  nmq_websocket.c:160:  recv aio error Object closed
2025-12-26 11:03:52 [7536] WARN  nmq_mqtt.c:986: nanomq-19a6450a pipe close!
2025-12-26 11:03:52 [7536] WARN  mqtt_parser.c:1339: nanomq-19a6450a offline!
2025-12-26 11:03:52 [7536] WARN  mqtt_parser.c:1335: nanomq-682e704e online!
2025-12-26 11:12:14 [7536] WARN  nmq_websocket.c:160:  recv aio error Object closed
2025-12-26 11:12:14 [7536] WARN  nmq_mqtt.c:986: nanomq-682e704e pipe close!
2025-12-26 11:12:14 [7536] WARN  mqtt_parser.c:1339: nanomq-682e704e offline!
2025-12-26 11:12:14 [7536] WARN  mqtt_parser.c:1335: nanomq-4f91d6f7 online!
2025-12-26 11:13:49 [7536] WARN  nmq_mqtt.c:245: Warning: close pipe & kick client due to KeepAlive timeout!
2025-12-26 11:13:49 [7536] WARN  nmq_mqtt.c:986: nanomq-4f91d6f7 pipe close!
2025-12-26 11:13:49 [7536] WARN  nmq_websocket.c:160:  recv aio error Object closed
2025-12-26 11:13:49 [7536] WARN  mqtt_parser.c:1339: nanomq-4f91d6f7 offline!
2025-12-26 13:11:09 [7536] WARN  mqtt_parser.c:1335: nanomq-e1b1a8dd online!
2025-12-26 13:11:14 [7536] WARN  nmq_websocket.c:160:  recv aio error Object closed
2025-12-26 13:11:14 [7536] WARN  nmq_mqtt.c:986: nanomq-e1b1a8dd pipe close!
2025-12-26 13:11:14 [7536] WARN  mqtt_parser.c:1339: nanomq-e1b1a8dd offline!
2025-12-26 13:11:14 [7536] WARN  mqtt_parser.c:1335: nanomq-86394913 online!
2025-12-26 13:11:16 [7536] WARN  nmq_websocket.c:160:  recv aio error Object closed
2025-12-26 13:11:16 [7536] WARN  nmq_mqtt.c:986: nanomq-86394913 pipe close!
2025-12-26 13:11:16 [7536] WARN  mqtt_parser.c:1339: nanomq-86394913 offline!
2025-12-26 13:11:16 [7536] WARN  mqtt_parser.c:1335: nanomq-47a11b8b online!
2025-12-26 13:11:19 [7536] WARN  nmq_websocket.c:160:  recv aio error Object closed
2025-12-26 13:11:19 [7536] WARN  nmq_mqtt.c:986: nanomq-47a11b8b pipe close!
2025-12-26 13:11:19 [7536] WARN  mqtt_parser.c:1339: nanomq-47a11b8b offline!
2025-12-26 13:11:19 [7536] WARN  mqtt_parser.c:1335: nanomq-4e0f3cb3 online!
2025-12-26 13:11:23 [7536] WARN  nmq_websocket.c:160:  recv aio error Object closed
2025-12-26 13:11:23 [7536] WARN  nmq_mqtt.c:986: nanomq-4e0f3cb3 pipe close!
2025-12-26 13:11:23 [7536] WARN  mqtt_parser.c:1339: nanomq-4e0f3cb3 offline!
2025-12-26 13:11:23 [7536] WARN  mqtt_parser.c:1335: nanomq-d2834cdc online!
2025-12-26 13:11:26 [7536] WARN  nmq_websocket.c:160:  recv aio error Object closed
2025-12-26 13:11:26 [7536] WARN  nmq_mqtt.c:986: nanomq-d2834cdc pipe close!
2025-12-26 13:11:26 [7536] WARN  mqtt_parser.c:1339: nanomq-d2834cdc offline!
2025-12-26 13:11:26 [7536] WARN  mqtt_parser.c:1335: nanomq-1654f450 online!
2025-12-26 13:11:30 [7536] WARN  nmq_websocket.c:160:  recv aio error Object closed
2025-12-26 13:11:30 [7536] WARN  nmq_mqtt.c:986: nanomq-1654f450 pipe close!
2025-12-26 13:11:30 [7536] WARN  mqtt_parser.c:1339: nanomq-1654f450 offline!
2025-12-26 13:11:30 [7536] WARN  mqtt_parser.c:1335: nanomq-6f772332 online!
2025-12-26 13:11:33 [7536] WARN  nmq_websocket.c:160:  recv aio error Object closed
2025-12-26 13:11:33 [7536] WARN  nmq_mqtt.c:986: nanomq-6f772332 pipe close!
2025-12-26 13:11:33 [7536] WARN  mqtt_parser.c:1339: nanomq-6f772332 offline!
2025-12-26 13:11:33 [7536] WARN  mqtt_parser.c:1335: nanomq-1e80ca4f online!
2025-12-26 13:11:37 [7536] WARN  nmq_websocket.c:160:  recv aio error Object closed
2025-12-26 13:11:37 [7536] WARN  nmq_mqtt.c:986: nanomq-1e80ca4f pipe close!
2025-12-26 13:11:37 [7536] WARN  mqtt_parser.c:1339: nanomq-1e80ca4f offline!
2025-12-26 13:11:37 [7536] WARN  mqtt_parser.c:1335: nanomq-15b6b7cf online!
2025-12-26 13:11:40 [7536] WARN  nmq_websocket.c:160:  recv aio error Object closed
2025-12-26 13:11:40 [7536] WARN  nmq_mqtt.c:986: nanomq-15b6b7cf pipe close!
2025-12-26 13:11:40 [7536] WARN  mqtt_parser.c:1339: nanomq-15b6b7cf offline!
2025-12-26 13:11:40 [7536] WARN  mqtt_parser.c:1335: nanomq-ea4b59ee online!
2025-12-26 13:11:43 [7536] WARN  nmq_websocket.c:160:  recv aio error Object closed
2025-12-26 13:11:43 [7536] WARN  nmq_mqtt.c:986: nanomq-ea4b59ee pipe close!
2025-12-26 13:11:43 [7536] WARN  mqtt_parser.c:1339: nanomq-ea4b59ee offline!
2025-12-26 13:11:43 [7536] WARN  mqtt_parser.c:1335: nanomq-cd865dfc online!
2025-12-26 13:11:44 [7536] WARN  nmq_websocket.c:160:  recv aio error Object closed
2025-12-26 13:11:44 [7536] WARN  nmq_mqtt.c:986: nanomq-cd865dfc pipe close!
2025-12-26 13:11:44 [7536] WARN  mqtt_parser.c:1339: nanomq-cd865dfc offline!
2025-12-26 13:11:44 [7536] WARN  mqtt_parser.c:1335: nanomq-2eabb85a online!
2025-12-26 13:11:55 [7536] WARN  nmq_websocket.c:160:  recv aio error Object closed
2025-12-26 13:11:55 [7536] WARN  nmq_mqtt.c:986: nanomq-2eabb85a pipe close!
2025-12-26 13:11:55 [7536] WARN  mqtt_parser.c:1339: nanomq-2eabb85a offline!
2025-12-26 13:11:55 [7536] WARN  mqtt_parser.c:1335: nanomq-af887424 online!
2025-12-26 13:12:13 [7536] WARN  nmq_websocket.c:160:  recv aio error Object closed
2025-12-26 13:12:13 [7536] WARN  nmq_mqtt.c:986: nanomq-af887424 pipe close!
2025-12-26 13:12:13 [7536] WARN  mqtt_parser.c:1339: nanomq-af887424 offline!
2025-12-26 13:12:13 [7536] WARN  mqtt_parser.c:1335: nanomq-7fd5739d online!
2025-12-26 13:12:14 [7536] WARN  nmq_websocket.c:160:  recv aio error Object closed
2025-12-26 13:12:14 [7536] WARN  nmq_mqtt.c:986: nanomq-7fd5739d pipe close!
2025-12-26 13:12:14 [7536] WARN  mqtt_parser.c:1339: nanomq-7fd5739d offline!
2025-12-26 13:12:15 [7536] WARN  mqtt_parser.c:1335: nanomq-69dddaea online!
2025-12-26 13:12:23 [7536] WARN  nmq_websocket.c:160:  recv aio error Object closed
2025-12-26 13:12:23 [7536] WARN  nmq_mqtt.c:986: nanomq-69dddaea pipe close!
2025-12-26 13:12:23 [7536] WARN  mqtt_parser.c:1339: nanomq-69dddaea offline!
2025-12-26 13:12:23 [7536] WARN  mqtt_parser.c:1335: nanomq-f01f6923 online!
2025-12-26 13:12:34 [7536] WARN  nmq_websocket.c:160:  recv aio error Object closed
2025-12-26 13:12:34 [7536] WARN  nmq_mqtt.c:986: nanomq-f01f6923 pipe close!
2025-12-26 13:12:34 [7536] WARN  mqtt_parser.c:1339: nanomq-f01f6923 offline!
2025-12-26 13:12:34 [7536] WARN  mqtt_parser.c:1335: nanomq-564f71cb online!
2025-12-26 13:12:46 [7536] WARN  nmq_websocket.c:160:  recv aio error Object closed
2025-12-26 13:12:46 [7536] WARN  nmq_mqtt.c:986: nanomq-564f71cb pipe close!
2025-12-26 13:12:46 [7536] WARN  mqtt_parser.c:1339: nanomq-564f71cb offline!
2025-12-26 13:12:46 [7536] WARN  mqtt_parser.c:1335: nanomq-74ca2488 online!
2025-12-26 13:12:49 [7536] WARN  nmq_websocket.c:160:  recv aio error Object closed
2025-12-26 13:12:49 [7536] WARN  nmq_mqtt.c:986: nanomq-74ca2488 pipe close!
2025-12-26 13:12:49 [7536] WARN  mqtt_parser.c:1339: nanomq-74ca2488 offline!
2025-12-26 13:12:49 [7536] WARN  mqtt_parser.c:1335: nanomq-a1dbc65d online!
2025-12-26 13:12:52 [7536] WARN  nmq_websocket.c:160:  recv aio error Object closed
2025-12-26 13:12:52 [7536] WARN  nmq_mqtt.c:986: nanomq-a1dbc65d pipe close!
2025-12-26 13:12:52 [7536] WARN  mqtt_parser.c:1339: nanomq-a1dbc65d offline!
2025-12-26 13:12:52 [7536] WARN  mqtt_parser.c:1335: nanomq-0002e0ff online!
2025-12-26 13:12:55 [7536] WARN  nmq_websocket.c:160:  recv aio error Object closed
2025-12-26 13:12:55 [7536] WARN  nmq_mqtt.c:986: nanomq-0002e0ff pipe close!
2025-12-26 13:12:55 [7536] WARN  mqtt_parser.c:1339: nanomq-0002e0ff offline!
2025-12-26 13:12:55 [7536] WARN  mqtt_parser.c:1335: nanomq-b87abd3f online!
2025-12-26 13:12:59 [7536] WARN  nmq_websocket.c:160:  recv aio error Object closed
2025-12-26 13:12:59 [7536] WARN  nmq_mqtt.c:986: nanomq-b87abd3f pipe close!
2025-12-26 13:12:59 [7536] WARN  mqtt_parser.c:1339: nanomq-b87abd3f offline!
2025-12-26 13:12:59 [7536] WARN  mqtt_parser.c:1335: nanomq-ba341f6e online!
2025-12-26 13:13:02 [7536] WARN  nmq_websocket.c:160:  recv aio error Object closed
2025-12-26 13:13:02 [7536] WARN  nmq_mqtt.c:986: nanomq-ba341f6e pipe close!
2025-12-26 13:13:02 [7536] WARN  mqtt_parser.c:1339: nanomq-ba341f6e offline!
2025-12-26 13:13:02 [7536] WARN  mqtt_parser.c:1335: nanomq-e6328c28 online!
2025-12-26 13:13:21 [7536] WARN  nmq_websocket.c:160:  recv aio error Object closed
2025-12-26 13:13:21 [7536] WARN  nmq_mqtt.c:986: nanomq-e6328c28 pipe close!
2025-12-26 13:13:21 [7536] WARN  mqtt_parser.c:1339: nanomq-e6328c28 offline!
2025-12-26 13:13:21 [7536] WARN  mqtt_parser.c:1335: nanomq-2a26e556 online!
2025-12-26 13:13:59 [7536] WARN  nmq_websocket.c:160:  recv aio error Object closed
2025-12-26 13:13:59 [7536] WARN  nmq_mqtt.c:986: nanomq-2a26e556 pipe close!
2025-12-26 13:13:59 [7536] WARN  mqtt_parser.c:1339: nanomq-2a26e556 offline!
2025-12-26 13:13:59 [7536] WARN  mqtt_parser.c:1335: nanomq-9cbd075f online!
2025-12-26 13:18:14 [7536] WARN  nmq_websocket.c:160:  recv aio error Object closed
2025-12-26 13:18:14 [7536] WARN  nmq_mqtt.c:986: nanomq-9cbd075f pipe close!
2025-12-26 13:18:14 [7536] WARN  mqtt_parser.c:1339: nanomq-9cbd075f offline!
2025-12-26 13:18:14 [7536] WARN  mqtt_parser.c:1335: nanomq-c52d756e online!
2025-12-26 13:19:49 [7536] WARN  nmq_mqtt.c:245: Warning: close pipe & kick client due to KeepAlive timeout!
2025-12-26 13:19:49 [7536] WARN  nmq_mqtt.c:986: nanomq-c52d756e pipe close!
2025-12-26 13:19:49 [7536] WARN  mqtt_parser.c:1339: nanomq-c52d756e offline!
2025-12-26 13:19:49 [7536] WARN  nmq_websocket.c:160:  recv aio error Object closed
2025-12-26 14:09:05 [7536] WARN  mqtt_parser.c:1335: nanomq-94943d3b online!
2025-12-26 14:15:14 [7536] WARN  nmq_websocket.c:160:  recv aio error Object closed
2025-12-26 14:15:14 [7536] WARN  nmq_mqtt.c:986: nanomq-94943d3b pipe close!
2025-12-26 14:15:14 [7536] WARN  mqtt_parser.c:1339: nanomq-94943d3b offline!
2025-12-26 14:15:14 [7536] WARN  mqtt_parser.c:1335: nanomq-4c08e25a online!
2025-12-26 14:16:49 [7536] WARN  nmq_mqtt.c:245: Warning: close pipe & kick client due to KeepAlive timeout!
2025-12-26 14:16:49 [7536] WARN  nmq_mqtt.c:986: nanomq-4c08e25a pipe close!
2025-12-26 14:16:49 [7536] WARN  nmq_websocket.c:160:  recv aio error Object closed
2025-12-26 14:16:49 [7536] WARN  mqtt_parser.c:1339: nanomq-4c08e25a offline!
2025-12-26 14:27:32 [7536] WARN  mqtt_parser.c:1335: nanomq-c4ff01cf online!
2025-12-26 14:27:35 [7536] WARN  nmq_websocket.c:160:  recv aio error Object closed
2025-12-26 14:27:35 [7536] WARN  nmq_mqtt.c:986: nanomq-c4ff01cf pipe close!
2025-12-26 14:27:35 [7536] WARN  mqtt_parser.c:1339: nanomq-c4ff01cf offline!
2025-12-26 14:27:35 [7536] WARN  mqtt_parser.c:1335: nanomq-c3f0c969 online!
2025-12-26 14:30:14 [7536] WARN  nmq_websocket.c:160:  recv aio error Object closed
2025-12-26 14:30:14 [7536] WARN  nmq_mqtt.c:986: nanomq-c3f0c969 pipe close!
2025-12-26 14:30:14 [7536] WARN  mqtt_parser.c:1339: nanomq-c3f0c969 offline!
2025-12-26 14:30:14 [7536] WARN  mqtt_parser.c:1335: nanomq-f499b36b online!
2025-12-26 14:31:07 [7536] WARN  nmq_websocket.c:160:  recv aio error Object closed
2025-12-26 14:31:07 [7536] WARN  nmq_mqtt.c:986: nanomq-f499b36b pipe close!
2025-12-26 14:31:07 [7536] WARN  mqtt_parser.c:1339: nanomq-f499b36b offline!
2025-12-26 14:31:07 [7536] WARN  mqtt_parser.c:1335: nanomq-0af538d6 online!
2025-12-26 14:31:23 [7536] WARN  nmq_websocket.c:160:  recv aio error Object closed
2025-12-26 14:31:23 [7536] WARN  nmq_mqtt.c:986: nanomq-0af538d6 pipe close!
2025-12-26 14:31:23 [7536] WARN  mqtt_parser.c:1339: nanomq-0af538d6 offline!
2025-12-26 14:31:23 [7536] WARN  mqtt_parser.c:1335: nanomq-3dfba8b4 online!
2025-12-26 14:31:30 [7536] WARN  nmq_websocket.c:160:  recv aio error Object closed
2025-12-26 14:31:30 [7536] WARN  nmq_mqtt.c:986: nanomq-3dfba8b4 pipe close!
2025-12-26 14:31:30 [7536] WARN  mqtt_parser.c:1339: nanomq-3dfba8b4 offline!
2025-12-26 14:31:30 [7536] WARN  mqtt_parser.c:1335: nanomq-e67c4ab1 online!
2025-12-26 14:31:47 [7536] WARN  nmq_websocket.c:160:  recv aio error Object closed
2025-12-26 14:31:47 [7536] WARN  nmq_mqtt.c:986: nanomq-e67c4ab1 pipe close!
2025-12-26 14:31:47 [7536] WARN  mqtt_parser.c:1339: nanomq-e67c4ab1 offline!
2025-12-26 14:31:47 [7536] WARN  mqtt_parser.c:1335: nanomq-e513c404 online!
2025-12-26 14:32:24 [7536] WARN  nmq_websocket.c:160:  recv aio error Object closed
2025-12-26 14:32:24 [7536] WARN  nmq_mqtt.c:986: nanomq-e513c404 pipe close!
2025-12-26 14:32:24 [7536] WARN  mqtt_parser.c:1339: nanomq-e513c404 offline!
2025-12-26 14:32:24 [7536] WARN  mqtt_parser.c:1335: nanomq-2e212ba1 online!
2025-12-26 14:32:29 [7536] WARN  nmq_websocket.c:160:  recv aio error Object closed
2025-12-26 14:32:29 [7536] WARN  nmq_mqtt.c:986: nanomq-2e212ba1 pipe close!
2025-12-26 14:32:29 [7536] WARN  mqtt_parser.c:1339: nanomq-2e212ba1 offline!
2025-12-26 14:32:29 [7536] WARN  mqtt_parser.c:1335: nanomq-c8d5743a online!
2025-12-26 14:32:33 [7536] WARN  nmq_websocket.c:160:  recv aio error Object closed
2025-12-26 14:32:33 [7536] WARN  nmq_mqtt.c:986: nanomq-c8d5743a pipe close!
2025-12-26 14:32:33 [7536] WARN  mqtt_parser.c:1339: nanomq-c8d5743a offline!
2025-12-26 14:32:33 [7536] WARN  mqtt_parser.c:1335: nanomq-f819ab94 online!
2025-12-26 14:32:41 [7536] WARN  nmq_websocket.c:160:  recv aio error Object closed
2025-12-26 14:32:41 [7536] WARN  nmq_mqtt.c:986: nanomq-f819ab94 pipe close!
2025-12-26 14:32:41 [7536] WARN  mqtt_parser.c:1339: nanomq-f819ab94 offline!
2025-12-26 14:32:41 [7536] WARN  mqtt_parser.c:1335: nanomq-05b39efa online!
2025-12-26 14:32:46 [7536] WARN  nmq_websocket.c:160:  recv aio error Object closed
2025-12-26 14:32:46 [7536] WARN  nmq_mqtt.c:986: nanomq-05b39efa pipe close!
2025-12-26 14:32:46 [7536] WARN  mqtt_parser.c:1339: nanomq-05b39efa offline!
2025-12-26 14:32:46 [7536] WARN  mqtt_parser.c:1335: nanomq-4e024890 online!
2025-12-26 14:32:52 [7536] WARN  nmq_websocket.c:160:  recv aio error Object closed
2025-12-26 14:32:52 [7536] WARN  nmq_mqtt.c:986: nanomq-4e024890 pipe close!
2025-12-26 14:32:52 [7536] WARN  mqtt_parser.c:1339: nanomq-4e024890 offline!
2025-12-26 14:32:52 [7536] WARN  mqtt_parser.c:1335: nanomq-e8be3ced online!
2025-12-26 14:33:05 [7536] WARN  nmq_websocket.c:160:  recv aio error Object closed
2025-12-26 14:33:05 [7536] WARN  nmq_mqtt.c:986: nanomq-e8be3ced pipe close!
2025-12-26 14:33:05 [7536] WARN  mqtt_parser.c:1339: nanomq-e8be3ced offline!
2025-12-26 14:33:05 [7536] WARN  mqtt_parser.c:1335: nanomq-4540c778 online!
2025-12-26 14:40:14 [7536] WARN  nmq_websocket.c:160:  recv aio error Object closed
2025-12-26 14:40:14 [7536] WARN  nmq_mqtt.c:986: nanomq-4540c778 pipe close!
2025-12-26 14:40:14 [7536] WARN  mqtt_parser.c:1339: nanomq-4540c778 offline!
2025-12-26 14:40:14 [7536] WARN  mqtt_parser.c:1335: nanomq-c032f6f8 online!
2025-12-26 14:41:16 [7536] WARN  nmq_websocket.c:160:  recv aio error Object closed
2025-12-26 14:41:16 [7536] WARN  nmq_mqtt.c:986: nanomq-c032f6f8 pipe close!
2025-12-26 14:41:16 [7536] WARN  mqtt_parser.c:1339: nanomq-c032f6f8 offline!
2025-12-26 14:41:16 [7536] WARN  mqtt_parser.c:1335: nanomq-625ac432 online!
2025-12-26 14:41:19 [7536] WARN  nmq_websocket.c:160:  recv aio error Object closed
2025-12-26 14:41:19 [7536] WARN  nmq_mqtt.c:986: nanomq-625ac432 pipe close!
2025-12-26 14:41:19 [7536] WARN  mqtt_parser.c:1339: nanomq-625ac432 offline!
2025-12-26 14:41:19 [7536] WARN  mqtt_parser.c:1335: nanomq-de7878cd online!
2025-12-26 14:41:30 [7536] WARN  nmq_websocket.c:160:  recv aio error Object closed
2025-12-26 14:41:30 [7536] WARN  nmq_mqtt.c:986: nanomq-de7878cd pipe close!
2025-12-26 14:41:30 [7536] WARN  mqtt_parser.c:1339: nanomq-de7878cd offline!
2025-12-26 14:41:30 [7536] WARN  mqtt_parser.c:1335: nanomq-3933c408 online!
2025-12-26 14:41:55 [7536] WARN  nmq_websocket.c:160:  recv aio error Object closed
2025-12-26 14:41:55 [7536] WARN  nmq_mqtt.c:986: nanomq-3933c408 pipe close!
2025-12-26 14:41:55 [7536] WARN  mqtt_parser.c:1339: nanomq-3933c408 offline!
2025-12-26 14:41:55 [7536] WARN  mqtt_parser.c:1335: nanomq-06237ef8 online!
2025-12-26 14:42:42 [7536] WARN  nmq_websocket.c:160:  recv aio error Object closed
2025-12-26 14:42:42 [7536] WARN  nmq_mqtt.c:986: nanomq-06237ef8 pipe close!
2025-12-26 14:42:42 [7536] WARN  mqtt_parser.c:1339: nanomq-06237ef8 offline!
2025-12-26 14:42:42 [7536] WARN  mqtt_parser.c:1335: nanomq-6ec7bb3f online!
2025-12-26 14:42:47 [7536] WARN  nmq_websocket.c:160:  recv aio error Object closed
2025-12-26 14:42:47 [7536] WARN  nmq_mqtt.c:986: nanomq-6ec7bb3f pipe close!
2025-12-26 14:42:47 [7536] WARN  mqtt_parser.c:1339: nanomq-6ec7bb3f offline!
2025-12-26 14:42:47 [7536] WARN  mqtt_parser.c:1335: nanomq-d1e90f17 online!
2025-12-26 14:43:01 [7536] WARN  nmq_websocket.c:160:  recv aio error Object closed
2025-12-26 14:43:01 [7536] WARN  nmq_mqtt.c:986: nanomq-d1e90f17 pipe close!
2025-12-26 14:43:01 [7536] WARN  mqtt_parser.c:1339: nanomq-d1e90f17 offline!
2025-12-26 14:43:01 [7536] WARN  mqtt_parser.c:1335: nanomq-e26a82ec online!
2025-12-26 14:43:03 [7536] WARN  nmq_websocket.c:160:  recv aio error Object closed
2025-12-26 14:43:03 [7536] WARN  nmq_mqtt.c:986: nanomq-e26a82ec pipe close!
2025-12-26 14:43:03 [7536] WARN  mqtt_parser.c:1339: nanomq-e26a82ec offline!
2025-12-26 14:43:03 [7536] WARN  mqtt_parser.c:1335: nanomq-d2e8fcae online!
2025-12-26 14:43:04 [7536] WARN  nmq_websocket.c:160:  recv aio error Object closed
2025-12-26 14:43:04 [7536] WARN  nmq_mqtt.c:986: nanomq-d2e8fcae pipe close!
2025-12-26 14:43:04 [7536] WARN  mqtt_parser.c:1339: nanomq-d2e8fcae offline!
2025-12-26 14:43:04 [7536] WARN  mqtt_parser.c:1335: nanomq-7d7b9ac5 online!
2025-12-26 14:43:21 [7536] WARN  nmq_websocket.c:160:  recv aio error Object closed
2025-12-26 14:43:21 [7536] WARN  nmq_mqtt.c:986: nanomq-7d7b9ac5 pipe close!
2025-12-26 14:43:21 [7536] WARN  mqtt_parser.c:1339: nanomq-7d7b9ac5 offline!
2025-12-26 14:43:21 [7536] WARN  mqtt_parser.c:1335: nanomq-4c400758 online!
2025-12-26 14:44:12 [7536] WARN  nmq_websocket.c:160:  recv aio error Object closed
2025-12-26 14:44:12 [7536] WARN  nmq_mqtt.c:986: nanomq-4c400758 pipe close!
2025-12-26 14:44:12 [7536] WARN  mqtt_parser.c:1339: nanomq-4c400758 offline!
2025-12-26 14:44:13 [7536] WARN  mqtt_parser.c:1335: nanomq-ba820c41 online!
2025-12-26 14:44:34 [7536] WARN  nmq_websocket.c:160:  recv aio error Object closed
2025-12-26 14:44:34 [7536] WARN  nmq_mqtt.c:986: nanomq-ba820c41 pipe close!
2025-12-26 14:44:34 [7536] WARN  mqtt_parser.c:1339: nanomq-ba820c41 offline!
2025-12-26 14:44:34 [7536] WARN  mqtt_parser.c:1335: nanomq-5c3561e2 online!
2025-12-26 14:44:43 [7536] WARN  nmq_websocket.c:160:  recv aio error Object closed
2025-12-26 14:44:43 [7536] WARN  nmq_mqtt.c:986: nanomq-5c3561e2 pipe close!
2025-12-26 14:44:43 [7536] WARN  mqtt_parser.c:1339: nanomq-5c3561e2 offline!
2025-12-26 14:44:43 [7536] WARN  mqtt_parser.c:1335: nanomq-ab8ef582 online!
2025-12-26 14:44:48 [7536] WARN  nmq_websocket.c:160:  recv aio error Object closed
2025-12-26 14:44:48 [7536] WARN  nmq_mqtt.c:986: nanomq-ab8ef582 pipe close!
2025-12-26 14:44:48 [7536] WARN  mqtt_parser.c:1339: nanomq-ab8ef582 offline!
2025-12-26 14:44:48 [7536] WARN  mqtt_parser.c:1335: nanomq-895b7f34 online!
2025-12-26 14:46:08 [7536] WARN  nmq_websocket.c:160:  recv aio error Object closed
2025-12-26 14:46:08 [7536] WARN  nmq_mqtt.c:986: nanomq-895b7f34 pipe close!
2025-12-26 14:46:08 [7536] WARN  mqtt_parser.c:1339: nanomq-895b7f34 offline!
2025-12-26 14:46:08 [7536] WARN  mqtt_parser.c:1335: nanomq-864543c2 online!
2025-12-26 14:46:17 [7536] WARN  nmq_websocket.c:160:  recv aio error Object closed
2025-12-26 14:46:17 [7536] WARN  nmq_mqtt.c:986: nanomq-864543c2 pipe close!
2025-12-26 14:46:17 [7536] WARN  mqtt_parser.c:1339: nanomq-864543c2 offline!
2025-12-26 14:46:17 [7536] WARN  mqtt_parser.c:1335: nanomq-6e602376 online!
2025-12-26 14:46:20 [7536] WARN  nmq_websocket.c:160:  recv aio error Object closed
2025-12-26 14:46:20 [7536] WARN  nmq_mqtt.c:986: nanomq-6e602376 pipe close!
2025-12-26 14:46:20 [7536] WARN  mqtt_parser.c:1339: nanomq-6e602376 offline!
2025-12-26 14:46:20 [7536] WARN  mqtt_parser.c:1335: nanomq-82e04820 online!
2025-12-26 14:46:22 [7536] WARN  nmq_websocket.c:160:  recv aio error Object closed
2025-12-26 14:46:22 [7536] WARN  nmq_mqtt.c:986: nanomq-82e04820 pipe close!
2025-12-26 14:46:22 [7536] WARN  mqtt_parser.c:1339: nanomq-82e04820 offline!
2025-12-26 14:46:22 [7536] WARN  mqtt_parser.c:1335: nanomq-3c50f55c online!
2025-12-26 14:46:24 [7536] WARN  nmq_websocket.c:160:  recv aio error Object closed
2025-12-26 14:46:24 [7536] WARN  nmq_mqtt.c:986: nanomq-3c50f55c pipe close!
2025-12-26 14:46:24 [7536] WARN  mqtt_parser.c:1339: nanomq-3c50f55c offline!
2025-12-26 14:46:24 [7536] WARN  mqtt_parser.c:1335: nanomq-f7d29799 online!
2025-12-26 14:46:25 [7536] WARN  nmq_websocket.c:160:  recv aio error Object closed
2025-12-26 14:46:25 [7536] WARN  nmq_mqtt.c:986: nanomq-f7d29799 pipe close!
2025-12-26 14:46:25 [7536] WARN  mqtt_parser.c:1339: nanomq-f7d29799 offline!
2025-12-26 14:46:25 [7536] WARN  mqtt_parser.c:1335: nanomq-ff5b8a27 online!
2025-12-26 14:47:13 [7536] WARN  nmq_websocket.c:160:  recv aio error Object closed
2025-12-26 14:47:13 [7536] WARN  nmq_mqtt.c:986: nanomq-ff5b8a27 pipe close!
2025-12-26 14:47:13 [7536] WARN  mqtt_parser.c:1339: nanomq-ff5b8a27 offline!
2025-12-26 14:47:14 [7536] WARN  mqtt_parser.c:1335: nanomq-c7ef052b online!
2025-12-26 14:47:34 [7536] WARN  nmq_websocket.c:160:  recv aio error Object closed
2025-12-26 14:47:34 [7536] WARN  nmq_mqtt.c:986: nanomq-c7ef052b pipe close!
2025-12-26 14:47:34 [7536] WARN  mqtt_parser.c:1339: nanomq-c7ef052b offline!
2025-12-26 14:47:34 [7536] WARN  mqtt_parser.c:1335: nanomq-004374e7 online!
2025-12-26 14:50:59 [7536] WARN  nmq_websocket.c:160:  recv aio error Object closed
2025-12-26 14:50:59 [7536] WARN  nmq_mqtt.c:986: nanomq-004374e7 pipe close!
2025-12-26 14:50:59 [7536] WARN  mqtt_parser.c:1339: nanomq-004374e7 offline!
2025-12-26 14:51:16 [7536] WARN  mqtt_parser.c:1335: nanomq-76233bf3 online!
2025-12-26 14:54:14 [7536] WARN  nmq_websocket.c:160:  recv aio error Object closed
2025-12-26 14:54:14 [7536] WARN  nmq_mqtt.c:986: nanomq-76233bf3 pipe close!
2025-12-26 14:54:14 [7536] WARN  mqtt_parser.c:1339: nanomq-76233bf3 offline!
2025-12-26 14:54:14 [7536] WARN  mqtt_parser.c:1335: nanomq-eec53f4f online!
2025-12-26 14:55:49 [7536] WARN  nmq_mqtt.c:245: Warning: close pipe & kick client due to KeepAlive timeout!
2025-12-26 14:55:49 [7536] WARN  nmq_mqtt.c:986: nanomq-eec53f4f pipe close!
2025-12-26 14:55:49 [7536] WARN  nmq_websocket.c:160:  recv aio error Object closed
2025-12-26 14:55:49 [7536] WARN  mqtt_parser.c:1339: nanomq-eec53f4f offline!
2025-12-26 14:56:39 [7536] WARN  mqtt_parser.c:1335: nanomq-2a590ef6 online!
2025-12-26 14:56:41 [7536] WARN  nmq_websocket.c:160:  recv aio error Object closed
2025-12-26 14:56:41 [7536] WARN  nmq_mqtt.c:986: nanomq-2a590ef6 pipe close!
2025-12-26 14:56:41 [7536] WARN  mqtt_parser.c:1339: nanomq-2a590ef6 offline!
2025-12-26 14:56:41 [7536] WARN  mqtt_parser.c:1335: nanomq-caa754ba online!
2025-12-26 14:56:45 [7536] WARN  nmq_websocket.c:160:  recv aio error Object closed
2025-12-26 14:56:45 [7536] WARN  nmq_mqtt.c:986: nanomq-caa754ba pipe close!
2025-12-26 14:56:45 [7536] WARN  mqtt_parser.c:1339: nanomq-caa754ba offline!
2025-12-26 14:56:45 [7536] WARN  mqtt_parser.c:1335: nanomq-c11bccf4 online!
2025-12-26 14:56:50 [7536] WARN  nmq_websocket.c:160:  recv aio error Object closed
2025-12-26 14:56:50 [7536] WARN  nmq_mqtt.c:986: nanomq-c11bccf4 pipe close!
2025-12-26 14:56:50 [7536] WARN  mqtt_parser.c:1339: nanomq-c11bccf4 offline!
2025-12-26 14:56:50 [7536] WARN  mqtt_parser.c:1335: nanomq-303122ff online!
2025-12-26 14:56:57 [7536] WARN  nmq_websocket.c:160:  recv aio error Object closed
2025-12-26 14:56:57 [7536] WARN  nmq_mqtt.c:986: nanomq-303122ff pipe close!
2025-12-26 14:56:57 [7536] WARN  mqtt_parser.c:1339: nanomq-303122ff offline!
2025-12-26 14:56:57 [7536] WARN  mqtt_parser.c:1335: nanomq-ab8c3fec online!
2025-12-26 14:57:21 [7536] WARN  nmq_websocket.c:160:  recv aio error Object closed
2025-12-26 14:57:21 [7536] WARN  nmq_mqtt.c:986: nanomq-ab8c3fec pipe close!
2025-12-26 14:57:21 [7536] WARN  mqtt_parser.c:1339: nanomq-ab8c3fec offline!
2025-12-26 14:57:21 [7536] WARN  mqtt_parser.c:1335: nanomq-1a3c4f10 online!
2025-12-26 14:57:22 [7536] WARN  nmq_websocket.c:160:  recv aio error Object closed
2025-12-26 14:57:22 [7536] WARN  nmq_mqtt.c:986: nanomq-1a3c4f10 pipe close!
2025-12-26 14:57:22 [7536] WARN  mqtt_parser.c:1339: nanomq-1a3c4f10 offline!
2025-12-26 14:57:22 [7536] WARN  mqtt_parser.c:1335: nanomq-c23b29a3 online!
2025-12-26 14:57:26 [7536] WARN  nmq_websocket.c:160:  recv aio error Object closed
2025-12-26 14:57:26 [7536] WARN  nmq_mqtt.c:986: nanomq-c23b29a3 pipe close!
2025-12-26 14:57:26 [7536] WARN  mqtt_parser.c:1339: nanomq-c23b29a3 offline!
2025-12-26 14:57:26 [7536] WARN  mqtt_parser.c:1335: nanomq-c11e5a0a online!
2025-12-26 14:57:29 [7536] WARN  nmq_websocket.c:160:  recv aio error Object closed
2025-12-26 14:57:29 [7536] WARN  nmq_mqtt.c:986: nanomq-c11e5a0a pipe close!
2025-12-26 14:57:29 [7536] WARN  mqtt_parser.c:1339: nanomq-c11e5a0a offline!
2025-12-26 14:57:29 [7536] WARN  mqtt_parser.c:1335: nanomq-9fbdedeb online!
2025-12-26 14:58:05 [7536] WARN  nmq_websocket.c:160:  recv aio error Object closed
2025-12-26 14:58:05 [7536] WARN  nmq_mqtt.c:986: nanomq-9fbdedeb pipe close!
2025-12-26 14:58:05 [7536] WARN  mqtt_parser.c:1339: nanomq-9fbdedeb offline!
2025-12-26 14:58:05 [7536] WARN  mqtt_parser.c:1335: nanomq-b2b4908d online!
2025-12-26 14:58:07 [7536] WARN  nmq_websocket.c:160:  recv aio error Object closed
2025-12-26 14:58:07 [7536] WARN  nmq_mqtt.c:986: nanomq-b2b4908d pipe close!
2025-12-26 14:58:07 [7536] WARN  mqtt_parser.c:1339: nanomq-b2b4908d offline!
2025-12-26 14:58:07 [7536] WARN  mqtt_parser.c:1335: nanomq-9a7675da online!
2025-12-26 14:58:25 [7536] WARN  nmq_websocket.c:160:  recv aio error Object closed
2025-12-26 14:58:25 [7536] WARN  nmq_mqtt.c:986: nanomq-9a7675da pipe close!
2025-12-26 14:58:25 [7536] WARN  mqtt_parser.c:1339: nanomq-9a7675da offline!
2025-12-26 14:58:25 [7536] WARN  mqtt_parser.c:1335: nanomq-fe2d2cb8 online!
2025-12-26 14:58:28 [7536] WARN  nmq_websocket.c:160:  recv aio error Object closed
2025-12-26 14:58:28 [7536] WARN  nmq_mqtt.c:986: nanomq-fe2d2cb8 pipe close!
2025-12-26 14:58:28 [7536] WARN  mqtt_parser.c:1339: nanomq-fe2d2cb8 offline!
2025-12-26 14:58:28 [7536] WARN  mqtt_parser.c:1335: nanomq-bcced2b8 online!
2025-12-26 14:58:32 [7536] WARN  nmq_websocket.c:160:  recv aio error Object closed
2025-12-26 14:58:32 [7536] WARN  nmq_mqtt.c:986: nanomq-bcced2b8 pipe close!
2025-12-26 14:58:32 [7536] WARN  mqtt_parser.c:1339: nanomq-bcced2b8 offline!
2025-12-26 14:58:37 [7536] WARN  mqtt_parser.c:1335: nanomq-467f35f3 online!
2025-12-26 14:59:00 [7536] WARN  nmq_websocket.c:160:  recv aio error Object closed
2025-12-26 14:59:00 [7536] WARN  nmq_mqtt.c:986: nanomq-467f35f3 pipe close!
2025-12-26 14:59:00 [7536] WARN  mqtt_parser.c:1339: nanomq-467f35f3 offline!
2025-12-26 14:59:01 [7536] WARN  mqtt_parser.c:1335: nanomq-ef411112 online!
2025-12-26 14:59:02 [7536] WARN  nmq_websocket.c:160:  recv aio error Object closed
2025-12-26 14:59:02 [7536] WARN  nmq_mqtt.c:986: nanomq-ef411112 pipe close!
2025-12-26 14:59:02 [7536] WARN  mqtt_parser.c:1339: nanomq-ef411112 offline!
2025-12-26 14:59:05 [7536] WARN  mqtt_parser.c:1335: nanomq-588463d4 online!
2025-12-26 14:59:08 [7536] WARN  nmq_websocket.c:160:  recv aio error Object closed
2025-12-26 14:59:08 [7536] WARN  nmq_mqtt.c:986: nanomq-588463d4 pipe close!
2025-12-26 14:59:08 [7536] WARN  mqtt_parser.c:1339: nanomq-588463d4 offline!
2025-12-26 14:59:09 [7536] WARN  mqtt_parser.c:1335: nanomq-aef4f1f8 online!
2025-12-26 14:59:12 [7536] WARN  nmq_websocket.c:160:  recv aio error Object closed
2025-12-26 14:59:12 [7536] WARN  nmq_mqtt.c:986: nanomq-aef4f1f8 pipe close!
2025-12-26 14:59:12 [7536] WARN  mqtt_parser.c:1339: nanomq-aef4f1f8 offline!
2025-12-26 14:59:13 [7536] WARN  mqtt_parser.c:1335: nanomq-f9b4a862 online!
2025-12-26 15:00:31 [7536] WARN  nmq_websocket.c:160:  recv aio error Object closed
2025-12-26 15:00:31 [7536] WARN  nmq_mqtt.c:986: nanomq-f9b4a862 pipe close!
2025-12-26 15:00:31 [7536] WARN  mqtt_parser.c:1339: nanomq-f9b4a862 offline!
2025-12-26 15:00:31 [7536] WARN  mqtt_parser.c:1335: nanomq-eb87611a online!
2025-12-26 15:00:43 [7536] WARN  nmq_websocket.c:160:  recv aio error Object closed
2025-12-26 15:00:43 [7536] WARN  nmq_mqtt.c:986: nanomq-eb87611a pipe close!
2025-12-26 15:00:43 [7536] WARN  mqtt_parser.c:1339: nanomq-eb87611a offline!
2025-12-26 15:00:43 [7536] WARN  mqtt_parser.c:1335: nanomq-c01e1970 online!
2025-12-26 15:00:44 [7536] WARN  nmq_websocket.c:160:  recv aio error Object closed
2025-12-26 15:00:44 [7536] WARN  nmq_mqtt.c:986: nanomq-c01e1970 pipe close!
2025-12-26 15:00:44 [7536] WARN  mqtt_parser.c:1339: nanomq-c01e1970 offline!
2025-12-26 15:00:44 [7536] WARN  mqtt_parser.c:1335: nanomq-cf8129c9 online!
2025-12-26 15:00:55 [7536] WARN  nmq_websocket.c:160:  recv aio error Object closed
2025-12-26 15:00:55 [7536] WARN  nmq_mqtt.c:986: nanomq-cf8129c9 pipe close!
2025-12-26 15:00:55 [7536] WARN  mqtt_parser.c:1339: nanomq-cf8129c9 offline!
2025-12-26 15:00:55 [7536] WARN  mqtt_parser.c:1335: nanomq-c99079b8 online!
2025-12-26 15:01:02 [7536] WARN  nmq_websocket.c:160:  recv aio error Object closed
2025-12-26 15:01:02 [7536] WARN  nmq_mqtt.c:986: nanomq-c99079b8 pipe close!
2025-12-26 15:01:02 [7536] WARN  mqtt_parser.c:1339: nanomq-c99079b8 offline!
2025-12-26 15:01:02 [7536] WARN  mqtt_parser.c:1335: nanomq-931effa4 online!
2025-12-26 15:01:29 [7536] WARN  nmq_websocket.c:160:  recv aio error Object closed
2025-12-26 15:01:29 [7536] WARN  nmq_mqtt.c:986: nanomq-931effa4 pipe close!
2025-12-26 15:01:29 [7536] WARN  mqtt_parser.c:1339: nanomq-931effa4 offline!
2025-12-26 15:01:29 [7536] WARN  mqtt_parser.c:1335: nanomq-13e6cb0d online!
2025-12-26 15:01:33 [7536] WARN  nmq_websocket.c:160:  recv aio error Object closed
2025-12-26 15:01:33 [7536] WARN  nmq_mqtt.c:986: nanomq-13e6cb0d pipe close!
2025-12-26 15:01:33 [7536] WARN  mqtt_parser.c:1339: nanomq-13e6cb0d offline!
2025-12-26 15:01:33 [7536] WARN  mqtt_parser.c:1335: nanomq-c3d58027 online!
2025-12-26 15:01:39 [7536] WARN  nmq_websocket.c:160:  recv aio error Object closed
2025-12-26 15:01:39 [7536] WARN  nmq_mqtt.c:986: nanomq-c3d58027 pipe close!
2025-12-26 15:01:39 [7536] WARN  mqtt_parser.c:1339: nanomq-c3d58027 offline!
2025-12-26 15:01:39 [7536] WARN  mqtt_parser.c:1335: nanomq-400959d4 online!
2025-12-26 15:01:41 [7536] WARN  nmq_websocket.c:160:  recv aio error Object closed
2025-12-26 15:01:41 [7536] WARN  nmq_mqtt.c:986: nanomq-400959d4 pipe close!
2025-12-26 15:01:41 [7536] WARN  mqtt_parser.c:1339: nanomq-400959d4 offline!
2025-12-26 15:01:41 [7536] WARN  mqtt_parser.c:1335: nanomq-e5c6c8e1 online!
2025-12-26 15:02:14 [7536] WARN  nmq_websocket.c:160:  recv aio error Object closed
2025-12-26 15:02:14 [7536] WARN  nmq_mqtt.c:986: nanomq-e5c6c8e1 pipe close!
2025-12-26 15:02:14 [7536] WARN  mqtt_parser.c:1339: nanomq-e5c6c8e1 offline!
2025-12-26 15:02:14 [7536] WARN  mqtt_parser.c:1335: nanomq-b034b1da online!
2025-12-26 15:02:22 [7536] WARN  nmq_websocket.c:160:  recv aio error Object closed
2025-12-26 15:02:22 [7536] WARN  nmq_mqtt.c:986: nanomq-b034b1da pipe close!
2025-12-26 15:02:22 [7536] WARN  mqtt_parser.c:1339: nanomq-b034b1da offline!
2025-12-26 15:02:22 [7536] WARN  mqtt_parser.c:1335: nanomq-427169e8 online!
2025-12-26 15:02:24 [7536] WARN  nmq_websocket.c:160:  recv aio error Object closed
2025-12-26 15:02:24 [7536] WARN  nmq_mqtt.c:986: nanomq-427169e8 pipe close!
2025-12-26 15:02:24 [7536] WARN  mqtt_parser.c:1339: nanomq-427169e8 offline!
2025-12-26 15:02:24 [7536] WARN  mqtt_parser.c:1335: nanomq-9b355464 online!
2025-12-26 15:02:25 [7536] WARN  nmq_websocket.c:160:  recv aio error Object closed
2025-12-26 15:02:25 [7536] WARN  nmq_mqtt.c:986: nanomq-9b355464 pipe close!
2025-12-26 15:02:25 [7536] WARN  mqtt_parser.c:1339: nanomq-9b355464 offline!
2025-12-26 15:02:25 [7536] WARN  mqtt_parser.c:1335: nanomq-b0a9890d online!
2025-12-26 15:02:28 [7536] WARN  nmq_websocket.c:160:  recv aio error Object closed
2025-12-26 15:02:28 [7536] WARN  nmq_mqtt.c:986: nanomq-b0a9890d pipe close!
2025-12-26 15:02:28 [7536] WARN  mqtt_parser.c:1339: nanomq-b0a9890d offline!
2025-12-26 15:02:28 [7536] WARN  mqtt_parser.c:1335: nanomq-d66798f8 online!
2025-12-26 15:02:33 [7536] WARN  nmq_websocket.c:160:  recv aio error Object closed
2025-12-26 15:02:33 [7536] WARN  nmq_mqtt.c:986: nanomq-d66798f8 pipe close!
2025-12-26 15:02:33 [7536] WARN  mqtt_parser.c:1339: nanomq-d66798f8 offline!
2025-12-26 15:02:33 [7536] WARN  mqtt_parser.c:1335: nanomq-19ac1050 online!
2025-12-26 15:02:37 [7536] WARN  nmq_websocket.c:160:  recv aio error Object closed
2025-12-26 15:02:37 [7536] WARN  nmq_mqtt.c:986: nanomq-19ac1050 pipe close!
2025-12-26 15:02:37 [7536] WARN  mqtt_parser.c:1339: nanomq-19ac1050 offline!
2025-12-26 15:02:37 [7536] WARN  mqtt_parser.c:1335: nanomq-616a51e9 online!
2025-12-26 15:02:39 [7536] WARN  nmq_websocket.c:160:  recv aio error Object closed
2025-12-26 15:02:39 [7536] WARN  nmq_mqtt.c:986: nanomq-616a51e9 pipe close!
2025-12-26 15:02:39 [7536] WARN  mqtt_parser.c:1339: nanomq-616a51e9 offline!
2025-12-26 15:02:39 [7536] WARN  mqtt_parser.c:1335: nanomq-f7378149 online!
2025-12-26 15:02:43 [7536] WARN  nmq_websocket.c:160:  recv aio error Object closed
2025-12-26 15:02:43 [7536] WARN  nmq_mqtt.c:986: nanomq-f7378149 pipe close!
2025-12-26 15:02:43 [7536] WARN  mqtt_parser.c:1339: nanomq-f7378149 offline!
2025-12-26 15:02:43 [7536] WARN  mqtt_parser.c:1335: nanomq-7fd32a63 online!
2025-12-26 15:02:44 [7536] WARN  nmq_websocket.c:160:  recv aio error Object closed
2025-12-26 15:02:44 [7536] WARN  nmq_mqtt.c:986: nanomq-7fd32a63 pipe close!
2025-12-26 15:02:44 [7536] WARN  mqtt_parser.c:1339: nanomq-7fd32a63 offline!
2025-12-26 15:02:45 [7536] WARN  mqtt_parser.c:1335: nanomq-3804e3c9 online!
2025-12-26 15:02:46 [7536] WARN  nmq_websocket.c:160:  recv aio error Object closed
2025-12-26 15:02:46 [7536] WARN  nmq_mqtt.c:986: nanomq-3804e3c9 pipe close!
2025-12-26 15:02:46 [7536] WARN  mqtt_parser.c:1339: nanomq-3804e3c9 offline!
2025-12-26 15:02:46 [7536] WARN  mqtt_parser.c:1335: nanomq-b98d46f6 online!
2025-12-26 15:02:48 [7536] WARN  nmq_websocket.c:160:  recv aio error Object closed
2025-12-26 15:02:48 [7536] WARN  nmq_mqtt.c:986: nanomq-b98d46f6 pipe close!
2025-12-26 15:02:48 [7536] WARN  mqtt_parser.c:1339: nanomq-b98d46f6 offline!
2025-12-26 15:02:48 [7536] WARN  mqtt_parser.c:1335: nanomq-8ee072d6 online!
2025-12-26 15:02:50 [7536] WARN  nmq_websocket.c:160:  recv aio error Object closed
2025-12-26 15:02:50 [7536] WARN  nmq_mqtt.c:986: nanomq-8ee072d6 pipe close!
2025-12-26 15:02:50 [7536] WARN  mqtt_parser.c:1339: nanomq-8ee072d6 offline!
2025-12-26 15:02:50 [7536] WARN  mqtt_parser.c:1335: nanomq-1c43e5bc online!
2025-12-26 15:03:20 [7536] WARN  nmq_websocket.c:160:  recv aio error Object closed
2025-12-26 15:03:20 [7536] WARN  nmq_mqtt.c:986: nanomq-1c43e5bc pipe close!
2025-12-26 15:03:20 [7536] WARN  mqtt_parser.c:1339: nanomq-1c43e5bc offline!
2025-12-26 15:03:20 [7536] WARN  mqtt_parser.c:1335: nanomq-c606dc19 online!
2025-12-26 15:04:09 [7536] WARN  nmq_websocket.c:160:  recv aio error Object closed
2025-12-26 15:04:09 [7536] WARN  nmq_mqtt.c:986: nanomq-c606dc19 pipe close!
2025-12-26 15:04:09 [7536] WARN  mqtt_parser.c:1339: nanomq-c606dc19 offline!
2025-12-26 15:04:09 [7536] WARN  mqtt_parser.c:1335: nanomq-bea43fd4 online!
2025-12-26 15:04:13 [7536] WARN  nmq_websocket.c:160:  recv aio error Object closed
2025-12-26 15:04:13 [7536] WARN  nmq_mqtt.c:986: nanomq-bea43fd4 pipe close!
2025-12-26 15:04:13 [7536] WARN  mqtt_parser.c:1339: nanomq-bea43fd4 offline!
2025-12-26 15:04:13 [7536] WARN  mqtt_parser.c:1335: nanomq-b082df6b online!
2025-12-26 15:04:14 [7536] WARN  nmq_websocket.c:160:  recv aio error Object closed
2025-12-26 15:04:14 [7536] WARN  nmq_mqtt.c:986: nanomq-b082df6b pipe close!
2025-12-26 15:04:14 [7536] WARN  mqtt_parser.c:1339: nanomq-b082df6b offline!
2025-12-26 15:04:14 [7536] WARN  mqtt_parser.c:1335: nanomq-423fa095 online!
2025-12-26 15:04:16 [7536] WARN  nmq_websocket.c:160:  recv aio error Object closed
2025-12-26 15:04:16 [7536] WARN  nmq_mqtt.c:986: nanomq-423fa095 pipe close!
2025-12-26 15:04:16 [7536] WARN  mqtt_parser.c:1339: nanomq-423fa095 offline!
2025-12-26 15:04:16 [7536] WARN  mqtt_parser.c:1335: nanomq-066f1f64 online!
2025-12-26 15:04:44 [7536] WARN  nmq_websocket.c:160:  recv aio error Object closed
2025-12-26 15:04:44 [7536] WARN  nmq_mqtt.c:986: nanomq-066f1f64 pipe close!
2025-12-26 15:04:44 [7536] WARN  mqtt_parser.c:1339: nanomq-066f1f64 offline!
2025-12-26 15:04:44 [7536] WARN  mqtt_parser.c:1335: nanomq-27342df1 online!
2025-12-26 15:05:14 [7536] WARN  nmq_websocket.c:160:  recv aio error Object closed
2025-12-26 15:05:14 [7536] WARN  nmq_mqtt.c:986: nanomq-27342df1 pipe close!
2025-12-26 15:05:14 [7536] WARN  mqtt_parser.c:1339: nanomq-27342df1 offline!
2025-12-26 15:05:14 [7536] WARN  mqtt_parser.c:1335: nanomq-9dc56eeb online!
2025-12-26 15:05:34 [7536] WARN  nmq_websocket.c:160:  recv aio error Object closed
2025-12-26 15:05:34 [7536] WARN  nmq_mqtt.c:986: nanomq-9dc56eeb pipe close!
2025-12-26 15:05:34 [7536] WARN  mqtt_parser.c:1339: nanomq-9dc56eeb offline!
2025-12-26 15:05:35 [7536] WARN  mqtt_parser.c:1335: nanomq-c46fefcc online!
2025-12-26 15:05:36 [7536] WARN  nmq_websocket.c:160:  recv aio error Object closed
2025-12-26 15:05:36 [7536] WARN  nmq_mqtt.c:986: nanomq-c46fefcc pipe close!
2025-12-26 15:05:36 [7536] WARN  mqtt_parser.c:1339: nanomq-c46fefcc offline!
2025-12-26 15:05:36 [7536] WARN  mqtt_parser.c:1335: nanomq-3ba387aa online!
2025-12-26 15:05:39 [7536] WARN  nmq_websocket.c:160:  recv aio error Object closed
2025-12-26 15:05:39 [7536] WARN  nmq_mqtt.c:986: nanomq-3ba387aa pipe close!
2025-12-26 15:05:39 [7536] WARN  mqtt_parser.c:1339: nanomq-3ba387aa offline!
2025-12-26 15:05:39 [7536] WARN  mqtt_parser.c:1335: nanomq-f42dfa86 online!
2025-12-26 15:05:47 [7536] WARN  nmq_websocket.c:160:  recv aio error Object closed
2025-12-26 15:05:47 [7536] WARN  nmq_mqtt.c:986: nanomq-f42dfa86 pipe close!
2025-12-26 15:05:47 [7536] WARN  mqtt_parser.c:1339: nanomq-f42dfa86 offline!
2025-12-26 15:05:47 [7536] WARN  mqtt_parser.c:1335: nanomq-75c0534e online!
2025-12-26 15:06:02 [7536] WARN  nmq_websocket.c:160:  recv aio error Object closed
2025-12-26 15:06:02 [7536] WARN  nmq_mqtt.c:986: nanomq-75c0534e pipe close!
2025-12-26 15:06:02 [7536] WARN  mqtt_parser.c:1339: nanomq-75c0534e offline!
2025-12-26 15:06:02 [7536] WARN  mqtt_parser.c:1335: nanomq-cc13e6aa online!
2025-12-26 15:06:05 [7536] WARN  nmq_websocket.c:160:  recv aio error Object closed
2025-12-26 15:06:05 [7536] WARN  nmq_mqtt.c:986: nanomq-cc13e6aa pipe close!
2025-12-26 15:06:05 [7536] WARN  mqtt_parser.c:1339: nanomq-cc13e6aa offline!
2025-12-26 15:06:05 [7536] WARN  mqtt_parser.c:1335: nanomq-701adc70 online!
2025-12-26 15:06:06 [7536] WARN  nmq_websocket.c:160:  recv aio error Object closed
2025-12-26 15:06:06 [7536] WARN  nmq_mqtt.c:986: nanomq-701adc70 pipe close!
2025-12-26 15:06:06 [7536] WARN  mqtt_parser.c:1339: nanomq-701adc70 offline!
2025-12-26 15:06:06 [7536] WARN  mqtt_parser.c:1335: nanomq-5657d1e0 online!
2025-12-26 15:06:20 [7536] WARN  nmq_websocket.c:160:  recv aio error Object closed
2025-12-26 15:06:20 [7536] WARN  nmq_mqtt.c:986: nanomq-5657d1e0 pipe close!
2025-12-26 15:06:20 [7536] WARN  mqtt_parser.c:1339: nanomq-5657d1e0 offline!
2025-12-26 15:06:20 [7536] WARN  mqtt_parser.c:1335: nanomq-cca414c8 online!
2025-12-26 15:06:29 [7536] WARN  nmq_websocket.c:160:  recv aio error Object closed
2025-12-26 15:06:29 [7536] WARN  nmq_mqtt.c:986: nanomq-cca414c8 pipe close!
2025-12-26 15:06:29 [7536] WARN  mqtt_parser.c:1339: nanomq-cca414c8 offline!
2025-12-26 15:06:29 [7536] WARN  mqtt_parser.c:1335: nanomq-e57bdab6 online!
2025-12-26 15:06:56 [7536] WARN  nmq_websocket.c:160:  recv aio error Object closed
2025-12-26 15:06:56 [7536] WARN  nmq_mqtt.c:986: nanomq-e57bdab6 pipe close!
2025-12-26 15:06:56 [7536] WARN  mqtt_parser.c:1339: nanomq-e57bdab6 offline!
2025-12-26 15:06:56 [7536] WARN  mqtt_parser.c:1335: nanomq-38980204 online!
2025-12-26 15:07:00 [7536] WARN  nmq_websocket.c:160:  recv aio error Object closed
2025-12-26 15:07:00 [7536] WARN  nmq_mqtt.c:986: nanomq-38980204 pipe close!
2025-12-26 15:07:00 [7536] WARN  mqtt_parser.c:1339: nanomq-38980204 offline!
2025-12-26 15:07:00 [7536] WARN  mqtt_parser.c:1335: nanomq-1d3accda online!
2025-12-26 15:07:24 [7536] WARN  nmq_websocket.c:160:  recv aio error Object closed
2025-12-26 15:07:24 [7536] WARN  nmq_mqtt.c:986: nanomq-1d3accda pipe close!
2025-12-26 15:07:24 [7536] WARN  mqtt_parser.c:1339: nanomq-1d3accda offline!
2025-12-26 15:07:24 [7536] WARN  mqtt_parser.c:1335: nanomq-62c58413 online!
2025-12-26 15:07:26 [7536] WARN  nmq_websocket.c:160:  recv aio error Object closed
2025-12-26 15:07:26 [7536] WARN  nmq_mqtt.c:986: nanomq-62c58413 pipe close!
2025-12-26 15:07:26 [7536] WARN  mqtt_parser.c:1339: nanomq-62c58413 offline!
2025-12-26 15:07:26 [7536] WARN  mqtt_parser.c:1335: nanomq-44e0acd5 online!
2025-12-26 15:08:07 [7536] WARN  nmq_websocket.c:160:  recv aio error Object closed
2025-12-26 15:08:07 [7536] WARN  nmq_mqtt.c:986: nanomq-44e0acd5 pipe close!
2025-12-26 15:08:07 [7536] WARN  mqtt_parser.c:1339: nanomq-44e0acd5 offline!
2025-12-26 15:08:07 [7536] WARN  mqtt_parser.c:1335: nanomq-efb8624d online!
2025-12-26 15:08:10 [7536] WARN  nmq_websocket.c:160:  recv aio error Object closed
2025-12-26 15:08:10 [7536] WARN  nmq_mqtt.c:986: nanomq-efb8624d pipe close!
2025-12-26 15:08:10 [7536] WARN  mqtt_parser.c:1339: nanomq-efb8624d offline!
2025-12-26 15:08:10 [7536] WARN  mqtt_parser.c:1335: nanomq-51ce726e online!
2025-12-26 15:08:12 [7536] WARN  nmq_websocket.c:160:  recv aio error Object closed
2025-12-26 15:08:12 [7536] WARN  nmq_mqtt.c:986: nanomq-51ce726e pipe close!
2025-12-26 15:08:12 [7536] WARN  mqtt_parser.c:1339: nanomq-51ce726e offline!
2025-12-26 15:08:14 [7536] WARN  mqtt_parser.c:1335: nanomq-7cd24b8a online!
2025-12-26 15:08:38 [7536] WARN  nmq_websocket.c:160:  recv aio error Object closed
2025-12-26 15:08:38 [7536] WARN  nmq_mqtt.c:986: nanomq-7cd24b8a pipe close!
2025-12-26 15:08:38 [7536] WARN  mqtt_parser.c:1339: nanomq-7cd24b8a offline!
2025-12-26 15:08:38 [7536] WARN  mqtt_parser.c:1335: nanomq-7a59bc55 online!
2025-12-26 15:09:22 [7536] WARN  nmq_websocket.c:160:  recv aio error Object closed
2025-12-26 15:09:22 [7536] WARN  nmq_mqtt.c:986: nanomq-7a59bc55 pipe close!
2025-12-26 15:09:22 [7536] WARN  mqtt_parser.c:1339: nanomq-7a59bc55 offline!
2025-12-26 15:09:23 [7536] WARN  mqtt_parser.c:1335: nanomq-422378f0 online!
2025-12-26 15:09:23 [7536] WARN  nmq_websocket.c:160:  recv aio error Object closed
2025-12-26 15:09:23 [7536] WARN  nmq_mqtt.c:986: nanomq-422378f0 pipe close!
2025-12-26 15:09:23 [7536] WARN  mqtt_parser.c:1339: nanomq-422378f0 offline!
2025-12-26 15:09:24 [7536] WARN  mqtt_parser.c:1335: nanomq-2fdd5305 online!
2025-12-26 15:09:34 [7536] WARN  nmq_websocket.c:160:  recv aio error Object closed
2025-12-26 15:09:34 [7536] WARN  nmq_mqtt.c:986: nanomq-2fdd5305 pipe close!
2025-12-26 15:09:34 [7536] WARN  mqtt_parser.c:1339: nanomq-2fdd5305 offline!
2025-12-26 15:09:35 [7536] WARN  mqtt_parser.c:1335: nanomq-d32f74fc online!
2025-12-26 15:09:43 [7536] WARN  nmq_websocket.c:160:  recv aio error Object closed
2025-12-26 15:09:43 [7536] WARN  nmq_mqtt.c:986: nanomq-d32f74fc pipe close!
2025-12-26 15:09:43 [7536] WARN  mqtt_parser.c:1339: nanomq-d32f74fc offline!
2025-12-26 15:09:43 [7536] WARN  mqtt_parser.c:1335: nanomq-0dc85931 online!
2025-12-26 15:09:44 [7536] WARN  nmq_websocket.c:160:  recv aio error Object closed
2025-12-26 15:09:44 [7536] WARN  nmq_mqtt.c:986: nanomq-0dc85931 pipe close!
2025-12-26 15:09:44 [7536] WARN  mqtt_parser.c:1339: nanomq-0dc85931 offline!
2025-12-26 15:09:45 [7536] WARN  mqtt_parser.c:1335: nanomq-318c082e online!
2025-12-26 15:09:49 [7536] WARN  nmq_websocket.c:160:  recv aio error Object closed
2025-12-26 15:09:49 [7536] WARN  nmq_mqtt.c:986: nanomq-318c082e pipe close!
2025-12-26 15:09:49 [7536] WARN  mqtt_parser.c:1339: nanomq-318c082e offline!
2025-12-26 15:09:49 [7536] WARN  mqtt_parser.c:1335: nanomq-c58481b4 online!
2025-12-26 15:09:50 [7536] WARN  nmq_websocket.c:160:  recv aio error Object closed
2025-12-26 15:09:50 [7536] WARN  nmq_mqtt.c:986: nanomq-c58481b4 pipe close!
2025-12-26 15:09:50 [7536] WARN  mqtt_parser.c:1339: nanomq-c58481b4 offline!
2025-12-26 15:09:50 [7536] WARN  mqtt_parser.c:1335: nanomq-bac474e3 online!
2025-12-26 15:09:58 [7536] WARN  nmq_websocket.c:160:  recv aio error Object closed
2025-12-26 15:09:58 [7536] WARN  nmq_mqtt.c:986: nanomq-bac474e3 pipe close!
2025-12-26 15:09:58 [7536] WARN  mqtt_parser.c:1339: nanomq-bac474e3 offline!
2025-12-26 15:09:58 [7536] WARN  mqtt_parser.c:1335: nanomq-2c018372 online!
2025-12-26 15:10:25 [7536] WARN  nmq_websocket.c:160:  recv aio error Object closed
2025-12-26 15:10:25 [7536] WARN  nmq_mqtt.c:986: nanomq-2c018372 pipe close!
2025-12-26 15:10:25 [7536] WARN  mqtt_parser.c:1339: nanomq-2c018372 offline!
2025-12-26 15:10:25 [7536] WARN  mqtt_parser.c:1335: nanomq-8bfff90f online!
2025-12-26 15:10:28 [7536] WARN  nmq_websocket.c:160:  recv aio error Object closed
2025-12-26 15:10:28 [7536] WARN  nmq_mqtt.c:986: nanomq-8bfff90f pipe close!
2025-12-26 15:10:28 [7536] WARN  mqtt_parser.c:1339: nanomq-8bfff90f offline!
2025-12-26 15:10:33 [7536] WARN  mqtt_parser.c:1335: nanomq-b751aacc online!
2025-12-26 15:11:35 [7536] WARN  nmq_websocket.c:160:  recv aio error Object closed
2025-12-26 15:11:35 [7536] WARN  nmq_mqtt.c:986: nanomq-b751aacc pipe close!
2025-12-26 15:11:35 [7536] WARN  mqtt_parser.c:1339: nanomq-b751aacc offline!
2025-12-26 15:11:35 [7536] WARN  mqtt_parser.c:1335: nanomq-94ca0041 online!
2025-12-26 15:11:37 [7536] WARN  nmq_websocket.c:160:  recv aio error Object closed
2025-12-26 15:11:37 [7536] WARN  nmq_mqtt.c:986: nanomq-94ca0041 pipe close!
2025-12-26 15:11:37 [7536] WARN  mqtt_parser.c:1339: nanomq-94ca0041 offline!
2025-12-26 15:11:38 [7536] WARN  mqtt_parser.c:1335: nanomq-c517e674 online!
2025-12-26 15:11:43 [7536] WARN  nmq_websocket.c:160:  recv aio error Object closed
2025-12-26 15:11:43 [7536] WARN  nmq_mqtt.c:986: nanomq-c517e674 pipe close!
2025-12-26 15:11:43 [7536] WARN  mqtt_parser.c:1339: nanomq-c517e674 offline!
2025-12-26 15:11:43 [7536] WARN  mqtt_parser.c:1335: nanomq-aafe4730 online!
2025-12-26 15:11:46 [7536] WARN  nmq_websocket.c:160:  recv aio error Object closed
2025-12-26 15:11:46 [7536] WARN  nmq_mqtt.c:986: nanomq-aafe4730 pipe close!
2025-12-26 15:11:46 [7536] WARN  mqtt_parser.c:1339: nanomq-aafe4730 offline!
2025-12-26 15:11:46 [7536] WARN  mqtt_parser.c:1335: nanomq-e55ab158 online!
2025-12-26 15:11:50 [7536] WARN  nmq_websocket.c:160:  recv aio error Object closed
2025-12-26 15:11:50 [7536] WARN  nmq_mqtt.c:986: nanomq-e55ab158 pipe close!
2025-12-26 15:11:50 [7536] WARN  mqtt_parser.c:1339: nanomq-e55ab158 offline!
2025-12-26 15:11:50 [7536] WARN  mqtt_parser.c:1335: nanomq-8ab15394 online!
2025-12-26 15:11:52 [7536] WARN  nmq_websocket.c:160:  recv aio error Object closed
2025-12-26 15:11:52 [7536] WARN  nmq_mqtt.c:986: nanomq-8ab15394 pipe close!
2025-12-26 15:11:52 [7536] WARN  mqtt_parser.c:1339: nanomq-8ab15394 offline!
2025-12-26 15:11:52 [7536] WARN  mqtt_parser.c:1335: nanomq-f1efa688 online!
2025-12-26 15:17:14 [7536] WARN  nmq_websocket.c:160:  recv aio error Object closed
2025-12-26 15:17:14 [7536] WARN  nmq_mqtt.c:986: nanomq-f1efa688 pipe close!
2025-12-26 15:17:14 [7536] WARN  mqtt_parser.c:1339: nanomq-f1efa688 offline!
2025-12-26 15:17:14 [7536] WARN  mqtt_parser.c:1335: nanomq-5baea2da online!
2025-12-26 15:18:49 [7536] WARN  nmq_mqtt.c:245: Warning: close pipe & kick client due to KeepAlive timeout!
2025-12-26 15:18:49 [7536] WARN  nmq_mqtt.c:986: nanomq-5baea2da pipe close!
2025-12-26 15:18:49 [7536] WARN  nmq_websocket.c:160:  recv aio error Object closed
2025-12-26 15:18:49 [7536] WARN  mqtt_parser.c:1339: nanomq-5baea2da offline!
2025-12-26 15:38:31 [7536] WARN  mqtt_parser.c:1335: nanomq-6beb6f66 online!
2025-12-26 15:38:58 [7536] WARN  nmq_websocket.c:160:  recv aio error Object closed
2025-12-26 15:38:58 [7536] WARN  nmq_mqtt.c:986: nanomq-6beb6f66 pipe close!
2025-12-26 15:38:58 [7536] WARN  mqtt_parser.c:1339: nanomq-6beb6f66 offline!
2025-12-26 15:38:58 [7536] WARN  mqtt_parser.c:1335: nanomq-f1ba6cd9 online!
2025-12-26 15:40:59 [7536] WARN  nmq_websocket.c:160:  recv aio error Object closed
2025-12-26 15:40:59 [7536] WARN  nmq_mqtt.c:986: nanomq-f1ba6cd9 pipe close!
2025-12-26 15:40:59 [7536] WARN  mqtt_parser.c:1339: nanomq-f1ba6cd9 offline!
2025-12-26 15:41:00 [7536] WARN  mqtt_parser.c:1335: nanomq-40798f9b online!
2025-12-26 15:41:30 [7536] WARN  nmq_websocket.c:160:  recv aio error Object closed
2025-12-26 15:41:30 [7536] WARN  nmq_mqtt.c:986: nanomq-40798f9b pipe close!
2025-12-26 15:41:30 [7536] WARN  mqtt_parser.c:1339: nanomq-40798f9b offline!
2025-12-26 15:41:31 [7536] WARN  mqtt_parser.c:1335: nanomq-77a733e7 online!
2025-12-26 15:41:33 [7536] WARN  nmq_websocket.c:160:  recv aio error Object closed
2025-12-26 15:41:33 [7536] WARN  nmq_mqtt.c:986: nanomq-77a733e7 pipe close!
2025-12-26 15:41:33 [7536] WARN  mqtt_parser.c:1339: nanomq-77a733e7 offline!
2025-12-26 15:41:33 [7536] WARN  mqtt_parser.c:1335: nanomq-86d3323f online!
2025-12-26 15:41:34 [7536] WARN  nmq_websocket.c:160:  recv aio error Object closed
2025-12-26 15:41:34 [7536] WARN  nmq_mqtt.c:986: nanomq-86d3323f pipe close!
2025-12-26 15:41:34 [7536] WARN  mqtt_parser.c:1339: nanomq-86d3323f offline!
2025-12-26 15:41:34 [7536] WARN  mqtt_parser.c:1335: nanomq-bb87eff9 online!
2025-12-26 15:46:40 [7536] WARN  nmq_websocket.c:160:  recv aio error Object closed
2025-12-26 15:46:40 [7536] WARN  nmq_mqtt.c:986: nanomq-bb87eff9 pipe close!
2025-12-26 15:46:40 [7536] WARN  mqtt_parser.c:1339: nanomq-bb87eff9 offline!
2025-12-26 15:46:40 [7536] WARN  mqtt_parser.c:1335: nanomq-98239a41 online!
2025-12-26 15:46:42 [7536] WARN  nmq_websocket.c:160:  recv aio error Object closed
2025-12-26 15:46:42 [7536] WARN  nmq_mqtt.c:986: nanomq-98239a41 pipe close!
2025-12-26 15:46:42 [7536] WARN  mqtt_parser.c:1339: nanomq-98239a41 offline!
2025-12-26 15:46:42 [7536] WARN  mqtt_parser.c:1335: nanomq-f058254d online!
2025-12-26 15:46:45 [7536] WARN  nmq_websocket.c:160:  recv aio error Object closed
2025-12-26 15:46:45 [7536] WARN  nmq_mqtt.c:986: nanomq-f058254d pipe close!
2025-12-26 15:46:45 [7536] WARN  mqtt_parser.c:1339: nanomq-f058254d offline!
2025-12-26 15:46:45 [7536] WARN  mqtt_parser.c:1335: nanomq-fa8d49b3 online!
2025-12-26 15:47:59 [7536] WARN  nmq_websocket.c:160:  recv aio error Object closed
2025-12-26 15:47:59 [7536] WARN  nmq_mqtt.c:986: nanomq-fa8d49b3 pipe close!
2025-12-26 15:47:59 [7536] WARN  mqtt_parser.c:1339: nanomq-fa8d49b3 offline!
2025-12-26 15:47:59 [7536] WARN  mqtt_parser.c:1335: nanomq-fa68d201 online!
2025-12-26 15:48:00 [7536] WARN  nmq_websocket.c:160:  recv aio error Object closed
2025-12-26 15:48:00 [7536] WARN  nmq_mqtt.c:986: nanomq-fa68d201 pipe close!
2025-12-26 15:48:00 [7536] WARN  mqtt_parser.c:1339: nanomq-fa68d201 offline!
2025-12-26 15:48:00 [7536] WARN  mqtt_parser.c:1335: nanomq-88080bc9 online!
2025-12-26 15:48:02 [7536] WARN  nmq_websocket.c:160:  recv aio error Object closed
2025-12-26 15:48:02 [7536] WARN  nmq_mqtt.c:986: nanomq-88080bc9 pipe close!
2025-12-26 15:48:02 [7536] WARN  mqtt_parser.c:1339: nanomq-88080bc9 offline!
2025-12-26 15:48:02 [7536] WARN  mqtt_parser.c:1335: nanomq-7bfa50d5 online!
2025-12-26 15:48:05 [7536] WARN  nmq_websocket.c:160:  recv aio error Object closed
2025-12-26 15:48:05 [7536] WARN  nmq_mqtt.c:986: nanomq-7bfa50d5 pipe close!
2025-12-26 15:48:05 [7536] WARN  mqtt_parser.c:1339: nanomq-7bfa50d5 offline!
2025-12-26 15:48:05 [7536] WARN  mqtt_parser.c:1335: nanomq-0eb8a9d8 online!
2025-12-26 15:50:40 [7536] WARN  nmq_websocket.c:160:  recv aio error Object closed
2025-12-26 15:50:40 [7536] WARN  nmq_mqtt.c:986: nanomq-0eb8a9d8 pipe close!
2025-12-26 15:50:40 [7536] WARN  mqtt_parser.c:1339: nanomq-0eb8a9d8 offline!
2025-12-26 15:50:40 [7536] WARN  mqtt_parser.c:1335: nanomq-81f60583 online!
2025-12-26 16:02:06 [7536] WARN  nmq_mqtt.c:245: Warning: close pipe & kick client due to KeepAlive timeout!
2025-12-26 16:02:06 [7536] WARN  nmq_mqtt.c:986: nanomq-81f60583 pipe close!
2025-12-26 16:02:06 [7536] WARN  nmq_websocket.c:160:  recv aio error Object closed
2025-12-26 16:02:06 [7536] WARN  mqtt_parser.c:1339: nanomq-81f60583 offline!
2025-12-26 16:02:13 [7536] WARN  nmq_websocket.c:160:  recv aio error Object closed
2025-12-26 16:02:15 [7536] WARN  mqtt_parser.c:1335: nanomq-89f4caea online!
2025-12-26 16:04:18 [7536] WARN  broker_tcp.c:683: nni aio recv error!! Unknown error #212

2025-12-26 16:04:18 [7536] WARN  broker_tcp.c:974: tcptran_pipe_recv_cb: recv_error rv: 128

2025-12-26 16:04:18 [7536] WARN  nmq_mqtt.c:986: mqtt-explorer-8f78055a pipe close!
2025-12-26 16:04:18 [7536] WARN  mqtt_parser.c:1339: mqtt-explorer-8f78055a offline!
2025-12-26 16:04:18 [7536] WARN  nmq_mqtt.c:431: pipe id 2016390686 is gone, pub failed
2025-12-26 16:04:18 [7536] WARN  nmq_websocket.c:160:  recv aio error Object closed
2025-12-26 16:04:18 [7536] WARN  nmq_mqtt.c:986: nanomq-89f4caea pipe close!
2025-12-26 16:04:18 [7536] WARN  mqtt_parser.c:1339: nanomq-89f4caea offline!
2025-12-26 16:05:30 [7536] WARN  mqtt_parser.c:1335: mqtt-explorer-8f78055a online!
2025-12-26 16:05:31 [7536] WARN  mqtt_parser.c:1335: nanomq-06f7a32a online!
2025-12-26 16:05:32 [7536] WARN  mqtt_parser.c:1335: PT100_LoggerB8D61A6A65C0 online!
2025-12-26 16:06:07 [7536] WARN  nmq_mqtt.c:245: Warning: close pipe & kick client due to KeepAlive timeout!
2025-12-26 16:06:07 [7536] WARN  broker_tcp.c:683: nni aio recv error!! Object closed

2025-12-26 16:06:07 [7536] WARN  nmq_mqtt.c:986: PT100_LoggerB8D61A6A65C0 pipe close!
2025-12-26 16:06:07 [7536] WARN  mqtt_parser.c:1339: PT100_LoggerB8D61A6A65C0 offline!
2025-12-26 16:06:07 [7536] WARN  broker_tcp.c:974: tcptran_pipe_recv_cb: recv_error rv: 139

2025-12-26 16:06:09 [7536] WARN  mqtt_parser.c:1335: PT100_LoggerB8D61A6A65C0 online!
2025-12-26 16:12:06 [7536] WARN  nmq_websocket.c:160:  recv aio error Object closed
2025-12-26 16:12:06 [7536] WARN  nmq_mqtt.c:986: nanomq-06f7a32a pipe close!
2025-12-26 16:12:06 [7536] WARN  mqtt_parser.c:1339: nanomq-06f7a32a offline!
2025-12-26 16:12:07 [7536] WARN  mqtt_parser.c:1335: nanomq-0f07faab online!
2025-12-26 16:12:09 [7536] WARN  nmq_websocket.c:160:  recv aio error Object closed
2025-12-26 16:12:09 [7536] WARN  nmq_mqtt.c:986: nanomq-0f07faab pipe close!
2025-12-26 16:12:09 [7536] WARN  mqtt_parser.c:1339: nanomq-0f07faab offline!
2025-12-26 16:12:09 [7536] WARN  mqtt_parser.c:1335: nanomq-f5317cea online!
2025-12-26 16:12:12 [7536] WARN  nmq_websocket.c:160:  recv aio error Object closed
2025-12-26 16:12:12 [7536] WARN  nmq_mqtt.c:986: nanomq-f5317cea pipe close!
2025-12-26 16:12:12 [7536] WARN  mqtt_parser.c:1339: nanomq-f5317cea offline!
2025-12-26 16:12:12 [7536] WARN  mqtt_parser.c:1335: nanomq-d10637d5 online!
2025-12-26 16:12:15 [7536] WARN  nmq_websocket.c:160:  recv aio error Object closed
2025-12-26 16:12:15 [7536] WARN  nmq_mqtt.c:986: nanomq-d10637d5 pipe close!
2025-12-26 16:12:15 [7536] WARN  mqtt_parser.c:1339: nanomq-d10637d5 offline!
2025-12-26 16:12:15 [7536] WARN  mqtt_parser.c:1335: nanomq-d6fd1f9d online!
2025-12-26 16:13:38 [7536] ERROR pipe.c:520: Client ID collision or set ID failed!
2025-12-26 16:13:38 [7536] WARN  nmq_mqtt.c:986: PT100_LoggerB8D61A6A65C0 pipe close!
2025-12-26 16:13:38 [7536] WARN  broker_tcp.c:683: nni aio recv error!! Object closed

2025-12-26 16:13:38 [7536] WARN  mqtt_parser.c:1339: PT100_LoggerB8D61A6A65C0 offline!
2025-12-26 16:13:38 [7536] WARN  broker_tcp.c:974: tcptran_pipe_recv_cb: recv_error rv: 139

2025-12-26 16:13:38 [7536] WARN  mqtt_parser.c:1335: PT100_LoggerB8D61A6A65C0 online!
2025-12-26 16:15:11 [7536] WARN  broker_tcp.c:683: nni aio recv error!! Unknown error #64

2025-12-26 16:15:11 [7536] WARN  broker_tcp.c:974: tcptran_pipe_recv_cb: recv_error rv: 128

2025-12-26 16:15:11 [7536] WARN  nmq_mqtt.c:986: PT100_LoggerB8D61A6A65C0 pipe close!
2025-12-26 16:15:11 [7536] WARN  mqtt_parser.c:1339: PT100_LoggerB8D61A6A65C0 offline!
2025-12-26 16:15:11 [7536] WARN  mqtt_parser.c:1335: PT100_LoggerB8D61A6A65C0 online!
2025-12-26 16:16:46 [7536] WARN  nmq_mqtt.c:245: Warning: close pipe & kick client due to KeepAlive timeout!
2025-12-26 16:16:46 [7536] WARN  nmq_mqtt.c:986: PT100_LoggerB8D61A6A65C0 pipe close!
2025-12-26 16:16:46 [7536] WARN  broker_tcp.c:683: nni aio recv error!! Object closed

2025-12-26 16:16:46 [7536] WARN  mqtt_parser.c:1339: PT100_LoggerB8D61A6A65C0 offline!
2025-12-26 16:16:46 [7536] WARN  broker_tcp.c:974: tcptran_pipe_recv_cb: recv_error rv: 139

2025-12-26 16:17:11 [7536] WARN  nmq_websocket.c:160:  recv aio error Object closed
2025-12-26 16:17:11 [7536] WARN  nmq_mqtt.c:986: nanomq-d6fd1f9d pipe close!
2025-12-26 16:17:11 [7536] WARN  mqtt_parser.c:1339: nanomq-d6fd1f9d offline!
2025-12-26 16:17:11 [7536] WARN  mqtt_parser.c:1335: nanomq-a32d01b4 online!
2025-12-26 16:17:12 [7536] WARN  nmq_websocket.c:160:  recv aio error Object closed
2025-12-26 16:17:12 [7536] WARN  nmq_mqtt.c:986: nanomq-a32d01b4 pipe close!
2025-12-26 16:17:12 [7536] WARN  mqtt_parser.c:1339: nanomq-a32d01b4 offline!
2025-12-26 16:17:12 [7536] WARN  mqtt_parser.c:1335: nanomq-e9a2c09d online!
2025-12-26 16:17:20 [7536] WARN  nmq_websocket.c:160:  recv aio error Object closed
2025-12-26 16:17:20 [7536] WARN  nmq_mqtt.c:986: nanomq-e9a2c09d pipe close!
2025-12-26 16:17:20 [7536] WARN  mqtt_parser.c:1339: nanomq-e9a2c09d offline!
2025-12-26 16:17:20 [7536] WARN  mqtt_parser.c:1335: nanomq-25766a32 online!
2025-12-26 16:17:42 [7536] WARN  nmq_websocket.c:160:  recv aio error Object closed
2025-12-26 16:17:42 [7536] WARN  nmq_mqtt.c:986: nanomq-25766a32 pipe close!
2025-12-26 16:17:42 [7536] WARN  mqtt_parser.c:1339: nanomq-25766a32 offline!
2025-12-26 16:17:42 [7536] WARN  mqtt_parser.c:1335: nanomq-5693ab9c online!
2025-12-26 16:17:44 [7536] WARN  nmq_websocket.c:160:  recv aio error Object closed
2025-12-26 16:17:44 [7536] WARN  nmq_mqtt.c:986: nanomq-5693ab9c pipe close!
2025-12-26 16:17:44 [7536] WARN  mqtt_parser.c:1339: nanomq-5693ab9c offline!
2025-12-26 16:17:44 [7536] WARN  mqtt_parser.c:1335: nanomq-0a2d133b online!
2025-12-26 16:18:58 [7536] WARN  nmq_websocket.c:160:  recv aio error Object closed
2025-12-26 16:18:58 [7536] WARN  nmq_mqtt.c:986: nanomq-0a2d133b pipe close!
2025-12-26 16:18:58 [7536] WARN  mqtt_parser.c:1339: nanomq-0a2d133b offline!
2025-12-26 16:18:58 [7536] WARN  mqtt_parser.c:1335: nanomq-26b27cad online!
2025-12-26 16:19:00 [7536] WARN  nmq_websocket.c:160:  recv aio error Object closed
2025-12-26 16:19:00 [7536] WARN  nmq_mqtt.c:986: nanomq-26b27cad pipe close!
2025-12-26 16:19:00 [7536] WARN  mqtt_parser.c:1339: nanomq-26b27cad offline!
2025-12-26 16:19:00 [7536] WARN  mqtt_parser.c:1335: nanomq-224eb8dd online!
2025-12-26 16:19:02 [7536] WARN  nmq_websocket.c:160:  recv aio error Object closed
2025-12-26 16:19:02 [7536] WARN  nmq_mqtt.c:986: nanomq-224eb8dd pipe close!
2025-12-26 16:19:02 [7536] WARN  mqtt_parser.c:1339: nanomq-224eb8dd offline!
2025-12-26 16:19:02 [7536] WARN  mqtt_parser.c:1335: nanomq-d75217f0 online!
2025-12-26 16:19:04 [7536] WARN  nmq_websocket.c:160:  recv aio error Object closed
2025-12-26 16:19:04 [7536] WARN  nmq_mqtt.c:986: nanomq-d75217f0 pipe close!
2025-12-26 16:19:04 [7536] WARN  mqtt_parser.c:1339: nanomq-d75217f0 offline!
2025-12-26 16:19:04 [7536] WARN  mqtt_parser.c:1335: nanomq-3caf4123 online!
2025-12-26 16:19:40 [7536] WARN  nmq_websocket.c:160:  recv aio error Object closed
2025-12-26 16:19:40 [7536] WARN  nmq_mqtt.c:986: nanomq-3caf4123 pipe close!
2025-12-26 16:19:40 [7536] WARN  mqtt_parser.c:1339: nanomq-3caf4123 offline!
2025-12-26 16:19:40 [7536] WARN  mqtt_parser.c:1335: nanomq-8274bc0f online!
2025-12-26 16:19:41 [7536] WARN  nmq_websocket.c:160:  recv aio error Object closed
2025-12-26 16:19:41 [7536] WARN  nmq_mqtt.c:986: nanomq-8274bc0f pipe close!
2025-12-26 16:19:41 [7536] WARN  mqtt_parser.c:1339: nanomq-8274bc0f offline!
2025-12-26 16:19:41 [7536] WARN  mqtt_parser.c:1335: nanomq-13fa3f82 online!
2025-12-26 16:19:44 [7536] WARN  nmq_websocket.c:160:  recv aio error Object closed
2025-12-26 16:19:44 [7536] WARN  nmq_mqtt.c:986: nanomq-13fa3f82 pipe close!
2025-12-26 16:19:44 [7536] WARN  mqtt_parser.c:1339: nanomq-13fa3f82 offline!
2025-12-26 16:19:45 [7536] WARN  mqtt_parser.c:1335: nanomq-8db908a9 online!
2025-12-26 16:19:48 [7536] WARN  nmq_websocket.c:160:  recv aio error Object closed
2025-12-26 16:19:48 [7536] WARN  nmq_mqtt.c:986: nanomq-8db908a9 pipe close!
2025-12-26 16:19:48 [7536] WARN  mqtt_parser.c:1339: nanomq-8db908a9 offline!
2025-12-26 16:19:48 [7536] WARN  mqtt_parser.c:1335: nanomq-5ca07b1d online!
2025-12-26 16:20:19 [7536] WARN  mqtt_parser.c:1335: PT100_LoggerB8D61A6A65C0 online!
2025-12-26 16:20:59 [7536] WARN  nmq_websocket.c:160:  recv aio error Object closed
2025-12-26 16:20:59 [7536] WARN  nmq_mqtt.c:986: nanomq-5ca07b1d pipe close!
2025-12-26 16:20:59 [7536] WARN  mqtt_parser.c:1339: nanomq-5ca07b1d offline!
2025-12-26 16:20:59 [7536] WARN  mqtt_parser.c:1335: nanomq-bb757756 online!
2025-12-26 16:22:09 [7536] WARN  nmq_websocket.c:160:  recv aio error Object closed
2025-12-26 16:22:09 [7536] WARN  nmq_mqtt.c:986: nanomq-bb757756 pipe close!
2025-12-26 16:22:09 [7536] WARN  mqtt_parser.c:1339: nanomq-bb757756 offline!
2025-12-26 16:22:10 [7536] WARN  mqtt_parser.c:1335: nanomq-1131876d online!
2025-12-26 16:22:11 [7536] WARN  nmq_websocket.c:160:  recv aio error Object closed
2025-12-26 16:22:11 [7536] WARN  nmq_mqtt.c:986: nanomq-1131876d pipe close!
2025-12-26 16:22:11 [7536] WARN  mqtt_parser.c:1339: nanomq-1131876d offline!
2025-12-26 16:22:11 [7536] WARN  mqtt_parser.c:1335: nanomq-54434730 online!
2025-12-26 16:22:13 [7536] WARN  nmq_websocket.c:160:  recv aio error Object closed
2025-12-26 16:22:13 [7536] WARN  nmq_mqtt.c:986: nanomq-54434730 pipe close!
2025-12-26 16:22:13 [7536] WARN  mqtt_parser.c:1339: nanomq-54434730 offline!
2025-12-26 16:22:13 [7536] WARN  mqtt_parser.c:1335: nanomq-6b40bc8a online!
2025-12-26 16:22:15 [7536] WARN  nmq_websocket.c:160:  recv aio error Object closed
2025-12-26 16:22:15 [7536] WARN  nmq_mqtt.c:986: nanomq-6b40bc8a pipe close!
2025-12-26 16:22:15 [7536] WARN  mqtt_parser.c:1339: nanomq-6b40bc8a offline!
2025-12-26 16:22:15 [7536] WARN  mqtt_parser.c:1335: nanomq-a33b7567 online!
2025-12-26 16:22:16 [7536] WARN  nmq_websocket.c:160:  recv aio error Object closed
2025-12-26 16:22:16 [7536] WARN  nmq_mqtt.c:986: nanomq-a33b7567 pipe close!
2025-12-26 16:22:16 [7536] WARN  mqtt_parser.c:1339: nanomq-a33b7567 offline!
2025-12-26 16:22:16 [7536] WARN  mqtt_parser.c:1335: nanomq-18718e88 online!
2025-12-26 16:22:18 [7536] WARN  broker_tcp.c:683: nni aio recv error!! Unknown error #121

2025-12-26 16:22:18 [7536] WARN  broker_tcp.c:974: tcptran_pipe_recv_cb: recv_error rv: 128

2025-12-26 16:22:18 [7536] WARN  nmq_mqtt.c:986: PT100_LoggerB8D61A6A65C0 pipe close!
2025-12-26 16:22:18 [7536] WARN  mqtt_parser.c:1339: PT100_LoggerB8D61A6A65C0 offline!
2025-12-26 16:22:19 [7536] WARN  mqtt_parser.c:1335: PT100_LoggerB8D61A6A65C0 online!
2025-12-26 16:23:12 [7536] WARN  nmq_websocket.c:160:  recv aio error Object closed
2025-12-26 16:23:12 [7536] WARN  nmq_mqtt.c:986: nanomq-18718e88 pipe close!
2025-12-26 16:23:12 [7536] WARN  mqtt_parser.c:1339: nanomq-18718e88 offline!
2025-12-26 16:23:12 [7536] WARN  mqtt_parser.c:1335: nanomq-4312a2cc online!
2025-12-26 16:23:15 [7536] WARN  nmq_websocket.c:160:  recv aio error Object closed
2025-12-26 16:23:15 [7536] WARN  nmq_mqtt.c:986: nanomq-4312a2cc pipe close!
2025-12-26 16:23:15 [7536] WARN  mqtt_parser.c:1339: nanomq-4312a2cc offline!
2025-12-26 16:23:15 [7536] WARN  mqtt_parser.c:1335: nanomq-4980c4b7 online!
2025-12-26 16:23:19 [7536] WARN  nmq_websocket.c:160:  recv aio error Object closed
2025-12-26 16:23:19 [7536] WARN  nmq_mqtt.c:986: nanomq-4980c4b7 pipe close!
2025-12-26 16:23:19 [7536] WARN  mqtt_parser.c:1339: nanomq-4980c4b7 offline!
2025-12-26 16:23:19 [7536] WARN  mqtt_parser.c:1335: nanomq-494ad5ce online!
2025-12-26 16:23:20 [7536] WARN  nmq_websocket.c:160:  recv aio error Object closed
2025-12-26 16:23:20 [7536] WARN  nmq_mqtt.c:986: nanomq-494ad5ce pipe close!
2025-12-26 16:23:20 [7536] WARN  mqtt_parser.c:1339: nanomq-494ad5ce offline!
2025-12-26 16:23:20 [7536] WARN  mqtt_parser.c:1335: nanomq-d888527b online!
2025-12-26 16:23:46 [7536] WARN  nmq_websocket.c:160:  recv aio error Object closed
2025-12-26 16:23:46 [7536] WARN  nmq_mqtt.c:986: nanomq-d888527b pipe close!
2025-12-26 16:23:46 [7536] WARN  mqtt_parser.c:1339: nanomq-d888527b offline!
2025-12-26 16:23:47 [7536] WARN  mqtt_parser.c:1335: nanomq-59afb69c online!
2025-12-26 16:23:54 [7536] WARN  nmq_websocket.c:160:  recv aio error Object closed
2025-12-26 16:23:54 [7536] WARN  nmq_mqtt.c:986: nanomq-59afb69c pipe close!
2025-12-26 16:23:54 [7536] WARN  mqtt_parser.c:1339: nanomq-59afb69c offline!
2025-12-26 16:23:54 [7536] WARN  mqtt_parser.c:1335: nanomq-3d10e793 online!
2025-12-26 16:23:55 [7536] WARN  nmq_websocket.c:160:  recv aio error Object closed
2025-12-26 16:23:55 [7536] WARN  nmq_mqtt.c:986: nanomq-3d10e793 pipe close!
2025-12-26 16:23:55 [7536] WARN  mqtt_parser.c:1339: nanomq-3d10e793 offline!
2025-12-26 16:23:55 [7536] WARN  mqtt_parser.c:1335: nanomq-62eb9454 online!
2025-12-26 16:23:57 [7536] WARN  nmq_websocket.c:160:  recv aio error Object closed
2025-12-26 16:23:57 [7536] WARN  nmq_mqtt.c:986: nanomq-62eb9454 pipe close!
2025-12-26 16:23:57 [7536] WARN  mqtt_parser.c:1339: nanomq-62eb9454 offline!
2025-12-26 16:23:57 [7536] WARN  mqtt_parser.c:1335: nanomq-d87408f4 online!
2025-12-26 16:24:08 [7536] WARN  nmq_websocket.c:160:  recv aio error Object closed
2025-12-26 16:24:08 [7536] WARN  nmq_mqtt.c:986: nanomq-d87408f4 pipe close!
2025-12-26 16:24:08 [7536] WARN  mqtt_parser.c:1339: nanomq-d87408f4 offline!
2025-12-26 16:24:08 [7536] WARN  mqtt_parser.c:1335: nanomq-5ea9da47 online!
2025-12-26 16:24:09 [7536] WARN  nmq_websocket.c:160:  recv aio error Object closed
2025-12-26 16:24:09 [7536] WARN  nmq_mqtt.c:986: nanomq-5ea9da47 pipe close!
2025-12-26 16:24:09 [7536] WARN  mqtt_parser.c:1339: nanomq-5ea9da47 offline!
2025-12-26 16:24:09 [7536] WARN  mqtt_parser.c:1335: nanomq-85ad635d online!
2025-12-26 16:24:10 [7536] WARN  nmq_websocket.c:160:  recv aio error Object closed
2025-12-26 16:24:10 [7536] WARN  nmq_mqtt.c:986: nanomq-85ad635d pipe close!
2025-12-26 16:24:10 [7536] WARN  mqtt_parser.c:1339: nanomq-85ad635d offline!
2025-12-26 16:24:10 [7536] WARN  mqtt_parser.c:1335: nanomq-341e0ad6 online!
2025-12-26 16:24:37 [7536] ERROR pipe.c:520: Client ID collision or set ID failed!
2025-12-26 16:24:37 [7536] WARN  nmq_mqtt.c:986: PT100_LoggerB8D61A6A65C0 pipe close!
2025-12-26 16:24:37 [7536] WARN  broker_tcp.c:683: nni aio recv error!! Object closed

2025-12-26 16:24:37 [7536] WARN  mqtt_parser.c:1339: PT100_LoggerB8D61A6A65C0 offline!
2025-12-26 16:24:37 [7536] WARN  broker_tcp.c:974: tcptran_pipe_recv_cb: recv_error rv: 139

2025-12-26 16:24:37 [7536] WARN  mqtt_parser.c:1335: PT100_LoggerB8D61A6A65C0 online!
2025-12-26 16:25:09 [7536] WARN  nmq_websocket.c:160:  recv aio error Object closed
2025-12-26 16:25:09 [7536] WARN  nmq_mqtt.c:986: nanomq-341e0ad6 pipe close!
2025-12-26 16:25:09 [7536] WARN  mqtt_parser.c:1339: nanomq-341e0ad6 offline!
2025-12-26 16:25:09 [7536] WARN  mqtt_parser.c:1335: nanomq-56914695 online!
2025-12-26 16:25:13 [7536] WARN  nmq_websocket.c:160:  recv aio error Object closed
2025-12-26 16:25:13 [7536] WARN  nmq_mqtt.c:986: nanomq-56914695 pipe close!
2025-12-26 16:25:13 [7536] WARN  mqtt_parser.c:1339: nanomq-56914695 offline!
2025-12-26 16:25:13 [7536] WARN  mqtt_parser.c:1335: nanomq-2e4e0526 online!
2025-12-26 16:25:14 [7536] WARN  nmq_websocket.c:160:  recv aio error Object closed
2025-12-26 16:25:14 [7536] WARN  nmq_mqtt.c:986: nanomq-2e4e0526 pipe close!
2025-12-26 16:25:14 [7536] WARN  mqtt_parser.c:1339: nanomq-2e4e0526 offline!
2025-12-26 16:25:15 [7536] WARN  mqtt_parser.c:1335: nanomq-9d59d901 online!
2025-12-26 16:25:37 [7536] WARN  nmq_websocket.c:160:  recv aio error Object closed
2025-12-26 16:25:37 [7536] WARN  nmq_mqtt.c:986: nanomq-9d59d901 pipe close!
2025-12-26 16:25:37 [7536] WARN  mqtt_parser.c:1339: nanomq-9d59d901 offline!
2025-12-26 16:25:37 [7536] WARN  mqtt_parser.c:1335: nanomq-4455a2b2 online!
2025-12-26 16:25:38 [7536] WARN  nmq_websocket.c:160:  recv aio error Object closed
2025-12-26 16:25:38 [7536] WARN  nmq_mqtt.c:986: nanomq-4455a2b2 pipe close!
2025-12-26 16:25:38 [7536] WARN  mqtt_parser.c:1339: nanomq-4455a2b2 offline!
2025-12-26 16:25:39 [7536] WARN  mqtt_parser.c:1335: nanomq-a83fc7db online!
2025-12-26 16:25:47 [7536] WARN  nmq_websocket.c:160:  recv aio error Object closed
2025-12-26 16:25:47 [7536] WARN  nmq_mqtt.c:986: nanomq-a83fc7db pipe close!
2025-12-26 16:25:47 [7536] WARN  mqtt_parser.c:1339: nanomq-a83fc7db offline!
2025-12-26 16:25:47 [7536] WARN  mqtt_parser.c:1335: nanomq-9cf72b6c online!
2025-12-26 16:25:48 [7536] WARN  nmq_websocket.c:160:  recv aio error Object closed
2025-12-26 16:25:48 [7536] WARN  nmq_mqtt.c:986: nanomq-9cf72b6c pipe close!
2025-12-26 16:25:48 [7536] WARN  mqtt_parser.c:1339: nanomq-9cf72b6c offline!
2025-12-26 16:25:49 [7536] WARN  mqtt_parser.c:1335: nanomq-b38acf1b online!
2025-12-26 16:25:52 [7536] WARN  nmq_websocket.c:160:  recv aio error Object closed
2025-12-26 16:25:52 [7536] WARN  nmq_mqtt.c:986: nanomq-b38acf1b pipe close!
2025-12-26 16:25:52 [7536] WARN  mqtt_parser.c:1339: nanomq-b38acf1b offline!
2025-12-26 16:25:52 [7536] WARN  mqtt_parser.c:1335: nanomq-10a00e53 online!
2025-12-26 16:26:23 [7536] WARN  broker_tcp.c:683: nni aio recv error!! Unknown error #121

2025-12-26 16:26:23 [7536] WARN  broker_tcp.c:974: tcptran_pipe_recv_cb: recv_error rv: 128

2025-12-26 16:26:23 [7536] WARN  nmq_mqtt.c:986: PT100_LoggerB8D61A6A65C0 pipe close!
2025-12-26 16:26:23 [7536] WARN  mqtt_parser.c:1339: PT100_LoggerB8D61A6A65C0 offline!
2025-12-26 16:26:24 [7536] WARN  mqtt_parser.c:1335: PT100_LoggerB8D61A6A65C0 online!
2025-12-26 16:26:32 [7536] WARN  nmq_websocket.c:160:  recv aio error Object closed
2025-12-26 16:26:32 [7536] WARN  nmq_mqtt.c:986: nanomq-10a00e53 pipe close!
2025-12-26 16:26:32 [7536] WARN  mqtt_parser.c:1339: nanomq-10a00e53 offline!
2025-12-26 16:26:32 [7536] WARN  mqtt_parser.c:1335: nanomq-2905fd49 online!
2025-12-26 16:27:37 [7536] ERROR pipe.c:520: Client ID collision or set ID failed!
2025-12-26 16:27:37 [7536] WARN  nmq_mqtt.c:986: PT100_LoggerB8D61A6A65C0 pipe close!
2025-12-26 16:27:37 [7536] WARN  broker_tcp.c:683: nni aio recv error!! Object closed

2025-12-26 16:27:37 [7536] WARN  mqtt_parser.c:1339: PT100_LoggerB8D61A6A65C0 offline!
2025-12-26 16:27:37 [7536] WARN  broker_tcp.c:974: tcptran_pipe_recv_cb: recv_error rv: 139

2025-12-26 16:27:37 [7536] WARN  mqtt_parser.c:1335: PT100_LoggerB8D61A6A65C0 online!
2025-12-26 16:28:19 [7536] WARN  broker_tcp.c:683: nni aio recv error!! Unknown error #64

2025-12-26 16:28:19 [7536] WARN  broker_tcp.c:974: tcptran_pipe_recv_cb: recv_error rv: 128

2025-12-26 16:28:19 [7536] WARN  nmq_mqtt.c:986: PT100_LoggerB8D61A6A65C0 pipe close!
2025-12-26 16:28:19 [7536] WARN  mqtt_parser.c:1339: PT100_LoggerB8D61A6A65C0 offline!
2025-12-26 16:28:57 [7536] WARN  mqtt_parser.c:1335: PT100_LoggerB8D61A6A65C0 online!
2025-12-26 16:30:44 [7536] WARN  broker_tcp.c:683: nni aio recv error!! Unknown error #64

2025-12-26 16:30:44 [7536] WARN  nmq_mqtt.c:986: PT100_LoggerB8D61A6A65C0 pipe close!
2025-12-26 16:30:44 [7536] WARN  broker_tcp.c:974: tcptran_pipe_recv_cb: recv_error rv: 128

2025-12-26 16:30:44 [7536] WARN  mqtt_parser.c:1339: PT100_LoggerB8D61A6A65C0 offline!
2025-12-26 16:31:30 [7536] WARN  mqtt_parser.c:1335: PT100_LoggerB8D61A6A65C0 online!
2025-12-26 16:32:43 [7536] WARN  nmq_websocket.c:160:  recv aio error Object closed
2025-12-26 16:32:43 [7536] WARN  nmq_mqtt.c:986: nanomq-2905fd49 pipe close!
2025-12-26 16:32:43 [7536] WARN  mqtt_parser.c:1339: nanomq-2905fd49 offline!
2025-12-26 16:32:44 [7536] WARN  mqtt_parser.c:1335: nanomq-fdceb7cb online!
2025-12-26 16:33:39 [7536] WARN  broker_tcp.c:683: nni aio recv error!! Unknown error #121

2025-12-26 16:33:39 [7536] WARN  broker_tcp.c:974: tcptran_pipe_recv_cb: recv_error rv: 128

2025-12-26 16:33:39 [7536] WARN  nmq_mqtt.c:986: PT100_LoggerB8D61A6A65C0 pipe close!
2025-12-26 16:33:39 [7536] WARN  mqtt_parser.c:1339: PT100_LoggerB8D61A6A65C0 offline!
2025-12-26 16:33:41 [7536] WARN  mqtt_parser.c:1335: PT100_LoggerB8D61A6A65C0 online!
2025-12-26 16:33:54 [7536] WARN  broker_tcp.c:683: nni aio recv error!! Unknown error #64

2025-12-26 16:33:54 [7536] WARN  broker_tcp.c:974: tcptran_pipe_recv_cb: recv_error rv: 128

2025-12-26 16:33:54 [7536] WARN  nmq_mqtt.c:986: PT100_LoggerB8D61A6A65C0 pipe close!
2025-12-26 16:33:54 [7536] WARN  mqtt_parser.c:1339: PT100_LoggerB8D61A6A65C0 offline!
2025-12-26 16:35:01 [7536] WARN  mqtt_parser.c:1335: PT100_LoggerB8D61A6A65C0 online!
2025-12-26 16:36:45 [7536] WARN  broker_tcp.c:683: nni aio recv error!! Unknown error #121

2025-12-26 16:36:45 [7536] WARN  broker_tcp.c:974: tcptran_pipe_recv_cb: recv_error rv: 128

2025-12-26 16:36:45 [7536] WARN  nmq_mqtt.c:986: PT100_LoggerB8D61A6A65C0 pipe close!
2025-12-26 16:36:45 [7536] WARN  mqtt_parser.c:1339: PT100_LoggerB8D61A6A65C0 offline!
2025-12-26 16:36:47 [7536] WARN  mqtt_parser.c:1335: PT100_LoggerB8D61A6A65C0 online!
2025-12-26 16:37:12 [7536] WARN  nmq_websocket.c:160:  recv aio error Object closed
2025-12-26 16:37:12 [7536] WARN  nmq_mqtt.c:986: nanomq-fdceb7cb pipe close!
2025-12-26 16:37:12 [7536] WARN  mqtt_parser.c:1339: nanomq-fdceb7cb offline!
2025-12-26 16:37:12 [7536] WARN  mqtt_parser.c:1335: nanomq-0544da05 online!
2025-12-26 16:37:17 [7536] WARN  nmq_websocket.c:160:  recv aio error Object closed
2025-12-26 16:37:17 [7536] WARN  nmq_mqtt.c:986: nanomq-0544da05 pipe close!
2025-12-26 16:37:17 [7536] WARN  mqtt_parser.c:1339: nanomq-0544da05 offline!
2025-12-26 16:37:18 [7536] WARN  mqtt_parser.c:1335: nanomq-4be656e2 online!
2025-12-26 16:37:19 [7536] WARN  nmq_websocket.c:160:  recv aio error Object closed
2025-12-26 16:37:19 [7536] WARN  nmq_mqtt.c:986: nanomq-4be656e2 pipe close!
2025-12-26 16:37:19 [7536] WARN  mqtt_parser.c:1339: nanomq-4be656e2 offline!
2025-12-26 16:37:19 [7536] WARN  mqtt_parser.c:1335: nanomq-e13a40d0 online!
2025-12-26 16:37:20 [7536] WARN  nmq_websocket.c:160:  recv aio error Object closed
2025-12-26 16:37:20 [7536] WARN  nmq_mqtt.c:986: nanomq-e13a40d0 pipe close!
2025-12-26 16:37:20 [7536] WARN  mqtt_parser.c:1339: nanomq-e13a40d0 offline!
2025-12-26 16:37:20 [7536] WARN  mqtt_parser.c:1335: nanomq-8ff0254b online!
2025-12-26 16:37:21 [7536] WARN  nmq_websocket.c:160:  recv aio error Object closed
2025-12-26 16:37:21 [7536] WARN  nmq_mqtt.c:986: nanomq-8ff0254b pipe close!
2025-12-26 16:37:21 [7536] WARN  mqtt_parser.c:1339: nanomq-8ff0254b offline!
2025-12-26 16:37:21 [7536] WARN  mqtt_parser.c:1335: nanomq-29641c90 online!
2025-12-26 16:37:25 [7536] WARN  nmq_websocket.c:160:  recv aio error Object closed
2025-12-26 16:37:25 [7536] WARN  nmq_mqtt.c:986: nanomq-29641c90 pipe close!
2025-12-26 16:37:25 [7536] WARN  mqtt_parser.c:1339: nanomq-29641c90 offline!
2025-12-26 16:37:25 [7536] WARN  mqtt_parser.c:1335: nanomq-802054ff online!
2025-12-26 16:37:44 [7536] WARN  nmq_websocket.c:160:  recv aio error Object closed
2025-12-26 16:37:44 [7536] WARN  nmq_mqtt.c:986: nanomq-802054ff pipe close!
2025-12-26 16:37:44 [7536] WARN  mqtt_parser.c:1339: nanomq-802054ff offline!
2025-12-26 16:37:44 [7536] WARN  mqtt_parser.c:1335: nanomq-7fa1c8e7 online!
2025-12-26 16:37:59 [7536] WARN  nmq_websocket.c:160:  recv aio error Object closed
2025-12-26 16:37:59 [7536] WARN  nmq_mqtt.c:986: nanomq-7fa1c8e7 pipe close!
2025-12-26 16:37:59 [7536] WARN  mqtt_parser.c:1339: nanomq-7fa1c8e7 offline!
2025-12-26 16:37:59 [7536] WARN  mqtt_parser.c:1335: nanomq-dc88dd45 online!
2025-12-26 16:38:02 [7536] WARN  nmq_websocket.c:160:  recv aio error Object closed
2025-12-26 16:38:02 [7536] WARN  nmq_mqtt.c:986: nanomq-dc88dd45 pipe close!
2025-12-26 16:38:02 [7536] WARN  mqtt_parser.c:1339: nanomq-dc88dd45 offline!
2025-12-26 16:38:02 [7536] WARN  mqtt_parser.c:1335: nanomq-6f343765 online!
2025-12-26 16:38:04 [7536] WARN  nmq_websocket.c:160:  recv aio error Object closed
2025-12-26 16:38:04 [7536] WARN  nmq_mqtt.c:986: nanomq-6f343765 pipe close!
2025-12-26 16:38:04 [7536] WARN  mqtt_parser.c:1339: nanomq-6f343765 offline!
2025-12-26 16:38:04 [7536] WARN  mqtt_parser.c:1335: nanomq-f1f48e96 online!
2025-12-26 16:38:38 [7536] WARN  nmq_websocket.c:160:  recv aio error Object closed
2025-12-26 16:38:38 [7536] WARN  nmq_mqtt.c:986: nanomq-f1f48e96 pipe close!
2025-12-26 16:38:38 [7536] WARN  mqtt_parser.c:1339: nanomq-f1f48e96 offline!
2025-12-26 16:38:39 [7536] WARN  mqtt_parser.c:1335: nanomq-ead90c96 online!
2025-12-26 16:38:39 [7536] WARN  broker_tcp.c:683: nni aio recv error!! Unknown error #121

2025-12-26 16:38:39 [7536] WARN  broker_tcp.c:974: tcptran_pipe_recv_cb: recv_error rv: 128

2025-12-26 16:38:39 [7536] WARN  nmq_mqtt.c:986: PT100_LoggerB8D61A6A65C0 pipe close!
2025-12-26 16:38:39 [7536] WARN  mqtt_parser.c:1339: PT100_LoggerB8D61A6A65C0 offline!
2025-12-26 16:38:41 [7536] WARN  mqtt_parser.c:1335: PT100_LoggerB8D61A6A65C0 online!
2025-12-26 16:38:43 [7536] WARN  nmq_websocket.c:160:  recv aio error Object closed
2025-12-26 16:38:43 [7536] WARN  nmq_mqtt.c:986: nanomq-ead90c96 pipe close!
2025-12-26 16:38:43 [7536] WARN  mqtt_parser.c:1339: nanomq-ead90c96 offline!
2025-12-26 16:38:43 [7536] WARN  mqtt_parser.c:1335: nanomq-5e3795e5 online!
2025-12-26 16:39:09 [7536] WARN  nmq_websocket.c:160:  recv aio error Object closed
2025-12-26 16:39:09 [7536] WARN  nmq_mqtt.c:986: nanomq-5e3795e5 pipe close!
2025-12-26 16:39:09 [7536] WARN  mqtt_parser.c:1339: nanomq-5e3795e5 offline!
2025-12-26 16:39:09 [7536] WARN  mqtt_parser.c:1335: nanomq-ae2fbe0c online!
2025-12-26 16:40:58 [7536] WARN  nmq_websocket.c:160:  recv aio error Object closed
2025-12-26 16:40:58 [7536] WARN  nmq_mqtt.c:986: nanomq-ae2fbe0c pipe close!
2025-12-26 16:40:58 [7536] WARN  mqtt_parser.c:1339: nanomq-ae2fbe0c offline!
2025-12-26 16:40:58 [7536] WARN  mqtt_parser.c:1335: nanomq-49331829 online!
2025-12-26 16:41:01 [7536] WARN  nmq_websocket.c:160:  recv aio error Object closed
2025-12-26 16:41:01 [7536] WARN  nmq_mqtt.c:986: nanomq-49331829 pipe close!
2025-12-26 16:41:01 [7536] WARN  mqtt_parser.c:1339: nanomq-49331829 offline!
2025-12-26 16:41:02 [7536] WARN  mqtt_parser.c:1335: nanomq-36f717b2 online!
2025-12-26 16:41:04 [7536] WARN  nmq_websocket.c:160:  recv aio error Object closed
2025-12-26 16:41:04 [7536] WARN  nmq_mqtt.c:986: nanomq-36f717b2 pipe close!
2025-12-26 16:41:04 [7536] WARN  mqtt_parser.c:1339: nanomq-36f717b2 offline!
2025-12-26 16:41:04 [7536] WARN  mqtt_parser.c:1335: nanomq-6b5e7e83 online!
2025-12-26 16:41:05 [7536] WARN  nmq_websocket.c:160:  recv aio error Object closed
2025-12-26 16:41:05 [7536] WARN  nmq_mqtt.c:986: nanomq-6b5e7e83 pipe close!
2025-12-26 16:41:05 [7536] WARN  mqtt_parser.c:1339: nanomq-6b5e7e83 offline!
2025-12-26 16:41:05 [7536] WARN  mqtt_parser.c:1335: nanomq-bf6b6edb online!
2025-12-26 16:41:14 [7536] WARN  nmq_websocket.c:160:  recv aio error Object closed
2025-12-26 16:41:14 [7536] WARN  nmq_mqtt.c:986: nanomq-bf6b6edb pipe close!
2025-12-26 16:41:14 [7536] WARN  mqtt_parser.c:1339: nanomq-bf6b6edb offline!
2025-12-26 16:41:14 [7536] WARN  mqtt_parser.c:1335: nanomq-1ef6e648 online!
2025-12-26 16:41:18 [7536] WARN  nmq_websocket.c:160:  recv aio error Object closed
2025-12-26 16:41:18 [7536] WARN  nmq_mqtt.c:986: nanomq-1ef6e648 pipe close!
2025-12-26 16:41:18 [7536] WARN  mqtt_parser.c:1339: nanomq-1ef6e648 offline!
2025-12-26 16:41:18 [7536] WARN  mqtt_parser.c:1335: nanomq-24d2c58d online!
2025-12-26 16:41:20 [7536] WARN  nmq_websocket.c:160:  recv aio error Object closed
2025-12-26 16:41:20 [7536] WARN  nmq_mqtt.c:986: nanomq-24d2c58d pipe close!
2025-12-26 16:41:20 [7536] WARN  mqtt_parser.c:1339: nanomq-24d2c58d offline!
2025-12-26 16:41:20 [7536] WARN  mqtt_parser.c:1335: nanomq-d795b77e online!
2025-12-26 16:41:29 [7536] WARN  nmq_websocket.c:160:  recv aio error Object closed
2025-12-26 16:41:29 [7536] WARN  nmq_mqtt.c:986: nanomq-d795b77e pipe close!
2025-12-26 16:41:29 [7536] WARN  mqtt_parser.c:1339: nanomq-d795b77e offline!
2025-12-26 16:41:29 [7536] WARN  mqtt_parser.c:1335: nanomq-63f6fe24 online!
2025-12-26 16:41:31 [7536] WARN  nmq_websocket.c:160:  recv aio error Object closed
2025-12-26 16:41:31 [7536] WARN  nmq_mqtt.c:986: nanomq-63f6fe24 pipe close!
2025-12-26 16:41:31 [7536] WARN  mqtt_parser.c:1339: nanomq-63f6fe24 offline!
2025-12-26 16:41:31 [7536] WARN  mqtt_parser.c:1335: nanomq-6e5485d9 online!
2025-12-26 16:41:34 [7536] WARN  broker_tcp.c:683: nni aio recv error!! Unknown error #121

2025-12-26 16:41:34 [7536] WARN  broker_tcp.c:974: tcptran_pipe_recv_cb: recv_error rv: 128

2025-12-26 16:41:34 [7536] WARN  nmq_mqtt.c:986: PT100_LoggerB8D61A6A65C0 pipe close!
2025-12-26 16:41:34 [7536] WARN  mqtt_parser.c:1339: PT100_LoggerB8D61A6A65C0 offline!
2025-12-26 16:41:36 [7536] WARN  mqtt_parser.c:1335: PT100_LoggerB8D61A6A65C0 online!
2025-12-26 16:41:43 [7536] WARN  nmq_websocket.c:160:  recv aio error Object closed
2025-12-26 16:41:43 [7536] WARN  nmq_mqtt.c:986: nanomq-6e5485d9 pipe close!
2025-12-26 16:41:43 [7536] WARN  mqtt_parser.c:1339: nanomq-6e5485d9 offline!
2025-12-26 16:41:44 [7536] WARN  mqtt_parser.c:1335: nanomq-ea521802 online!
2025-12-26 16:41:46 [7536] WARN  nmq_websocket.c:160:  recv aio error Object closed
2025-12-26 16:41:46 [7536] WARN  nmq_mqtt.c:986: nanomq-ea521802 pipe close!
2025-12-26 16:41:46 [7536] WARN  mqtt_parser.c:1339: nanomq-ea521802 offline!
2025-12-26 16:41:46 [7536] WARN  mqtt_parser.c:1335: nanomq-842add48 online!
2025-12-26 16:41:49 [7536] WARN  nmq_websocket.c:160:  recv aio error Object closed
2025-12-26 16:41:49 [7536] WARN  nmq_mqtt.c:986: nanomq-842add48 pipe close!
2025-12-26 16:41:49 [7536] WARN  mqtt_parser.c:1339: nanomq-842add48 offline!
2025-12-26 16:41:49 [7536] WARN  mqtt_parser.c:1335: nanomq-a6bed6e4 online!
2025-12-26 16:41:53 [7536] WARN  nmq_websocket.c:160:  recv aio error Object closed
2025-12-26 16:41:53 [7536] WARN  nmq_mqtt.c:986: nanomq-a6bed6e4 pipe close!
2025-12-26 16:41:53 [7536] WARN  mqtt_parser.c:1339: nanomq-a6bed6e4 offline!
2025-12-26 16:41:53 [7536] WARN  mqtt_parser.c:1335: nanomq-c854d92a online!
2025-12-26 16:41:57 [7536] WARN  nmq_websocket.c:160:  recv aio error Object closed
2025-12-26 16:41:57 [7536] WARN  nmq_mqtt.c:986: nanomq-c854d92a pipe close!
2025-12-26 16:41:57 [7536] WARN  mqtt_parser.c:1339: nanomq-c854d92a offline!
2025-12-26 16:41:57 [7536] WARN  mqtt_parser.c:1335: nanomq-525b5526 online!
2025-12-26 16:42:04 [7536] WARN  nmq_websocket.c:160:  recv aio error Object closed
2025-12-26 16:42:04 [7536] WARN  nmq_mqtt.c:986: nanomq-525b5526 pipe close!
2025-12-26 16:42:04 [7536] WARN  mqtt_parser.c:1339: nanomq-525b5526 offline!
2025-12-26 16:42:04 [7536] WARN  mqtt_parser.c:1335: nanomq-42df41b7 online!
2025-12-26 16:42:50 [7536] WARN  broker_tcp.c:683: nni aio recv error!! Unknown error #64

2025-12-26 16:42:50 [7536] WARN  broker_tcp.c:974: tcptran_pipe_recv_cb: recv_error rv: 128

2025-12-26 16:42:50 [7536] WARN  nmq_mqtt.c:986: PT100_LoggerB8D61A6A65C0 pipe close!
2025-12-26 16:42:50 [7536] WARN  mqtt_parser.c:1339: PT100_LoggerB8D61A6A65C0 offline!
2025-12-26 16:43:09 [7536] WARN  mqtt_parser.c:1335: PT100_LoggerB8D61A6A65C0 online!
2025-12-26 16:43:57 [7536] WARN  broker_tcp.c:683: nni aio recv error!! Unknown error #64

2025-12-26 16:43:57 [7536] WARN  broker_tcp.c:974: tcptran_pipe_recv_cb: recv_error rv: 128

2025-12-26 16:43:57 [7536] WARN  nmq_mqtt.c:986: PT100_LoggerB8D61A6A65C0 pipe close!
2025-12-26 16:43:57 [7536] WARN  mqtt_parser.c:1339: PT100_LoggerB8D61A6A65C0 offline!
2025-12-26 16:44:45 [7536] WARN  mqtt_parser.c:1335: PT100_LoggerB8D61A6A65C0 online!
2025-12-26 16:52:01 [7536] WARN  nmq_mqtt.c:245: Warning: close pipe & kick client due to KeepAlive timeout!
2025-12-26 16:52:01 [7536] WARN  broker_tcp.c:683: nni aio recv error!! Object closed

2025-12-26 16:52:01 [7536] WARN  nmq_mqtt.c:986: PT100_LoggerB8D61A6A65C0 pipe close!
2025-12-26 16:52:01 [7536] WARN  broker_tcp.c:974: tcptran_pipe_recv_cb: recv_error rv: 139

2025-12-26 16:52:01 [7536] WARN  mqtt_parser.c:1339: PT100_LoggerB8D61A6A65C0 offline!
2025-12-26 17:08:14 [7536] WARN  nmq_websocket.c:160:  recv aio error Object closed
2025-12-26 17:08:14 [7536] WARN  nmq_mqtt.c:986: nanomq-42df41b7 pipe close!
2025-12-26 17:08:14 [7536] WARN  mqtt_parser.c:1339: nanomq-42df41b7 offline!
2025-12-26 17:08:14 [7536] WARN  mqtt_parser.c:1335: nanomq-672bebda online!
2025-12-26 17:09:49 [7536] WARN  nmq_mqtt.c:245: Warning: close pipe & kick client due to KeepAlive timeout!
2025-12-26 17:09:49 [7536] WARN  nmq_mqtt.c:986: nanomq-672bebda pipe close!
2025-12-26 17:09:49 [7536] WARN  mqtt_parser.c:1339: nanomq-672bebda offline!
2025-12-26 17:09:49 [7536] WARN  nmq_websocket.c:160:  recv aio error Object closed
2025-12-26 17:19:01 [7536] WARN  broker_tcp.c:683: nni aio recv error!! Unknown error #64

2025-12-26 17:19:01 [7536] WARN  broker_tcp.c:974: tcptran_pipe_recv_cb: recv_error rv: 128

2025-12-26 17:19:01 [7536] WARN  nmq_mqtt.c:986: mqtt-explorer-8f78055a pipe close!
2025-12-26 17:19:01 [7536] WARN  mqtt_parser.c:1339: mqtt-explorer-8f78055a offline!
2025-12-26 17:19:01 [7536] WARN  nmq_mqtt.c:431: pipe id 2016390686 is gone, pub failed
2025-12-26 17:32:24 [7656] WARN  broker.c:2149: Default bridging Clientid is nanomq-8b436cc9
2025-12-26 17:32:24 [7656] WARN  broker.c:1262: EMQX Edge (ver 1.2.0) Serving MQTT TCP on nmq-tcp://0.0.0.0:1883
2025-12-26 17:32:24 [7656] WARN  broker.c:1290: EMQX Edge (ver 1.2.0) Serving MQTT over WebSocket on nmq-ws://0.0.0.0:8083/mqtt
2025-12-26 17:32:24 [7656] WARN  web_server.c:313: Http Server folder set to D:\Indruino_Projects\indruino\company_project\PT100_Logger_esp32\server_win\emqx-edge-1.2.0-windows-x86_64/dist
2025-12-26 17:32:24 [7656] WARN  broker.c:1376: EMQX Edge (ver 1.2.0) Serving HTTP Server on http://0.0.0.0:8081
2025-12-26 17:32:24 [7656] WARN  broker.c:1458: NanoMQ Broker is started successfully!

2025-12-29 08:07:31 [7608] WARN  broker.c:2149: Default bridging Clientid is nanomq-c2f7a1da
2025-12-29 08:07:31 [7608] WARN  broker.c:1262: EMQX Edge (ver 1.2.0) Serving MQTT TCP on nmq-tcp://0.0.0.0:1883
2025-12-29 08:07:31 [7608] WARN  broker.c:1290: EMQX Edge (ver 1.2.0) Serving MQTT over WebSocket on nmq-ws://0.0.0.0:8083/mqtt
2025-12-29 08:07:31 [7608] WARN  web_server.c:313: Http Server folder set to D:\Indruino_Projects\indruino\company_project\PT100_Logger_esp32\server_win\emqx-edge-1.2.0-windows-x86_64/dist
2025-12-29 08:07:31 [7608] WARN  broker.c:1376: EMQX Edge (ver 1.2.0) Serving HTTP Server on http://0.0.0.0:8081
2025-12-29 08:07:31 [7608] WARN  broker.c:1458: NanoMQ Broker is started successfully!

2025-12-29 14:35:29 [7608] WARN  mqtt_parser.c:1335: mqtt-explorer-8f78055a online!
2025-12-29 14:41:01 [7608] WARN  mqtt_parser.c:1335: web_client_8e80e274 online!
2025-12-29 14:42:23 [7608] WARN  nmq_websocket.c:160:  recv aio error Object closed
2025-12-29 14:42:23 [7608] WARN  nmq_mqtt.c:986: web_client_8e80e274 pipe close!
2025-12-29 14:42:23 [7608] WARN  mqtt_parser.c:1339: web_client_8e80e274 offline!
2025-12-29 14:42:23 [7608] WARN  mqtt_parser.c:1335: web_client_c43c7a63 online!
2025-12-29 14:51:12 [7608] WARN  nmq_websocket.c:160:  recv aio error Object closed
2025-12-29 14:51:12 [7608] WARN  nmq_mqtt.c:986: web_client_c43c7a63 pipe close!
2025-12-29 14:51:12 [7608] WARN  mqtt_parser.c:1339: web_client_c43c7a63 offline!
2025-12-29 14:51:13 [7608] WARN  mqtt_parser.c:1335: web_client_950e3e4d online!
2025-12-29 14:51:28 [7608] WARN  nmq_websocket.c:160:  recv aio error Object closed
2025-12-29 14:51:28 [7608] WARN  nmq_mqtt.c:986: web_client_950e3e4d pipe close!
2025-12-29 14:51:28 [7608] WARN  mqtt_parser.c:1339: web_client_950e3e4d offline!
2025-12-29 14:51:28 [7608] WARN  mqtt_parser.c:1335: web_client_f546912d online!
2025-12-29 14:51:32 [7608] WARN  nmq_websocket.c:160:  recv aio error Object closed
2025-12-29 14:51:32 [7608] WARN  nmq_mqtt.c:986: web_client_f546912d pipe close!
2025-12-29 14:51:32 [7608] WARN  mqtt_parser.c:1339: web_client_f546912d offline!
2025-12-29 14:51:32 [7608] WARN  mqtt_parser.c:1335: web_client_2fb5625f online!
2025-12-29 15:11:11 [7608] WARN  nmq_websocket.c:160:  recv aio error Object closed
2025-12-29 15:11:11 [7608] WARN  nmq_mqtt.c:986: web_client_2fb5625f pipe close!
2025-12-29 15:11:11 [7608] WARN  mqtt_parser.c:1339: web_client_2fb5625f offline!
2025-12-29 15:11:13 [7608] WARN  mqtt_parser.c:1335: web_client_552cda17 online!
2025-12-29 15:14:09 [7608] WARN  nmq_websocket.c:160:  recv aio error Object closed
2025-12-29 15:14:09 [7608] WARN  nmq_mqtt.c:986: web_client_552cda17 pipe close!
2025-12-29 15:14:09 [7608] WARN  mqtt_parser.c:1339: web_client_552cda17 offline!
2025-12-29 15:14:09 [7608] WARN  mqtt_parser.c:1335: web_client_8dcf1eaf online!
2025-12-29 15:15:21 [7608] WARN  nmq_websocket.c:160:  recv aio error Object closed
2025-12-29 15:15:21 [7608] WARN  nmq_mqtt.c:986: web_client_8dcf1eaf pipe close!
2025-12-29 15:15:21 [7608] WARN  mqtt_parser.c:1339: web_client_8dcf1eaf offline!
2025-12-29 15:15:21 [7608] WARN  mqtt_parser.c:1335: web_client_6c484b9f online!
2025-12-29 15:15:54 [7608] WARN  nmq_websocket.c:160:  recv aio error Object closed
2025-12-29 15:15:54 [7608] WARN  nmq_mqtt.c:986: web_client_6c484b9f pipe close!
2025-12-29 15:15:54 [7608] WARN  mqtt_parser.c:1339: web_client_6c484b9f offline!
2025-12-29 15:15:54 [7608] WARN  mqtt_parser.c:1335: web_client_66285726 online!
2025-12-29 15:15:57 [7608] WARN  nmq_websocket.c:160:  recv aio error Object closed
2025-12-29 15:15:57 [7608] WARN  nmq_mqtt.c:986: web_client_66285726 pipe close!
2025-12-29 15:15:57 [7608] WARN  mqtt_parser.c:1339: web_client_66285726 offline!
2025-12-29 15:15:57 [7608] WARN  mqtt_parser.c:1335: web_client_fc964b0d online!
2025-12-29 15:16:38 [7608] WARN  nmq_websocket.c:160:  recv aio error Object closed
2025-12-29 15:16:38 [7608] WARN  nmq_mqtt.c:986: web_client_fc964b0d pipe close!
2025-12-29 15:16:38 [7608] WARN  mqtt_parser.c:1339: web_client_fc964b0d offline!
2025-12-29 15:16:38 [7608] WARN  mqtt_parser.c:1335: web_client_b9797af8 online!
2025-12-29 15:16:46 [7608] WARN  nmq_websocket.c:160:  recv aio error Object closed
2025-12-29 15:16:46 [7608] WARN  nmq_mqtt.c:986: web_client_b9797af8 pipe close!
2025-12-29 15:16:46 [7608] WARN  mqtt_parser.c:1339: web_client_b9797af8 offline!
2025-12-29 15:16:46 [7608] WARN  mqtt_parser.c:1335: web_client_43f57b28 online!
2025-12-29 15:16:50 [7608] WARN  nmq_websocket.c:160:  recv aio error Object closed
2025-12-29 15:16:50 [7608] WARN  nmq_mqtt.c:986: web_client_43f57b28 pipe close!
2025-12-29 15:16:50 [7608] WARN  mqtt_parser.c:1339: web_client_43f57b28 offline!
2025-12-29 15:16:50 [7608] WARN  mqtt_parser.c:1335: web_client_031911c8 online!
2025-12-29 16:36:30 [7608] WARN  nmq_websocket.c:160:  recv aio error Object closed
2025-12-29 16:36:30 [7608] WARN  nmq_mqtt.c:986: web_client_031911c8 pipe close!
2025-12-29 16:36:30 [7608] WARN  mqtt_parser.c:1339: web_client_031911c8 offline!
2025-12-29 16:36:30 [7608] WARN  mqtt_parser.c:1335: web_client_3e0a4bcb online!
2025-12-29 16:43:37 [7608] WARN  nmq_websocket.c:160:  recv aio error Object closed
2025-12-29 16:43:37 [7608] WARN  nmq_mqtt.c:986: web_client_3e0a4bcb pipe close!
2025-12-29 16:43:37 [7608] WARN  mqtt_parser.c:1339: web_client_3e0a4bcb offline!
2025-12-29 16:43:37 [7608] WARN  mqtt_parser.c:1335: web_client_7989b47f online!
2025-12-29 16:43:44 [7608] WARN  nmq_websocket.c:160:  recv aio error Object closed
2025-12-29 16:43:44 [7608] WARN  nmq_mqtt.c:986: web_client_7989b47f pipe close!
2025-12-29 16:43:44 [7608] WARN  mqtt_parser.c:1339: web_client_7989b47f offline!
2025-12-29 16:43:45 [7608] WARN  mqtt_parser.c:1335: web_client_3a61bf57 online!
2025-12-29 16:46:17 [7608] WARN  nmq_websocket.c:160:  recv aio error Object closed
2025-12-29 16:46:17 [7608] WARN  nmq_mqtt.c:986: web_client_3a61bf57 pipe close!
2025-12-29 16:46:17 [7608] WARN  mqtt_parser.c:1339: web_client_3a61bf57 offline!
2025-12-29 16:46:17 [7608] WARN  mqtt_parser.c:1335: web_client_40d5b578 online!
2025-12-29 16:46:25 [7608] WARN  nmq_websocket.c:160:  recv aio error Object closed
2025-12-29 16:46:25 [7608] WARN  nmq_mqtt.c:986: web_client_40d5b578 pipe close!
2025-12-29 16:46:25 [7608] WARN  mqtt_parser.c:1339: web_client_40d5b578 offline!
2025-12-29 16:46:25 [7608] WARN  mqtt_parser.c:1335: web_client_9cb06b33 online!
2025-12-29 16:47:17 [7608] WARN  nmq_websocket.c:160:  recv aio error Object closed
2025-12-29 16:47:17 [7608] WARN  nmq_mqtt.c:986: web_client_9cb06b33 pipe close!
2025-12-29 16:47:17 [7608] WARN  mqtt_parser.c:1339: web_client_9cb06b33 offline!
2025-12-29 16:47:17 [7608] WARN  mqtt_parser.c:1335: web_client_b1369929 online!
2025-12-29 16:47:21 [7608] WARN  nmq_websocket.c:160:  recv aio error Object closed
2025-12-29 16:47:21 [7608] WARN  nmq_mqtt.c:986: web_client_b1369929 pipe close!
2025-12-29 16:47:21 [7608] WARN  mqtt_parser.c:1339: web_client_b1369929 offline!
2025-12-29 16:47:22 [7608] WARN  mqtt_parser.c:1335: web_client_8a34792d online!
2025-12-29 16:48:01 [7608] WARN  nmq_websocket.c:160:  recv aio error Object closed
2025-12-29 16:48:01 [7608] WARN  nmq_mqtt.c:986: web_client_8a34792d pipe close!
2025-12-29 16:48:01 [7608] WARN  mqtt_parser.c:1339: web_client_8a34792d offline!
2025-12-29 16:48:01 [7608] WARN  mqtt_parser.c:1335: web_client_f5398772 online!
2025-12-29 16:48:07 [7608] WARN  nmq_websocket.c:160:  recv aio error Object closed
2025-12-29 16:48:07 [7608] WARN  nmq_mqtt.c:986: web_client_f5398772 pipe close!
2025-12-29 16:48:07 [7608] WARN  mqtt_parser.c:1339: web_client_f5398772 offline!
2025-12-29 16:48:07 [7608] WARN  mqtt_parser.c:1335: web_client_b0176c17 online!
2025-12-29 16:48:09 [7608] WARN  nmq_websocket.c:160:  recv aio error Object closed
2025-12-29 16:48:09 [7608] WARN  nmq_mqtt.c:986: web_client_b0176c17 pipe close!
2025-12-29 16:48:09 [7608] WARN  mqtt_parser.c:1339: web_client_b0176c17 offline!
2025-12-29 16:48:09 [7608] WARN  mqtt_parser.c:1335: web_client_47a54de1 online!
2025-12-29 16:51:37 [7608] WARN  nmq_websocket.c:160:  recv aio error Object closed
2025-12-29 16:51:37 [7608] WARN  nmq_mqtt.c:986: web_client_47a54de1 pipe close!
2025-12-29 16:51:37 [7608] WARN  mqtt_parser.c:1339: web_client_47a54de1 offline!
2025-12-29 16:51:37 [7608] WARN  mqtt_parser.c:1335: web_client_b97c6c16 online!
2025-12-29 16:51:40 [7608] WARN  nmq_websocket.c:160:  recv aio error Object closed
2025-12-29 16:51:40 [7608] WARN  nmq_mqtt.c:986: web_client_b97c6c16 pipe close!
2025-12-29 16:51:40 [7608] WARN  mqtt_parser.c:1339: web_client_b97c6c16 offline!
2025-12-29 16:51:40 [7608] WARN  mqtt_parser.c:1335: web_client_fb5e99b9 online!
2025-12-29 16:52:25 [7608] WARN  nmq_websocket.c:160:  recv aio error Object closed
2025-12-29 16:52:25 [7608] WARN  nmq_mqtt.c:986: web_client_fb5e99b9 pipe close!
2025-12-29 16:52:25 [7608] WARN  mqtt_parser.c:1339: web_client_fb5e99b9 offline!
2025-12-29 16:52:25 [7608] WARN  mqtt_parser.c:1335: web_client_81ac74aa online!
2025-12-29 16:52:26 [7608] WARN  nmq_websocket.c:160:  recv aio error Object closed
2025-12-29 16:52:26 [7608] WARN  nmq_mqtt.c:986: web_client_81ac74aa pipe close!
2025-12-29 16:52:26 [7608] WARN  mqtt_parser.c:1339: web_client_81ac74aa offline!
2025-12-29 16:52:26 [7608] WARN  mqtt_parser.c:1335: web_client_251d049b online!
2025-12-29 16:52:28 [7608] WARN  nmq_websocket.c:160:  recv aio error Object closed
2025-12-29 16:52:28 [7608] WARN  nmq_mqtt.c:986: web_client_251d049b pipe close!
2025-12-29 16:52:28 [7608] WARN  mqtt_parser.c:1339: web_client_251d049b offline!
2025-12-29 16:52:28 [7608] WARN  mqtt_parser.c:1335: web_client_641d3b69 online!
2025-12-29 16:52:32 [7608] WARN  nmq_websocket.c:160:  recv aio error Object closed
2025-12-29 16:52:32 [7608] WARN  nmq_mqtt.c:986: web_client_641d3b69 pipe close!
2025-12-29 16:52:32 [7608] WARN  mqtt_parser.c:1339: web_client_641d3b69 offline!
2025-12-29 16:52:32 [7608] WARN  mqtt_parser.c:1335: web_client_c417a21a online!
2025-12-29 16:52:35 [7608] WARN  nmq_websocket.c:160:  recv aio error Object closed
2025-12-29 16:52:35 [7608] WARN  nmq_mqtt.c:986: web_client_c417a21a pipe close!
2025-12-29 16:52:35 [7608] WARN  mqtt_parser.c:1339: web_client_c417a21a offline!
2025-12-29 16:52:35 [7608] WARN  mqtt_parser.c:1335: web_client_be86dcb1 online!
2025-12-29 16:52:44 [7608] WARN  nmq_websocket.c:160:  recv aio error Object closed
2025-12-29 16:52:44 [7608] WARN  nmq_mqtt.c:986: web_client_be86dcb1 pipe close!
2025-12-29 16:52:44 [7608] WARN  mqtt_parser.c:1339: web_client_be86dcb1 offline!
2025-12-29 16:52:44 [7608] WARN  mqtt_parser.c:1335: web_client_c206a25b online!
2025-12-29 16:52:53 [7608] WARN  nmq_websocket.c:160:  recv aio error Object closed
2025-12-29 16:52:53 [7608] WARN  nmq_mqtt.c:986: web_client_c206a25b pipe close!
2025-12-29 16:52:53 [7608] WARN  mqtt_parser.c:1339: web_client_c206a25b offline!
2025-12-29 16:53:02 [7608] WARN  mqtt_parser.c:1335: web_client_b8488012 online!
2025-12-29 16:55:05 [7608] WARN  nmq_websocket.c:160:  recv aio error Object closed
2025-12-29 16:55:05 [7608] WARN  nmq_mqtt.c:986: web_client_b8488012 pipe close!
2025-12-29 16:55:05 [7608] WARN  mqtt_parser.c:1339: web_client_b8488012 offline!
2025-12-29 16:55:05 [7608] WARN  mqtt_parser.c:1335: web_client_c5dc517d online!
2025-12-29 16:55:07 [7608] WARN  nmq_websocket.c:160:  recv aio error Object closed
2025-12-29 16:55:07 [7608] WARN  nmq_mqtt.c:986: web_client_c5dc517d pipe close!
2025-12-29 16:55:07 [7608] WARN  mqtt_parser.c:1339: web_client_c5dc517d offline!
2025-12-29 16:55:08 [7608] WARN  mqtt_parser.c:1335: web_client_c35f11e4 online!
2025-12-29 16:55:09 [7608] WARN  nmq_websocket.c:160:  recv aio error Object closed
2025-12-29 16:55:09 [7608] WARN  nmq_mqtt.c:986: web_client_c35f11e4 pipe close!
2025-12-29 16:55:09 [7608] WARN  mqtt_parser.c:1339: web_client_c35f11e4 offline!
2025-12-29 16:55:09 [7608] WARN  mqtt_parser.c:1335: web_client_f4f53068 online!
2025-12-29 16:56:31 [7608] WARN  nmq_websocket.c:160:  recv aio error Object closed
2025-12-29 16:56:31 [7608] WARN  nmq_mqtt.c:986: web_client_f4f53068 pipe close!
2025-12-29 16:56:31 [7608] WARN  mqtt_parser.c:1339: web_client_f4f53068 offline!
2025-12-29 16:56:31 [7608] WARN  mqtt_parser.c:1335: web_client_278817cc online!
2025-12-29 16:56:38 [7608] WARN  nmq_websocket.c:160:  recv aio error Object closed
2025-12-29 16:56:38 [7608] WARN  nmq_mqtt.c:986: web_client_278817cc pipe close!
2025-12-29 16:56:38 [7608] WARN  mqtt_parser.c:1339: web_client_278817cc offline!
2025-12-29 16:56:38 [7608] WARN  mqtt_parser.c:1335: web_client_42d0a520 online!
2025-12-29 16:56:42 [7608] WARN  nmq_websocket.c:160:  recv aio error Object closed
2025-12-29 16:56:42 [7608] WARN  nmq_mqtt.c:986: web_client_42d0a520 pipe close!
2025-12-29 16:56:42 [7608] WARN  mqtt_parser.c:1339: web_client_42d0a520 offline!
2025-12-29 16:56:42 [7608] WARN  mqtt_parser.c:1335: web_client_2328bb53 online!
2025-12-29 16:57:03 [7608] WARN  nmq_websocket.c:160:  recv aio error Object closed
2025-12-29 16:57:03 [7608] WARN  nmq_mqtt.c:986: web_client_2328bb53 pipe close!
2025-12-29 16:57:03 [7608] WARN  mqtt_parser.c:1339: web_client_2328bb53 offline!
2025-12-29 16:57:03 [7608] WARN  mqtt_parser.c:1335: web_client_2dd22e19 online!
2025-12-29 16:57:07 [7608] WARN  nmq_websocket.c:160:  recv aio error Object closed
2025-12-29 16:57:07 [7608] WARN  nmq_mqtt.c:986: web_client_2dd22e19 pipe close!
2025-12-29 16:57:07 [7608] WARN  mqtt_parser.c:1339: web_client_2dd22e19 offline!
2025-12-29 16:57:07 [7608] WARN  mqtt_parser.c:1335: web_client_95e05141 online!
2025-12-29 16:57:12 [7608] WARN  nmq_websocket.c:160:  recv aio error Object closed
2025-12-29 16:57:12 [7608] WARN  nmq_mqtt.c:986: web_client_95e05141 pipe close!
2025-12-29 16:57:12 [7608] WARN  mqtt_parser.c:1339: web_client_95e05141 offline!
2025-12-29 16:57:12 [7608] WARN  mqtt_parser.c:1335: web_client_8e4eee25 online!
2025-12-29 16:57:15 [7608] WARN  nmq_websocket.c:160:  recv aio error Object closed
2025-12-29 16:57:15 [7608] WARN  nmq_mqtt.c:986: web_client_8e4eee25 pipe close!
2025-12-29 16:57:15 [7608] WARN  mqtt_parser.c:1339: web_client_8e4eee25 offline!
2025-12-29 16:57:15 [7608] WARN  mqtt_parser.c:1335: web_client_7939a507 online!
2025-12-29 16:57:18 [7608] WARN  nmq_websocket.c:160:  recv aio error Object closed
2025-12-29 16:57:18 [7608] WARN  nmq_mqtt.c:986: web_client_7939a507 pipe close!
2025-12-29 16:57:18 [7608] WARN  mqtt_parser.c:1339: web_client_7939a507 offline!
2025-12-29 16:57:19 [7608] WARN  mqtt_parser.c:1335: web_client_c171ee21 online!
2025-12-29 16:57:52 [7608] WARN  nmq_websocket.c:160:  recv aio error Object closed
2025-12-29 16:57:52 [7608] WARN  nmq_mqtt.c:986: web_client_c171ee21 pipe close!
2025-12-29 16:57:52 [7608] WARN  mqtt_parser.c:1339: web_client_c171ee21 offline!
2025-12-29 16:57:52 [7608] WARN  mqtt_parser.c:1335: web_client_627c7df8 online!
2025-12-29 16:58:00 [7608] WARN  nmq_websocket.c:160:  recv aio error Object closed
2025-12-29 16:58:00 [7608] WARN  nmq_mqtt.c:986: web_client_627c7df8 pipe close!
2025-12-29 16:58:00 [7608] WARN  mqtt_parser.c:1339: web_client_627c7df8 offline!
2025-12-29 16:58:01 [7608] WARN  mqtt_parser.c:1335: web_client_d7aa2b98 online!
2025-12-29 16:58:40 [7608] WARN  nmq_websocket.c:160:  recv aio error Object closed
2025-12-29 16:58:40 [7608] WARN  nmq_mqtt.c:986: web_client_d7aa2b98 pipe close!
2025-12-29 16:58:40 [7608] WARN  mqtt_parser.c:1339: web_client_d7aa2b98 offline!
2025-12-29 16:58:41 [7608] WARN  mqtt_parser.c:1335: web_client_084f171b online!
2025-12-29 16:58:44 [7608] WARN  nmq_websocket.c:160:  recv aio error Object closed
2025-12-29 16:58:44 [7608] WARN  nmq_mqtt.c:986: web_client_084f171b pipe close!
2025-12-29 16:58:44 [7608] WARN  mqtt_parser.c:1339: web_client_084f171b offline!
2025-12-29 16:58:44 [7608] WARN  mqtt_parser.c:1335: web_client_9db78db5 online!
2025-12-29 16:58:46 [7608] WARN  nmq_websocket.c:160:  recv aio error Object closed
2025-12-29 16:58:46 [7608] WARN  nmq_mqtt.c:986: web_client_9db78db5 pipe close!
2025-12-29 16:58:46 [7608] WARN  mqtt_parser.c:1339: web_client_9db78db5 offline!
2025-12-29 16:58:46 [7608] WARN  mqtt_parser.c:1335: web_client_ecf241c5 online!
2025-12-29 16:58:50 [7608] WARN  nmq_websocket.c:160:  recv aio error Object closed
2025-12-29 16:58:50 [7608] WARN  nmq_mqtt.c:986: web_client_ecf241c5 pipe close!
2025-12-29 16:58:50 [7608] WARN  mqtt_parser.c:1339: web_client_ecf241c5 offline!
2025-12-29 16:58:53 [7608] WARN  mqtt_parser.c:1335: web_client_20925e1f online!
2025-12-29 16:58:55 [7608] WARN  nmq_websocket.c:160:  recv aio error Object closed
2025-12-29 16:58:55 [7608] WARN  nmq_mqtt.c:986: web_client_20925e1f pipe close!
2025-12-29 16:58:55 [7608] WARN  mqtt_parser.c:1339: web_client_20925e1f offline!
2025-12-29 16:58:55 [7608] WARN  mqtt_parser.c:1335: web_client_a830ca9d online!
2025-12-29 16:58:58 [7608] WARN  nmq_websocket.c:160:  recv aio error Object closed
2025-12-29 16:58:58 [7608] WARN  nmq_mqtt.c:986: web_client_a830ca9d pipe close!
2025-12-29 16:58:58 [7608] WARN  mqtt_parser.c:1339: web_client_a830ca9d offline!
2025-12-29 16:58:58 [7608] WARN  mqtt_parser.c:1335: web_client_4da520c8 online!
2025-12-29 17:01:37 [7608] WARN  nmq_websocket.c:160:  recv aio error Object closed
2025-12-29 17:01:37 [7608] WARN  nmq_mqtt.c:986: web_client_4da520c8 pipe close!
2025-12-29 17:01:37 [7608] WARN  mqtt_parser.c:1339: web_client_4da520c8 offline!
2025-12-29 17:01:37 [7608] WARN  mqtt_parser.c:1335: web_client_8a58cd90 online!
2025-12-29 17:01:45 [7608] WARN  nmq_websocket.c:160:  recv aio error Object closed
2025-12-29 17:01:45 [7608] WARN  nmq_mqtt.c:986: web_client_8a58cd90 pipe close!
2025-12-29 17:01:45 [7608] WARN  mqtt_parser.c:1339: web_client_8a58cd90 offline!
2025-12-29 17:01:45 [7608] WARN  mqtt_parser.c:1335: web_client_b958772d online!
2025-12-29 17:02:20 [7608] WARN  nmq_websocket.c:160:  recv aio error Object closed
2025-12-29 17:02:20 [7608] WARN  nmq_mqtt.c:986: web_client_b958772d pipe close!
2025-12-29 17:02:20 [7608] WARN  mqtt_parser.c:1339: web_client_b958772d offline!
2025-12-29 17:02:20 [7608] WARN  mqtt_parser.c:1335: web_client_2c7f155c online!
2025-12-29 17:02:22 [7608] WARN  nmq_websocket.c:160:  recv aio error Object closed
2025-12-29 17:02:22 [7608] WARN  nmq_mqtt.c:986: web_client_2c7f155c pipe close!
2025-12-29 17:02:22 [7608] WARN  mqtt_parser.c:1339: web_client_2c7f155c offline!
2025-12-29 17:02:22 [7608] WARN  mqtt_parser.c:1335: web_client_b17f23a6 online!
2025-12-29 17:02:23 [7608] WARN  nmq_websocket.c:160:  recv aio error Object closed
2025-12-29 17:02:23 [7608] WARN  nmq_mqtt.c:986: web_client_b17f23a6 pipe close!
2025-12-29 17:02:23 [7608] WARN  mqtt_parser.c:1339: web_client_b17f23a6 offline!
2025-12-29 17:02:23 [7608] WARN  mqtt_parser.c:1335: web_client_fa4d92ee online!
2025-12-29 17:02:28 [7608] WARN  nmq_websocket.c:160:  recv aio error Object closed
2025-12-29 17:02:28 [7608] WARN  nmq_mqtt.c:986: web_client_fa4d92ee pipe close!
2025-12-29 17:02:28 [7608] WARN  mqtt_parser.c:1339: web_client_fa4d92ee offline!
2025-12-29 17:02:28 [7608] WARN  mqtt_parser.c:1335: web_client_7d06a5bf online!
2025-12-29 17:02:29 [7608] WARN  nmq_websocket.c:160:  recv aio error Object closed
2025-12-29 17:02:29 [7608] WARN  nmq_mqtt.c:986: web_client_7d06a5bf pipe close!
2025-12-29 17:02:29 [7608] WARN  mqtt_parser.c:1339: web_client_7d06a5bf offline!
2025-12-29 17:02:29 [7608] WARN  mqtt_parser.c:1335: web_client_67574459 online!
2025-12-29 17:02:32 [7608] WARN  nmq_websocket.c:160:  recv aio error Object closed
2025-12-29 17:02:32 [7608] WARN  nmq_mqtt.c:986: web_client_67574459 pipe close!
2025-12-29 17:02:32 [7608] WARN  mqtt_parser.c:1339: web_client_67574459 offline!
2025-12-29 17:02:32 [7608] WARN  mqtt_parser.c:1335: web_client_ac44dee0 online!
2025-12-29 17:05:28 [7608] WARN  nmq_websocket.c:160:  recv aio error Object closed
2025-12-29 17:05:28 [7608] WARN  nmq_mqtt.c:986: web_client_ac44dee0 pipe close!
2025-12-29 17:05:28 [7608] WARN  mqtt_parser.c:1339: web_client_ac44dee0 offline!
2025-12-29 17:05:29 [7608] WARN  mqtt_parser.c:1335: web_client_987abaa9 online!
2025-12-29 17:05:32 [7608] WARN  nmq_websocket.c:160:  recv aio error Object closed
2025-12-29 17:05:32 [7608] WARN  nmq_mqtt.c:986: web_client_987abaa9 pipe close!
2025-12-29 17:05:32 [7608] WARN  mqtt_parser.c:1339: web_client_987abaa9 offline!
2025-12-29 17:05:32 [7608] WARN  mqtt_parser.c:1335: web_client_520154fa online!
2025-12-29 17:05:35 [7608] WARN  nmq_websocket.c:160:  recv aio error Object closed
2025-12-29 17:05:35 [7608] WARN  nmq_mqtt.c:986: web_client_520154fa pipe close!
2025-12-29 17:05:35 [7608] WARN  mqtt_parser.c:1339: web_client_520154fa offline!
2025-12-29 17:05:35 [7608] WARN  mqtt_parser.c:1335: web_client_c10c028f online!
2025-12-29 17:05:36 [7608] WARN  nmq_websocket.c:160:  recv aio error Object closed
2025-12-29 17:05:36 [7608] WARN  nmq_mqtt.c:986: web_client_c10c028f pipe close!
2025-12-29 17:05:36 [7608] WARN  mqtt_parser.c:1339: web_client_c10c028f offline!
2025-12-29 17:05:36 [7608] WARN  mqtt_parser.c:1335: web_client_e3c876fc online!
2025-12-29 17:05:49 [7608] WARN  nmq_websocket.c:160:  recv aio error Object closed
2025-12-29 17:05:49 [7608] WARN  nmq_mqtt.c:986: web_client_e3c876fc pipe close!
2025-12-29 17:05:49 [7608] WARN  mqtt_parser.c:1339: web_client_e3c876fc offline!
2025-12-29 17:05:49 [7608] WARN  mqtt_parser.c:1335: web_client_1957cdd1 online!
2025-12-29 17:05:53 [7608] WARN  nmq_websocket.c:160:  recv aio error Object closed
2025-12-29 17:05:53 [7608] WARN  nmq_mqtt.c:986: web_client_1957cdd1 pipe close!
2025-12-29 17:05:53 [7608] WARN  mqtt_parser.c:1339: web_client_1957cdd1 offline!
2025-12-29 17:05:53 [7608] WARN  mqtt_parser.c:1335: web_client_8ccd33a4 online!
2025-12-29 17:06:50 [7608] WARN  nmq_websocket.c:160:  recv aio error Object closed
2025-12-29 17:06:50 [7608] WARN  nmq_mqtt.c:986: web_client_8ccd33a4 pipe close!
2025-12-29 17:06:50 [7608] WARN  mqtt_parser.c:1339: web_client_8ccd33a4 offline!
2025-12-29 17:06:51 [7608] WARN  mqtt_parser.c:1335: web_client_412837b8 online!
2025-12-29 17:07:15 [7608] WARN  nmq_websocket.c:160:  recv aio error Object closed
2025-12-29 17:07:15 [7608] WARN  nmq_mqtt.c:986: web_client_412837b8 pipe close!
2025-12-29 17:07:15 [7608] WARN  mqtt_parser.c:1339: web_client_412837b8 offline!
2025-12-29 17:07:15 [7608] WARN  mqtt_parser.c:1335: web_client_e869827d online!
2025-12-29 17:07:16 [7608] WARN  nmq_websocket.c:160:  recv aio error Object closed
2025-12-29 17:07:16 [7608] WARN  nmq_mqtt.c:986: web_client_e869827d pipe close!
2025-12-29 17:07:16 [7608] WARN  mqtt_parser.c:1339: web_client_e869827d offline!
2025-12-29 17:07:17 [7608] WARN  mqtt_parser.c:1335: web_client_34f62d7b online!
2025-12-29 17:07:44 [7608] WARN  nmq_websocket.c:160:  recv aio error Object closed
2025-12-29 17:07:44 [7608] WARN  nmq_mqtt.c:986: web_client_34f62d7b pipe close!
2025-12-29 17:07:44 [7608] WARN  mqtt_parser.c:1339: web_client_34f62d7b offline!
2025-12-29 17:07:45 [7608] WARN  mqtt_parser.c:1335: web_client_2d1a7da5 online!
2025-12-29 17:11:52 [7608] WARN  nmq_websocket.c:160:  recv aio error Object closed
2025-12-29 17:11:52 [7608] WARN  nmq_mqtt.c:986: web_client_2d1a7da5 pipe close!
2025-12-29 17:11:52 [7608] WARN  mqtt_parser.c:1339: web_client_2d1a7da5 offline!
2025-12-29 17:11:52 [7608] WARN  mqtt_parser.c:1335: web_client_c3e6f50e online!
2025-12-29 17:11:54 [7608] WARN  nmq_websocket.c:160:  recv aio error Object closed
2025-12-29 17:11:54 [7608] WARN  nmq_mqtt.c:986: web_client_c3e6f50e pipe close!
2025-12-29 17:11:54 [7608] WARN  mqtt_parser.c:1339: web_client_c3e6f50e offline!
2025-12-29 17:11:54 [7608] WARN  mqtt_parser.c:1335: web_client_84a878e1 online!
2025-12-29 17:12:32 [7608] WARN  nmq_websocket.c:160:  recv aio error Object closed
2025-12-29 17:12:32 [7608] WARN  nmq_mqtt.c:986: web_client_84a878e1 pipe close!
2025-12-29 17:12:32 [7608] WARN  mqtt_parser.c:1339: web_client_84a878e1 offline!
2025-12-29 17:12:32 [7608] WARN  mqtt_parser.c:1335: web_client_c2f383dc online!
2025-12-29 17:12:45 [7608] WARN  nmq_websocket.c:160:  recv aio error Object closed
2025-12-29 17:12:45 [7608] WARN  nmq_mqtt.c:986: web_client_c2f383dc pipe close!
2025-12-29 17:12:45 [7608] WARN  mqtt_parser.c:1339: web_client_c2f383dc offline!
2025-12-29 17:12:46 [7608] WARN  mqtt_parser.c:1335: web_client_61a23f97 online!
2025-12-29 17:15:03 [7608] WARN  nmq_websocket.c:160:  recv aio error Object closed
2025-12-29 17:15:03 [7608] WARN  nmq_mqtt.c:986: web_client_61a23f97 pipe close!
2025-12-29 17:15:03 [7608] WARN  mqtt_parser.c:1339: web_client_61a23f97 offline!
2025-12-29 17:15:04 [7608] WARN  mqtt_parser.c:1335: web_client_67ae623e online!
2025-12-29 17:15:07 [7608] WARN  nmq_websocket.c:160:  recv aio error Object closed
2025-12-29 17:15:07 [7608] WARN  nmq_mqtt.c:986: web_client_67ae623e pipe close!
2025-12-29 17:15:07 [7608] WARN  mqtt_parser.c:1339: web_client_67ae623e offline!
2025-12-29 17:15:08 [7608] WARN  mqtt_parser.c:1335: web_client_9f44d21e online!
2025-12-29 17:15:47 [7608] WARN  nmq_websocket.c:160:  recv aio error Object closed
2025-12-29 17:15:47 [7608] WARN  nmq_mqtt.c:986: web_client_9f44d21e pipe close!
2025-12-29 17:15:47 [7608] WARN  mqtt_parser.c:1339: web_client_9f44d21e offline!
2025-12-29 17:15:47 [7608] WARN  mqtt_parser.c:1335: web_client_e6ca535d online!
2025-12-29 17:15:52 [7608] WARN  nmq_websocket.c:160:  recv aio error Object closed
2025-12-29 17:15:52 [7608] WARN  nmq_mqtt.c:986: web_client_e6ca535d pipe close!
2025-12-29 17:15:52 [7608] WARN  mqtt_parser.c:1339: web_client_e6ca535d offline!
2025-12-29 17:15:52 [7608] WARN  mqtt_parser.c:1335: web_client_1105342e online!
2025-12-29 17:16:19 [7608] WARN  nmq_websocket.c:160:  recv aio error Object closed
2025-12-29 17:16:19 [7608] WARN  nmq_mqtt.c:986: web_client_1105342e pipe close!
2025-12-29 17:16:19 [7608] WARN  mqtt_parser.c:1339: web_client_1105342e offline!
2025-12-29 17:16:19 [7608] WARN  mqtt_parser.c:1335: web_client_9c385b8c online!
2025-12-29 17:16:22 [7608] WARN  nmq_websocket.c:160:  recv aio error Object closed
2025-12-29 17:16:22 [7608] WARN  nmq_mqtt.c:986: web_client_9c385b8c pipe close!
2025-12-29 17:16:22 [7608] WARN  mqtt_parser.c:1339: web_client_9c385b8c offline!
2025-12-29 17:16:27 [7608] WARN  mqtt_parser.c:1335: web_client_783bebad online!
2025-12-29 17:17:16 [7608] WARN  nmq_websocket.c:160:  recv aio error Object closed
2025-12-29 17:17:16 [7608] WARN  nmq_mqtt.c:986: web_client_783bebad pipe close!
2025-12-29 17:17:16 [7608] WARN  mqtt_parser.c:1339: web_client_783bebad offline!
2025-12-29 17:17:16 [7608] WARN  mqtt_parser.c:1335: web_client_4213c347 online!
2025-12-29 17:17:20 [7608] WARN  nmq_websocket.c:160:  recv aio error Object closed
2025-12-29 17:17:20 [7608] WARN  nmq_mqtt.c:986: web_client_4213c347 pipe close!
2025-12-29 17:17:20 [7608] WARN  mqtt_parser.c:1339: web_client_4213c347 offline!
2025-12-29 17:17:20 [7608] WARN  mqtt_parser.c:1335: web_client_75ace390 online!
2025-12-29 17:19:06 [7608] WARN  nmq_websocket.c:160:  recv aio error Object closed
2025-12-29 17:19:06 [7608] WARN  nmq_mqtt.c:986: web_client_75ace390 pipe close!
2025-12-29 17:19:06 [7608] WARN  mqtt_parser.c:1339: web_client_75ace390 offline!
2025-12-29 17:19:06 [7608] WARN  mqtt_parser.c:1335: web_client_4d208512 online!
2025-12-29 17:19:14 [7608] WARN  nmq_websocket.c:160:  recv aio error Object closed
2025-12-29 17:19:14 [7608] WARN  nmq_mqtt.c:986: web_client_4d208512 pipe close!
2025-12-29 17:19:14 [7608] WARN  mqtt_parser.c:1339: web_client_4d208512 offline!
2025-12-29 17:19:14 [7608] WARN  mqtt_parser.c:1335: web_client_9f5583ed online!
2025-12-29 17:19:35 [7608] WARN  nmq_websocket.c:160:  recv aio error Object closed
2025-12-29 17:19:35 [7608] WARN  nmq_mqtt.c:986: web_client_9f5583ed pipe close!
2025-12-29 17:19:35 [7608] WARN  mqtt_parser.c:1339: web_client_9f5583ed offline!
2025-12-29 17:19:35 [7608] WARN  mqtt_parser.c:1335: web_client_3f7d76a3 online!
2025-12-29 17:19:37 [7608] WARN  nmq_websocket.c:160:  recv aio error Object closed
2025-12-29 17:19:37 [7608] WARN  nmq_mqtt.c:986: web_client_3f7d76a3 pipe close!
2025-12-29 17:19:37 [7608] WARN  mqtt_parser.c:1339: web_client_3f7d76a3 offline!
2025-12-29 17:19:37 [7608] WARN  mqtt_parser.c:1335: web_client_338eb01c online!
2025-12-29 17:20:03 [7608] WARN  nmq_websocket.c:160:  recv aio error Object closed
2025-12-29 17:20:03 [7608] WARN  nmq_mqtt.c:986: web_client_338eb01c pipe close!
2025-12-29 17:20:03 [7608] WARN  mqtt_parser.c:1339: web_client_338eb01c offline!
2025-12-29 17:20:04 [7608] WARN  mqtt_parser.c:1335: web_client_609b9faa online!
2025-12-29 17:20:14 [7608] WARN  nmq_websocket.c:160:  recv aio error Object closed
2025-12-29 17:20:14 [7608] WARN  nmq_mqtt.c:986: web_client_609b9faa pipe close!
2025-12-29 17:20:14 [7608] WARN  mqtt_parser.c:1339: web_client_609b9faa offline!
2025-12-29 17:20:14 [7608] WARN  mqtt_parser.c:1335: web_client_caa86bbc online!
2025-12-29 17:20:17 [7608] WARN  nmq_websocket.c:160:  recv aio error Object closed
2025-12-29 17:20:17 [7608] WARN  nmq_mqtt.c:986: web_client_caa86bbc pipe close!
2025-12-29 17:20:17 [7608] WARN  mqtt_parser.c:1339: web_client_caa86bbc offline!
2025-12-29 17:20:18 [7608] WARN  mqtt_parser.c:1335: web_client_23dbc81a online!
2025-12-29 17:21:17 [7608] WARN  nmq_websocket.c:160:  recv aio error Object closed
2025-12-29 17:21:17 [7608] WARN  nmq_mqtt.c:986: web_client_23dbc81a pipe close!
2025-12-29 17:21:17 [7608] WARN  mqtt_parser.c:1339: web_client_23dbc81a offline!
2025-12-29 17:21:17 [7608] WARN  mqtt_parser.c:1335: web_client_a17e7c57 online!
2025-12-29 17:21:19 [7608] WARN  nmq_websocket.c:160:  recv aio error Object closed
2025-12-29 17:21:19 [7608] WARN  nmq_mqtt.c:986: web_client_a17e7c57 pipe close!
2025-12-29 17:21:19 [7608] WARN  mqtt_parser.c:1339: web_client_a17e7c57 offline!
2025-12-29 17:21:19 [7608] WARN  mqtt_parser.c:1335: web_client_691fbfdd online!
2025-12-29 17:21:23 [7608] WARN  nmq_websocket.c:160:  recv aio error Object closed
2025-12-29 17:21:23 [7608] WARN  nmq_mqtt.c:986: web_client_691fbfdd pipe close!
2025-12-29 17:21:23 [7608] WARN  mqtt_parser.c:1339: web_client_691fbfdd offline!
2025-12-29 17:21:23 [7608] WARN  mqtt_parser.c:1335: web_client_f363c30b online!
2025-12-29 17:21:24 [7608] WARN  nmq_websocket.c:160:  recv aio error Object closed
2025-12-29 17:21:24 [7608] WARN  nmq_mqtt.c:986: web_client_f363c30b pipe close!
2025-12-29 17:21:24 [7608] WARN  mqtt_parser.c:1339: web_client_f363c30b offline!
2025-12-29 17:21:24 [7608] WARN  mqtt_parser.c:1335: web_client_444e8a01 online!
2025-12-29 17:21:27 [7608] WARN  nmq_websocket.c:160:  recv aio error Object closed
2025-12-29 17:21:27 [7608] WARN  nmq_mqtt.c:986: web_client_444e8a01 pipe close!
2025-12-29 17:21:27 [7608] WARN  mqtt_parser.c:1339: web_client_444e8a01 offline!
2025-12-29 17:21:27 [7608] WARN  mqtt_parser.c:1335: web_client_255ce0de online!
2025-12-29 17:21:30 [7608] WARN  nmq_websocket.c:160:  recv aio error Object closed
2025-12-29 17:21:30 [7608] WARN  nmq_mqtt.c:986: web_client_255ce0de pipe close!
2025-12-29 17:21:30 [7608] WARN  mqtt_parser.c:1339: web_client_255ce0de offline!
2025-12-29 17:21:30 [7608] WARN  mqtt_parser.c:1335: web_client_fa6ba175 online!
2025-12-29 17:21:32 [7608] WARN  nmq_websocket.c:160:  recv aio error Object closed
2025-12-29 17:21:32 [7608] WARN  nmq_mqtt.c:986: web_client_fa6ba175 pipe close!
2025-12-29 17:21:32 [7608] WARN  mqtt_parser.c:1339: web_client_fa6ba175 offline!
2025-12-29 17:21:32 [7608] WARN  mqtt_parser.c:1335: web_client_a8ed9c24 online!
2025-12-29 17:21:34 [7608] WARN  nmq_websocket.c:160:  recv aio error Object closed
2025-12-29 17:21:34 [7608] WARN  nmq_mqtt.c:986: web_client_a8ed9c24 pipe close!
2025-12-29 17:21:34 [7608] WARN  mqtt_parser.c:1339: web_client_a8ed9c24 offline!
2025-12-29 17:21:34 [7608] WARN  mqtt_parser.c:1335: web_client_e4eb3316 online!
2025-12-29 17:22:09 [7608] WARN  nmq_websocket.c:160:  recv aio error Object closed
2025-12-29 17:22:09 [7608] WARN  nmq_mqtt.c:986: web_client_e4eb3316 pipe close!
2025-12-29 17:22:09 [7608] WARN  mqtt_parser.c:1339: web_client_e4eb3316 offline!
2025-12-29 17:22:09 [7608] WARN  mqtt_parser.c:1335: web_client_45c00033 online!
2025-12-29 17:22:11 [7608] WARN  nmq_websocket.c:160:  recv aio error Object closed
2025-12-29 17:22:11 [7608] WARN  nmq_mqtt.c:986: web_client_45c00033 pipe close!
2025-12-29 17:22:11 [7608] WARN  mqtt_parser.c:1339: web_client_45c00033 offline!
2025-12-29 17:22:12 [7608] WARN  mqtt_parser.c:1335: web_client_3cf6c13c online!
2025-12-29 17:22:14 [7608] WARN  nmq_websocket.c:160:  recv aio error Object closed
2025-12-29 17:22:14 [7608] WARN  nmq_mqtt.c:986: web_client_3cf6c13c pipe close!
2025-12-29 17:22:14 [7608] WARN  mqtt_parser.c:1339: web_client_3cf6c13c offline!
2025-12-29 17:22:15 [7608] WARN  mqtt_parser.c:1335: web_client_f468e295 online!
2025-12-29 17:22:19 [7608] WARN  nmq_websocket.c:160:  recv aio error Object closed
2025-12-29 17:22:19 [7608] WARN  nmq_mqtt.c:986: web_client_f468e295 pipe close!
2025-12-29 17:22:19 [7608] WARN  mqtt_parser.c:1339: web_client_f468e295 offline!
2025-12-29 17:22:19 [7608] WARN  mqtt_parser.c:1335: web_client_1b59ef44 online!
2025-12-29 17:22:35 [7608] WARN  nmq_websocket.c:160:  recv aio error Object closed
2025-12-29 17:22:35 [7608] WARN  nmq_mqtt.c:986: web_client_1b59ef44 pipe close!
2025-12-29 17:22:35 [7608] WARN  mqtt_parser.c:1339: web_client_1b59ef44 offline!
2025-12-29 17:22:35 [7608] WARN  mqtt_parser.c:1335: web_client_1a970c78 online!
2025-12-29 17:22:44 [7608] WARN  nmq_websocket.c:160:  recv aio error Object closed
2025-12-29 17:22:44 [7608] WARN  nmq_mqtt.c:986: web_client_1a970c78 pipe close!
2025-12-29 17:22:44 [7608] WARN  mqtt_parser.c:1339: web_client_1a970c78 offline!
2025-12-29 17:22:44 [7608] WARN  mqtt_parser.c:1335: web_client_541c2e6b online!
2025-12-29 17:22:56 [7608] WARN  nmq_websocket.c:160:  recv aio error Object closed
2025-12-29 17:22:56 [7608] WARN  nmq_mqtt.c:986: web_client_541c2e6b pipe close!
2025-12-29 17:22:56 [7608] WARN  mqtt_parser.c:1339: web_client_541c2e6b offline!
2025-12-29 17:22:56 [7608] WARN  mqtt_parser.c:1335: web_client_662ec95b online!
2025-12-29 17:23:15 [7608] WARN  nmq_websocket.c:160:  recv aio error Object closed
2025-12-29 17:23:15 [7608] WARN  nmq_mqtt.c:986: web_client_662ec95b pipe close!
2025-12-29 17:23:15 [7608] WARN  mqtt_parser.c:1339: web_client_662ec95b offline!
2025-12-29 17:23:16 [7608] WARN  mqtt_parser.c:1335: web_client_74c25b6c online!
2025-12-29 17:23:33 [7608] WARN  nmq_websocket.c:160:  recv aio error Object closed
2025-12-29 17:23:33 [7608] WARN  nmq_mqtt.c:986: web_client_74c25b6c pipe close!
2025-12-29 17:23:33 [7608] WARN  mqtt_parser.c:1339: web_client_74c25b6c offline!
2025-12-29 17:23:33 [7608] WARN  mqtt_parser.c:1335: web_client_30a65528 online!
2025-12-29 17:23:34 [7608] WARN  nmq_websocket.c:160:  recv aio error Object closed
2025-12-29 17:23:34 [7608] WARN  nmq_mqtt.c:986: web_client_30a65528 pipe close!
2025-12-29 17:23:34 [7608] WARN  mqtt_parser.c:1339: web_client_30a65528 offline!
2025-12-29 17:23:34 [7608] WARN  mqtt_parser.c:1335: web_client_d289e510 online!
2025-12-29 17:24:03 [7608] WARN  nmq_websocket.c:160:  recv aio error Object closed
2025-12-29 17:24:03 [7608] WARN  nmq_mqtt.c:986: web_client_d289e510 pipe close!
2025-12-29 17:24:03 [7608] WARN  mqtt_parser.c:1339: web_client_d289e510 offline!
2025-12-29 17:24:03 [7608] WARN  mqtt_parser.c:1335: web_client_d485e12a online!
2025-12-29 17:24:08 [7608] WARN  nmq_websocket.c:160:  recv aio error Object closed
2025-12-29 17:24:08 [7608] WARN  nmq_mqtt.c:986: web_client_d485e12a pipe close!
2025-12-29 17:24:08 [7608] WARN  mqtt_parser.c:1339: web_client_d485e12a offline!
2025-12-29 17:24:08 [7608] WARN  mqtt_parser.c:1335: web_client_64d36f58 online!
2025-12-29 17:24:10 [7608] WARN  nmq_websocket.c:160:  recv aio error Object closed
2025-12-29 17:24:10 [7608] WARN  nmq_mqtt.c:986: web_client_64d36f58 pipe close!
2025-12-29 17:24:10 [7608] WARN  mqtt_parser.c:1339: web_client_64d36f58 offline!
2025-12-29 17:24:11 [7608] WARN  mqtt_parser.c:1335: web_client_bd4d3e7b online!
2025-12-29 17:24:12 [7608] WARN  nmq_websocket.c:160:  recv aio error Object closed
2025-12-29 17:24:12 [7608] WARN  nmq_mqtt.c:986: web_client_bd4d3e7b pipe close!
2025-12-29 17:24:12 [7608] WARN  mqtt_parser.c:1339: web_client_bd4d3e7b offline!
2025-12-29 17:24:12 [7608] WARN  mqtt_parser.c:1335: web_client_df66a443 online!
2025-12-29 17:24:21 [7608] WARN  nmq_websocket.c:160:  recv aio error Object closed
2025-12-29 17:24:21 [7608] WARN  nmq_mqtt.c:986: web_client_df66a443 pipe close!
2025-12-29 17:24:21 [7608] WARN  mqtt_parser.c:1339: web_client_df66a443 offline!
2025-12-29 17:24:22 [7608] WARN  mqtt_parser.c:1335: web_client_cf57c219 online!
2025-12-29 17:24:24 [7608] WARN  nmq_websocket.c:160:  recv aio error Object closed
2025-12-29 17:24:24 [7608] WARN  nmq_mqtt.c:986: web_client_cf57c219 pipe close!
2025-12-29 17:24:24 [7608] WARN  mqtt_parser.c:1339: web_client_cf57c219 offline!
2025-12-29 17:24:24 [7608] WARN  mqtt_parser.c:1335: web_client_f301acfd online!
2025-12-29 17:24:51 [7608] WARN  nmq_websocket.c:160:  recv aio error Object closed
2025-12-29 17:24:51 [7608] WARN  nmq_mqtt.c:986: web_client_f301acfd pipe close!
2025-12-29 17:24:51 [7608] WARN  mqtt_parser.c:1339: web_client_f301acfd offline!
2025-12-29 17:24:51 [7608] WARN  mqtt_parser.c:1335: web_client_bb33d189 online!
2025-12-29 17:25:05 [7608] WARN  nmq_websocket.c:160:  recv aio error Object closed
2025-12-29 17:25:05 [7608] WARN  nmq_mqtt.c:986: web_client_bb33d189 pipe close!
2025-12-29 17:25:05 [7608] WARN  mqtt_parser.c:1339: web_client_bb33d189 offline!
2025-12-29 17:25:05 [7608] WARN  mqtt_parser.c:1335: web_client_72627f68 online!
2025-12-29 17:25:27 [7608] WARN  nmq_websocket.c:160:  recv aio error Object closed
2025-12-29 17:25:27 [7608] WARN  nmq_mqtt.c:986: web_client_72627f68 pipe close!
2025-12-29 17:25:27 [7608] WARN  mqtt_parser.c:1339: web_client_72627f68 offline!
2025-12-29 17:25:27 [7608] WARN  mqtt_parser.c:1335: web_client_fabf380d online!
2025-12-29 17:25:30 [7608] WARN  nmq_websocket.c:160:  recv aio error Object closed
2025-12-29 17:25:30 [7608] WARN  nmq_mqtt.c:986: web_client_fabf380d pipe close!
2025-12-29 17:25:30 [7608] WARN  mqtt_parser.c:1339: web_client_fabf380d offline!
2025-12-29 17:25:30 [7608] WARN  mqtt_parser.c:1335: web_client_c59df3ac online!
2025-12-29 17:25:38 [7608] WARN  nmq_websocket.c:160:  recv aio error Object closed
2025-12-29 17:25:38 [7608] WARN  nmq_mqtt.c:986: web_client_c59df3ac pipe close!
2025-12-29 17:25:38 [7608] WARN  mqtt_parser.c:1339: web_client_c59df3ac offline!
2025-12-29 17:25:39 [7608] WARN  mqtt_parser.c:1335: web_client_fa41c4ec online!
2025-12-29 17:25:40 [7608] WARN  nmq_websocket.c:160:  recv aio error Object closed
2025-12-29 17:25:40 [7608] WARN  nmq_mqtt.c:986: web_client_fa41c4ec pipe close!
2025-12-29 17:25:40 [7608] WARN  mqtt_parser.c:1339: web_client_fa41c4ec offline!
2025-12-29 17:25:40 [7608] WARN  mqtt_parser.c:1335: web_client_e04ac8f3 online!
2025-12-29 17:25:47 [7608] WARN  nmq_websocket.c:160:  recv aio error Object closed
2025-12-29 17:25:47 [7608] WARN  nmq_mqtt.c:986: web_client_e04ac8f3 pipe close!
2025-12-29 17:25:47 [7608] WARN  mqtt_parser.c:1339: web_client_e04ac8f3 offline!
2025-12-29 17:25:47 [7608] WARN  mqtt_parser.c:1335: web_client_2741010f online!
2025-12-29 17:25:49 [7608] WARN  nmq_websocket.c:160:  recv aio error Object closed
2025-12-29 17:25:49 [7608] WARN  nmq_mqtt.c:986: web_client_2741010f pipe close!
2025-12-29 17:25:49 [7608] WARN  mqtt_parser.c:1339: web_client_2741010f offline!
2025-12-29 17:25:49 [7608] WARN  mqtt_parser.c:1335: web_client_a2522984 online!
2025-12-29 17:26:29 [7608] WARN  nmq_websocket.c:160:  recv aio error Object closed
2025-12-29 17:26:29 [7608] WARN  nmq_mqtt.c:986: web_client_a2522984 pipe close!
2025-12-29 17:26:29 [7608] WARN  mqtt_parser.c:1339: web_client_a2522984 offline!
2025-12-29 17:26:30 [7608] WARN  mqtt_parser.c:1335: web_client_c055019e online!
2025-12-29 17:26:36 [7608] WARN  nmq_websocket.c:160:  recv aio error Object closed
2025-12-29 17:26:36 [7608] WARN  nmq_mqtt.c:986: web_client_c055019e pipe close!
2025-12-29 17:26:36 [7608] WARN  mqtt_parser.c:1339: web_client_c055019e offline!
2025-12-29 17:26:36 [7608] WARN  mqtt_parser.c:1335: web_client_30687814 online!
2025-12-29 17:26:48 [7608] WARN  nmq_websocket.c:160:  recv aio error Object closed
2025-12-29 17:26:48 [7608] WARN  nmq_mqtt.c:986: web_client_30687814 pipe close!
2025-12-29 17:26:48 [7608] WARN  mqtt_parser.c:1339: web_client_30687814 offline!
2025-12-29 17:26:48 [7608] WARN  mqtt_parser.c:1335: web_client_00c60505 online!
2025-12-29 17:27:22 [7608] WARN  nmq_websocket.c:160:  recv aio error Object closed
2025-12-29 17:27:22 [7608] WARN  nmq_mqtt.c:986: web_client_00c60505 pipe close!
2025-12-29 17:27:22 [7608] WARN  mqtt_parser.c:1339: web_client_00c60505 offline!
2025-12-29 17:27:22 [7608] WARN  mqtt_parser.c:1335: web_client_c2f9d1da online!
2025-12-29 17:28:58 [7608] WARN  nmq_websocket.c:160:  recv aio error Object closed
2025-12-29 17:28:58 [7608] WARN  nmq_mqtt.c:986: web_client_c2f9d1da pipe close!
2025-12-29 17:28:58 [7608] WARN  mqtt_parser.c:1339: web_client_c2f9d1da offline!
2025-12-29 17:28:59 [7608] WARN  mqtt_parser.c:1335: web_client_ec84546e online!
2025-12-29 17:29:01 [7608] WARN  nmq_websocket.c:160:  recv aio error Object closed
2025-12-29 17:29:01 [7608] WARN  nmq_mqtt.c:986: web_client_ec84546e pipe close!
2025-12-29 17:29:01 [7608] WARN  mqtt_parser.c:1339: web_client_ec84546e offline!
2025-12-29 17:29:01 [7608] WARN  mqtt_parser.c:1335: web_client_e52faa00 online!
2025-12-29 17:32:41 [7608] WARN  nmq_websocket.c:160:  recv aio error Object closed
2025-12-29 17:32:41 [7608] WARN  nmq_mqtt.c:986: web_client_e52faa00 pipe close!
2025-12-29 17:32:41 [7608] WARN  mqtt_parser.c:1339: web_client_e52faa00 offline!
2025-12-29 17:32:42 [7608] WARN  mqtt_parser.c:1335: web_client_dce11d29 online!
2025-12-29 17:32:44 [7608] WARN  nmq_websocket.c:160:  recv aio error Object closed
2025-12-29 17:32:44 [7608] WARN  nmq_mqtt.c:986: web_client_dce11d29 pipe close!
2025-12-29 17:32:44 [7608] WARN  mqtt_parser.c:1339: web_client_dce11d29 offline!
2025-12-29 17:32:44 [7608] WARN  mqtt_parser.c:1335: web_client_0dda7983 online!
2025-12-29 17:32:50 [7608] WARN  nmq_websocket.c:160:  recv aio error Object closed
2025-12-29 17:32:50 [7608] WARN  nmq_mqtt.c:986: web_client_0dda7983 pipe close!
2025-12-29 17:32:50 [7608] WARN  mqtt_parser.c:1339: web_client_0dda7983 offline!
2025-12-29 17:32:50 [7608] WARN  mqtt_parser.c:1335: web_client_fba7b0e5 online!
2025-12-29 17:32:53 [7608] WARN  nmq_websocket.c:160:  recv aio error Object closed
2025-12-29 17:32:53 [7608] WARN  nmq_mqtt.c:986: web_client_fba7b0e5 pipe close!
2025-12-29 17:32:53 [7608] WARN  mqtt_parser.c:1339: web_client_fba7b0e5 offline!
2025-12-29 17:32:53 [7608] WARN  mqtt_parser.c:1335: web_client_f870db63 online!
2025-12-29 17:33:06 [7608] WARN  nmq_websocket.c:160:  recv aio error Object closed
2025-12-29 17:33:06 [7608] WARN  nmq_mqtt.c:986: web_client_f870db63 pipe close!
2025-12-29 17:33:06 [7608] WARN  mqtt_parser.c:1339: web_client_f870db63 offline!
2025-12-29 17:33:06 [7608] WARN  mqtt_parser.c:1335: web_client_e5226ec3 online!
2025-12-29 17:33:08 [7608] WARN  nmq_websocket.c:160:  recv aio error Object closed
2025-12-29 17:33:08 [7608] WARN  nmq_mqtt.c:986: web_client_e5226ec3 pipe close!
2025-12-29 17:33:08 [7608] WARN  mqtt_parser.c:1339: web_client_e5226ec3 offline!
2025-12-29 17:33:09 [7608] WARN  mqtt_parser.c:1335: web_client_65fab373 online!
2025-12-29 17:33:13 [7608] WARN  nmq_websocket.c:160:  recv aio error Object closed
2025-12-29 17:33:13 [7608] WARN  nmq_mqtt.c:986: web_client_65fab373 pipe close!
2025-12-29 17:33:13 [7608] WARN  mqtt_parser.c:1339: web_client_65fab373 offline!
2025-12-29 17:33:13 [7608] WARN  mqtt_parser.c:1335: web_client_44bdea4e online!
2025-12-29 17:33:15 [7608] WARN  nmq_websocket.c:160:  recv aio error Object closed
2025-12-29 17:33:15 [7608] WARN  nmq_mqtt.c:986: web_client_44bdea4e pipe close!
2025-12-29 17:33:15 [7608] WARN  mqtt_parser.c:1339: web_client_44bdea4e offline!
2025-12-29 17:33:15 [7608] WARN  mqtt_parser.c:1335: web_client_27685d62 online!
2025-12-29 17:41:30 [7608] WARN  nmq_websocket.c:160:  recv aio error Object closed
2025-12-29 17:41:30 [7608] WARN  nmq_mqtt.c:986: web_client_27685d62 pipe close!
2025-12-29 17:41:30 [7608] WARN  mqtt_parser.c:1339: web_client_27685d62 offline!
2025-12-29 17:41:35 [7608] WARN  nmq_mqtt.c:986: mqtt-explorer-8f78055a pipe close!
2025-12-29 17:41:35 [7608] WARN  mqtt_parser.c:1339: mqtt-explorer-8f78055a offline!
2025-12-29 17:41:35 [7608] WARN  nmq_mqtt.c:431: pipe id 2016390686 is gone, pub failed
2025-12-30 08:41:55 [7608] WARN  mqtt_parser.c:1335: mqtt-explorer-8f78055a online!
2025-12-30 08:42:56 [7608] WARN  mqtt_parser.c:1335: web_client_7ae5d51f online!
2025-12-30 08:43:51 [7608] WARN  nmq_websocket.c:160:  recv aio error Object closed
2025-12-30 08:43:51 [7608] WARN  nmq_mqtt.c:986: web_client_7ae5d51f pipe close!
2025-12-30 08:43:51 [7608] WARN  mqtt_parser.c:1339: web_client_7ae5d51f offline!
2025-12-30 08:43:51 [7608] WARN  mqtt_parser.c:1335: web_client_6c22702e online!
2025-12-30 08:43:54 [7608] WARN  nmq_websocket.c:160:  recv aio error Object closed
2025-12-30 08:43:54 [7608] WARN  nmq_mqtt.c:986: web_client_6c22702e pipe close!
2025-12-30 08:43:54 [7608] WARN  mqtt_parser.c:1339: web_client_6c22702e offline!
2025-12-30 08:43:54 [7608] WARN  mqtt_parser.c:1335: web_client_aee50ea7 online!
2025-12-30 08:44:01 [7608] WARN  nmq_websocket.c:160:  recv aio error Object closed
2025-12-30 08:44:01 [7608] WARN  nmq_mqtt.c:986: web_client_aee50ea7 pipe close!
2025-12-30 08:44:01 [7608] WARN  mqtt_parser.c:1339: web_client_aee50ea7 offline!
2025-12-30 08:44:01 [7608] WARN  mqtt_parser.c:1335: web_client_fe28c0ab online!
2025-12-30 08:44:02 [7608] WARN  nmq_websocket.c:160:  recv aio error Object closed
2025-12-30 08:44:02 [7608] WARN  nmq_mqtt.c:986: web_client_fe28c0ab pipe close!
2025-12-30 08:44:02 [7608] WARN  mqtt_parser.c:1339: web_client_fe28c0ab offline!
2025-12-30 08:44:03 [7608] WARN  mqtt_parser.c:1335: web_client_ad106595 online!
2025-12-30 08:44:05 [7608] WARN  nmq_websocket.c:160:  recv aio error Object closed
2025-12-30 08:44:05 [7608] WARN  nmq_mqtt.c:986: web_client_ad106595 pipe close!
2025-12-30 08:44:05 [7608] WARN  mqtt_parser.c:1339: web_client_ad106595 offline!
2025-12-30 08:44:05 [7608] WARN  mqtt_parser.c:1335: web_client_9c6784ce online!
2025-12-30 08:45:33 [7608] WARN  nmq_websocket.c:160:  recv aio error Object closed
2025-12-30 08:45:33 [7608] WARN  nmq_mqtt.c:986: web_client_9c6784ce pipe close!
2025-12-30 08:45:33 [7608] WARN  mqtt_parser.c:1339: web_client_9c6784ce offline!
2025-12-30 08:45:33 [7608] WARN  mqtt_parser.c:1335: web_client_f756d9c5 online!
2025-12-30 08:57:30 [7608] WARN  nmq_websocket.c:160:  recv aio error Object closed
2025-12-30 08:57:30 [7608] WARN  nmq_mqtt.c:986: web_client_f756d9c5 pipe close!
2025-12-30 08:57:30 [7608] WARN  mqtt_parser.c:1339: web_client_f756d9c5 offline!
2025-12-30 08:57:34 [7608] WARN  mqtt_parser.c:1335: web_client_aa21cf3e online!
2025-12-30 08:57:39 [7608] WARN  nmq_websocket.c:160:  recv aio error Object closed
2025-12-30 08:57:39 [7608] WARN  nmq_mqtt.c:986: web_client_aa21cf3e pipe close!
2025-12-30 08:57:39 [7608] WARN  mqtt_parser.c:1339: web_client_aa21cf3e offline!
2025-12-30 08:57:39 [7608] WARN  mqtt_parser.c:1335: web_client_cee67b17 online!
2025-12-30 08:58:02 [7608] WARN  nmq_websocket.c:160:  recv aio error Object closed
2025-12-30 08:58:02 [7608] WARN  nmq_mqtt.c:986: web_client_cee67b17 pipe close!
2025-12-30 08:58:02 [7608] WARN  mqtt_parser.c:1339: web_client_cee67b17 offline!
2025-12-30 08:58:34 [7608] WARN  mqtt_parser.c:1335: web_client_7f131e66 online!
2025-12-30 08:58:45 [7608] WARN  nmq_websocket.c:160:  recv aio error Object closed
2025-12-30 08:58:45 [7608] WARN  nmq_mqtt.c:986: web_client_7f131e66 pipe close!
2025-12-30 08:58:45 [7608] WARN  mqtt_parser.c:1339: web_client_7f131e66 offline!
2025-12-30 08:59:01 [7608] WARN  mqtt_parser.c:1335: web_client_1bd3d280 online!
2025-12-30 08:59:32 [7608] WARN  nmq_websocket.c:160:  recv aio error Object closed
2025-12-30 08:59:32 [7608] WARN  nmq_mqtt.c:986: web_client_1bd3d280 pipe close!
2025-12-30 08:59:32 [7608] WARN  mqtt_parser.c:1339: web_client_1bd3d280 offline!
2025-12-30 08:59:32 [7608] WARN  mqtt_parser.c:1335: web_client_302a9b88 online!
2025-12-30 08:59:38 [7608] WARN  nmq_websocket.c:160:  recv aio error Object closed
2025-12-30 08:59:38 [7608] WARN  nmq_mqtt.c:986: web_client_302a9b88 pipe close!
2025-12-30 08:59:38 [7608] WARN  mqtt_parser.c:1339: web_client_302a9b88 offline!
2025-12-30 08:59:38 [7608] WARN  mqtt_parser.c:1335: web_client_0739ca1d online!
2025-12-30 09:00:04 [7608] WARN  nmq_websocket.c:160:  recv aio error Object closed
2025-12-30 09:00:04 [7608] WARN  nmq_mqtt.c:986: web_client_0739ca1d pipe close!
2025-12-30 09:00:04 [7608] WARN  mqtt_parser.c:1339: web_client_0739ca1d offline!
2025-12-30 09:00:04 [7608] WARN  mqtt_parser.c:1335: nanomq-b9ba7b96 online!
2025-12-30 09:00:16 [7608] WARN  nmq_mqtt.c:986: mqtt-explorer-8f78055a pipe close!
2025-12-30 09:00:16 [7608] WARN  mqtt_parser.c:1339: mqtt-explorer-8f78055a offline!
2025-12-30 09:00:16 [7608] WARN  nmq_mqtt.c:431: pipe id 2016390686 is gone, pub failed
2025-12-30 09:00:17 [7608] WARN  mqtt_parser.c:1335: mqtt-explorer-8f78055a online!
2025-12-30 09:00:20 [7608] WARN  nmq_websocket.c:160:  recv aio error Object closed
2025-12-30 09:00:20 [7608] WARN  nmq_mqtt.c:986: nanomq-b9ba7b96 pipe close!
2025-12-30 09:00:20 [7608] WARN  mqtt_parser.c:1339: nanomq-b9ba7b96 offline!
2025-12-30 09:00:20 [7608] WARN  mqtt_parser.c:1335: nanomq-8f695f89 online!
2025-12-30 09:00:51 [7608] WARN  nmq_websocket.c:160:  recv aio error Object closed
2025-12-30 09:00:51 [7608] WARN  nmq_mqtt.c:986: nanomq-8f695f89 pipe close!
2025-12-30 09:00:51 [7608] WARN  mqtt_parser.c:1339: nanomq-8f695f89 offline!
2025-12-30 09:00:51 [7608] WARN  mqtt_parser.c:1335: Indr_Pt100_client_1vrIY6bPCYYx online!
2025-12-30 09:01:01 [7608] WARN  nmq_websocket.c:160:  recv aio error Object closed
2025-12-30 09:01:01 [7608] WARN  nmq_mqtt.c:986: Indr_Pt100_client_1vrIY6bPCYYx pipe close!
2025-12-30 09:01:01 [7608] WARN  mqtt_parser.c:1339: Indr_Pt100_client_1vrIY6bPCYYx offline!
2025-12-30 09:01:01 [7608] WARN  mqtt_parser.c:1335: Indr_Pt100_client_rkWfZ58uoN5v online!
2025-12-30 09:01:14 [7608] WARN  nmq_websocket.c:160:  recv aio error Object closed
2025-12-30 09:01:14 [7608] WARN  nmq_mqtt.c:986: Indr_Pt100_client_rkWfZ58uoN5v pipe close!
2025-12-30 09:01:14 [7608] WARN  mqtt_parser.c:1339: Indr_Pt100_client_rkWfZ58uoN5v offline!
2025-12-30 09:01:14 [7608] WARN  mqtt_parser.c:1335: Indr_Pt100_client_GQ9BAamYpka8 online!
2025-12-30 09:07:13 [7608] WARN  nmq_websocket.c:160:  recv aio error Object closed
2025-12-30 09:07:13 [7608] WARN  nmq_mqtt.c:986: Indr_Pt100_client_GQ9BAamYpka8 pipe close!
2025-12-30 09:07:13 [7608] WARN  mqtt_parser.c:1339: Indr_Pt100_client_GQ9BAamYpka8 offline!
2025-12-30 09:07:13 [7608] WARN  mqtt_parser.c:1335: Indr_Pt100_client_eyFfhD8hVQWF online!
2025-12-30 09:07:15 [7608] WARN  nmq_websocket.c:160:  recv aio error Object closed
2025-12-30 09:07:15 [7608] WARN  nmq_mqtt.c:986: Indr_Pt100_client_eyFfhD8hVQWF pipe close!
2025-12-30 09:07:15 [7608] WARN  mqtt_parser.c:1339: Indr_Pt100_client_eyFfhD8hVQWF offline!
2025-12-30 09:07:15 [7608] WARN  mqtt_parser.c:1335: Indr_Pt100_client_gVqFXEEFF2pK online!
2025-12-30 09:50:11 [7608] WARN  nmq_websocket.c:160:  recv aio error Object closed
2025-12-30 09:50:11 [7608] WARN  nmq_mqtt.c:986: Indr_Pt100_client_gVqFXEEFF2pK pipe close!
2025-12-30 09:50:11 [7608] WARN  mqtt_parser.c:1339: Indr_Pt100_client_gVqFXEEFF2pK offline!
2025-12-30 09:50:11 [7608] WARN  mqtt_parser.c:1335: Indr_Pt100_client_FWwqKirc6GpH online!
2025-12-30 10:09:06 [7608] WARN  nmq_websocket.c:160:  recv aio error Object closed
2025-12-30 10:09:06 [7608] WARN  nmq_mqtt.c:986: Indr_Pt100_client_FWwqKirc6GpH pipe close!
2025-12-30 10:09:06 [7608] WARN  mqtt_parser.c:1339: Indr_Pt100_client_FWwqKirc6GpH offline!
2025-12-30 10:09:06 [7608] WARN  mqtt_parser.c:1335: Indr_Pt100_client_l4ioRNllmt9k online!
2025-12-30 10:20:44 [7608] WARN  nmq_websocket.c:160:  recv aio error Object closed
2025-12-30 10:20:44 [7608] WARN  nmq_mqtt.c:986: Indr_Pt100_client_l4ioRNllmt9k pipe close!
2025-12-30 10:20:44 [7608] WARN  mqtt_parser.c:1339: Indr_Pt100_client_l4ioRNllmt9k offline!
2025-12-30 10:20:44 [7608] WARN  mqtt_parser.c:1335: Indr_Pt100_client_hMDKR8T9wFva online!
2025-12-30 10:20:47 [7608] WARN  nmq_websocket.c:160:  recv aio error Object closed
2025-12-30 10:20:47 [7608] WARN  nmq_mqtt.c:986: Indr_Pt100_client_hMDKR8T9wFva pipe close!
2025-12-30 10:20:47 [7608] WARN  mqtt_parser.c:1339: Indr_Pt100_client_hMDKR8T9wFva offline!
2025-12-30 10:20:47 [7608] WARN  mqtt_parser.c:1335: Indr_Pt100_client_1WZRR2eWNjjb online!
2025-12-30 10:20:49 [7608] WARN  nmq_websocket.c:160:  recv aio error Object closed
2025-12-30 10:20:49 [7608] WARN  nmq_mqtt.c:986: Indr_Pt100_client_1WZRR2eWNjjb pipe close!
2025-12-30 10:20:49 [7608] WARN  mqtt_parser.c:1339: Indr_Pt100_client_1WZRR2eWNjjb offline!
2025-12-30 10:20:49 [7608] WARN  mqtt_parser.c:1335: Indr_Pt100_client_by1rrFL4Fq06 online!
2025-12-30 10:20:52 [7608] WARN  nmq_websocket.c:160:  recv aio error Object closed
2025-12-30 10:20:52 [7608] WARN  nmq_mqtt.c:986: Indr_Pt100_client_by1rrFL4Fq06 pipe close!
2025-12-30 10:20:52 [7608] WARN  mqtt_parser.c:1339: Indr_Pt100_client_by1rrFL4Fq06 offline!
2025-12-30 10:20:52 [7608] WARN  mqtt_parser.c:1335: Indr_Pt100_client_mvuVVseM1XKy online!
2025-12-30 10:20:53 [7608] WARN  nmq_websocket.c:160:  recv aio error Object closed
2025-12-30 10:20:53 [7608] WARN  nmq_mqtt.c:986: Indr_Pt100_client_mvuVVseM1XKy pipe close!
2025-12-30 10:20:53 [7608] WARN  mqtt_parser.c:1339: Indr_Pt100_client_mvuVVseM1XKy offline!
2025-12-30 10:20:53 [7608] WARN  mqtt_parser.c:1335: Indr_Pt100_client_1uK5Rx6TUk8d online!
2025-12-30 10:20:54 [7608] WARN  nmq_websocket.c:160:  recv aio error Object closed
2025-12-30 10:20:54 [7608] WARN  nmq_mqtt.c:986: Indr_Pt100_client_1uK5Rx6TUk8d pipe close!
2025-12-30 10:20:54 [7608] WARN  mqtt_parser.c:1339: Indr_Pt100_client_1uK5Rx6TUk8d offline!
2025-12-30 10:20:55 [7608] WARN  mqtt_parser.c:1335: Indr_Pt100_client_IsNdJJ9CKPBa online!
2025-12-30 10:20:56 [7608] WARN  nmq_websocket.c:160:  recv aio error Object closed
2025-12-30 10:20:56 [7608] WARN  nmq_mqtt.c:986: Indr_Pt100_client_IsNdJJ9CKPBa pipe close!
2025-12-30 10:20:56 [7608] WARN  mqtt_parser.c:1339: Indr_Pt100_client_IsNdJJ9CKPBa offline!
2025-12-30 10:20:56 [7608] WARN  mqtt_parser.c:1335: Indr_Pt100_client_nuZ7CxHFnjce online!
2025-12-30 10:21:04 [7608] WARN  nmq_websocket.c:160:  recv aio error Object closed
2025-12-30 10:21:04 [7608] WARN  nmq_mqtt.c:986: Indr_Pt100_client_nuZ7CxHFnjce pipe close!
2025-12-30 10:21:04 [7608] WARN  mqtt_parser.c:1339: Indr_Pt100_client_nuZ7CxHFnjce offline!
2025-12-30 10:21:04 [7608] WARN  mqtt_parser.c:1335: Indr_Pt100_client_T3UTyBnc3czT online!
2025-12-30 10:21:07 [7608] WARN  nmq_websocket.c:160:  recv aio error Object closed
2025-12-30 10:21:07 [7608] WARN  nmq_mqtt.c:986: Indr_Pt100_client_T3UTyBnc3czT pipe close!
2025-12-30 10:21:07 [7608] WARN  mqtt_parser.c:1339: Indr_Pt100_client_T3UTyBnc3czT offline!
2025-12-30 10:21:07 [7608] WARN  mqtt_parser.c:1335: Indr_Pt100_client_LMqfD6ktif70 online!
2025-12-30 10:21:13 [7608] WARN  nmq_websocket.c:160:  recv aio error Object closed
2025-12-30 10:21:13 [7608] WARN  nmq_mqtt.c:986: Indr_Pt100_client_LMqfD6ktif70 pipe close!
2025-12-30 10:21:13 [7608] WARN  mqtt_parser.c:1339: Indr_Pt100_client_LMqfD6ktif70 offline!
2025-12-30 10:21:13 [7608] WARN  mqtt_parser.c:1335: Indr_Pt100_client_EiFLi9RHgJ5o online!
2025-12-30 10:43:15 [7608] WARN  nmq_websocket.c:160:  recv aio error Object closed
2025-12-30 10:43:15 [7608] WARN  nmq_mqtt.c:986: Indr_Pt100_client_EiFLi9RHgJ5o pipe close!
2025-12-30 10:43:15 [7608] WARN  mqtt_parser.c:1339: Indr_Pt100_client_EiFLi9RHgJ5o offline!
2025-12-30 10:43:16 [7608] WARN  mqtt_parser.c:1335: Indr_Pt100_client_rizu7D5lxFzh online!
2025-12-30 10:43:17 [7608] WARN  nmq_websocket.c:160:  recv aio error Object closed
2025-12-30 10:43:17 [7608] WARN  nmq_mqtt.c:986: Indr_Pt100_client_rizu7D5lxFzh pipe close!
2025-12-30 10:43:17 [7608] WARN  mqtt_parser.c:1339: Indr_Pt100_client_rizu7D5lxFzh offline!
2025-12-30 10:43:17 [7608] WARN  mqtt_parser.c:1335: Indr_Pt100_client_dZG1K3GVYvs8 online!
2025-12-30 10:43:22 [7608] WARN  nmq_websocket.c:160:  recv aio error Object closed
2025-12-30 10:43:22 [7608] WARN  nmq_mqtt.c:986: Indr_Pt100_client_dZG1K3GVYvs8 pipe close!
2025-12-30 10:43:22 [7608] WARN  mqtt_parser.c:1339: Indr_Pt100_client_dZG1K3GVYvs8 offline!
2025-12-30 10:43:23 [7608] WARN  mqtt_parser.c:1335: Indr_Pt100_client_qWwhcUt4RwGP online!
2025-12-30 10:43:25 [7608] WARN  nmq_websocket.c:160:  recv aio error Object closed
2025-12-30 10:43:25 [7608] WARN  nmq_mqtt.c:986: Indr_Pt100_client_qWwhcUt4RwGP pipe close!
2025-12-30 10:43:25 [7608] WARN  mqtt_parser.c:1339: Indr_Pt100_client_qWwhcUt4RwGP offline!
2025-12-30 10:43:25 [7608] WARN  mqtt_parser.c:1335: Indr_Pt100_client_Tu1vyXEhycv0 online!
2025-12-30 10:43:26 [7608] WARN  nmq_websocket.c:160:  recv aio error Object closed
2025-12-30 10:43:26 [7608] WARN  nmq_mqtt.c:986: Indr_Pt100_client_Tu1vyXEhycv0 pipe close!
2025-12-30 10:43:26 [7608] WARN  mqtt_parser.c:1339: Indr_Pt100_client_Tu1vyXEhycv0 offline!
2025-12-30 10:43:27 [7608] WARN  mqtt_parser.c:1335: Indr_Pt100_client_P7s5DMraQSA2 online!
2025-12-30 10:43:49 [7608] WARN  nmq_websocket.c:160:  recv aio error Object closed
2025-12-30 10:43:49 [7608] WARN  nmq_mqtt.c:986: Indr_Pt100_client_P7s5DMraQSA2 pipe close!
2025-12-30 10:43:49 [7608] WARN  mqtt_parser.c:1339: Indr_Pt100_client_P7s5DMraQSA2 offline!
2025-12-30 10:43:49 [7608] WARN  mqtt_parser.c:1335: Indr_Pt100_client_GsENaQMpYvdU online!
2025-12-30 10:43:51 [7608] WARN  nmq_websocket.c:160:  recv aio error Object closed
2025-12-30 10:43:51 [7608] WARN  nmq_mqtt.c:986: Indr_Pt100_client_GsENaQMpYvdU pipe close!
2025-12-30 10:43:51 [7608] WARN  mqtt_parser.c:1339: Indr_Pt100_client_GsENaQMpYvdU offline!
2025-12-30 10:43:51 [7608] WARN  mqtt_parser.c:1335: Indr_Pt100_client_36nSIXEAqaro online!
2025-12-30 10:43:54 [7608] WARN  nmq_websocket.c:160:  recv aio error Object closed
2025-12-30 10:43:54 [7608] WARN  nmq_mqtt.c:986: Indr_Pt100_client_36nSIXEAqaro pipe close!
2025-12-30 10:43:54 [7608] WARN  mqtt_parser.c:1339: Indr_Pt100_client_36nSIXEAqaro offline!
2025-12-30 10:43:54 [7608] WARN  mqtt_parser.c:1335: Indr_Pt100_client_tckYiE152n9D online!
2025-12-30 10:43:57 [7608] WARN  nmq_websocket.c:160:  recv aio error Object closed
2025-12-30 10:43:57 [7608] WARN  nmq_mqtt.c:986: Indr_Pt100_client_tckYiE152n9D pipe close!
2025-12-30 10:43:57 [7608] WARN  mqtt_parser.c:1339: Indr_Pt100_client_tckYiE152n9D offline!
2025-12-30 10:43:57 [7608] WARN  mqtt_parser.c:1335: Indr_Pt100_client_cXhCTKXR8rAU online!
2025-12-30 10:43:58 [7608] WARN  nmq_websocket.c:160:  recv aio error Object closed
2025-12-30 10:43:58 [7608] WARN  nmq_mqtt.c:986: Indr_Pt100_client_cXhCTKXR8rAU pipe close!
2025-12-30 10:43:58 [7608] WARN  mqtt_parser.c:1339: Indr_Pt100_client_cXhCTKXR8rAU offline!
2025-12-30 10:43:58 [7608] WARN  mqtt_parser.c:1335: Indr_Pt100_client_VC24DiiFaFNh online!
2025-12-30 10:44:01 [7608] WARN  nmq_websocket.c:160:  recv aio error Object closed
2025-12-30 10:44:01 [7608] WARN  nmq_mqtt.c:986: Indr_Pt100_client_VC24DiiFaFNh pipe close!
2025-12-30 10:44:01 [7608] WARN  mqtt_parser.c:1339: Indr_Pt100_client_VC24DiiFaFNh offline!
2025-12-30 10:44:01 [7608] WARN  mqtt_parser.c:1335: Indr_Pt100_client_6Mfa4F0YgG0n online!
2025-12-30 10:44:03 [7608] WARN  nmq_websocket.c:160:  recv aio error Object closed
2025-12-30 10:44:03 [7608] WARN  nmq_mqtt.c:986: Indr_Pt100_client_6Mfa4F0YgG0n pipe close!
2025-12-30 10:44:03 [7608] WARN  mqtt_parser.c:1339: Indr_Pt100_client_6Mfa4F0YgG0n offline!
2025-12-30 10:44:03 [7608] WARN  mqtt_parser.c:1335: Indr_Pt100_client_52Q6fRiznWnq online!
2025-12-30 10:44:07 [7608] WARN  nmq_websocket.c:160:  recv aio error Object closed
2025-12-30 10:44:07 [7608] WARN  nmq_mqtt.c:986: Indr_Pt100_client_52Q6fRiznWnq pipe close!
2025-12-30 10:44:07 [7608] WARN  mqtt_parser.c:1339: Indr_Pt100_client_52Q6fRiznWnq offline!
2025-12-30 10:44:07 [7608] WARN  mqtt_parser.c:1335: Indr_Pt100_client_hH6NU4VWjgg1 online!
2025-12-30 10:44:08 [7608] WARN  nmq_websocket.c:160:  recv aio error Object closed
2025-12-30 10:44:08 [7608] WARN  nmq_mqtt.c:986: Indr_Pt100_client_hH6NU4VWjgg1 pipe close!
2025-12-30 10:44:08 [7608] WARN  mqtt_parser.c:1339: Indr_Pt100_client_hH6NU4VWjgg1 offline!
2025-12-30 10:44:09 [7608] WARN  mqtt_parser.c:1335: Indr_Pt100_client_sCSOq2qAcX5R online!
2025-12-30 10:44:10 [7608] WARN  nmq_websocket.c:160:  recv aio error Object closed
2025-12-30 10:44:10 [7608] WARN  nmq_mqtt.c:986: Indr_Pt100_client_sCSOq2qAcX5R pipe close!
2025-12-30 10:44:10 [7608] WARN  mqtt_parser.c:1339: Indr_Pt100_client_sCSOq2qAcX5R offline!
2025-12-30 10:44:10 [7608] WARN  mqtt_parser.c:1335: Indr_Pt100_client_BmHTDOMU3jzw online!
2025-12-30 10:47:55 [7608] WARN  nmq_websocket.c:160:  recv aio error Object closed
2025-12-30 10:47:55 [7608] WARN  nmq_mqtt.c:986: Indr_Pt100_client_BmHTDOMU3jzw pipe close!
2025-12-30 10:47:55 [7608] WARN  mqtt_parser.c:1339: Indr_Pt100_client_BmHTDOMU3jzw offline!
2025-12-30 10:47:55 [7608] WARN  mqtt_parser.c:1335: Indr_Pt100_client_4foIxd7tJGHH online!
2025-12-30 11:28:01 [7608] WARN  nmq_websocket.c:160:  recv aio error Object closed
2025-12-30 11:28:01 [7608] WARN  nmq_mqtt.c:986: Indr_Pt100_client_4foIxd7tJGHH pipe close!
2025-12-30 11:28:01 [7608] WARN  mqtt_parser.c:1339: Indr_Pt100_client_4foIxd7tJGHH offline!
2025-12-30 11:28:01 [7608] WARN  mqtt_parser.c:1335: Indr_Pt100_client_STmh3lWT78uZ online!
2025-12-30 11:35:48 [7608] WARN  nmq_websocket.c:160:  recv aio error Object closed
2025-12-30 11:35:48 [7608] WARN  nmq_mqtt.c:986: Indr_Pt100_client_STmh3lWT78uZ pipe close!
2025-12-30 11:35:48 [7608] WARN  mqtt_parser.c:1339: Indr_Pt100_client_STmh3lWT78uZ offline!
2025-12-30 11:35:48 [7608] WARN  mqtt_parser.c:1335: Indr_Pt100_client_WTNWn1xmMdxQ online!
2025-12-30 11:35:50 [7608] WARN  nmq_websocket.c:160:  recv aio error Object closed
2025-12-30 11:35:50 [7608] WARN  nmq_mqtt.c:986: Indr_Pt100_client_WTNWn1xmMdxQ pipe close!
2025-12-30 11:35:50 [7608] WARN  mqtt_parser.c:1339: Indr_Pt100_client_WTNWn1xmMdxQ offline!
2025-12-30 11:35:51 [7608] WARN  mqtt_parser.c:1335: Indr_Pt100_client_empAk0bpifiF online!
2025-12-30 11:35:57 [7608] WARN  nmq_websocket.c:160:  recv aio error Object closed
2025-12-30 11:35:57 [7608] WARN  nmq_mqtt.c:986: Indr_Pt100_client_empAk0bpifiF pipe close!
2025-12-30 11:35:57 [7608] WARN  mqtt_parser.c:1339: Indr_Pt100_client_empAk0bpifiF offline!
2025-12-30 11:35:57 [7608] WARN  mqtt_parser.c:1335: Indr_Pt100_client_aYRjvyAY11vz online!
2025-12-30 11:36:02 [7608] WARN  nmq_websocket.c:160:  recv aio error Object closed
2025-12-30 11:36:02 [7608] WARN  nmq_mqtt.c:986: Indr_Pt100_client_aYRjvyAY11vz pipe close!
2025-12-30 11:36:02 [7608] WARN  mqtt_parser.c:1339: Indr_Pt100_client_aYRjvyAY11vz offline!
2025-12-30 11:36:02 [7608] WARN  mqtt_parser.c:1335: Indr_Pt100_client_JbZCK1n3dcUL online!
2025-12-30 11:36:14 [7608] WARN  nmq_websocket.c:160:  recv aio error Object closed
2025-12-30 11:36:14 [7608] WARN  nmq_mqtt.c:986: Indr_Pt100_client_JbZCK1n3dcUL pipe close!
2025-12-30 11:36:14 [7608] WARN  mqtt_parser.c:1339: Indr_Pt100_client_JbZCK1n3dcUL offline!
2025-12-30 11:36:15 [7608] WARN  mqtt_parser.c:1335: Indr_Pt100_client_13kGNFwXQVvW online!
2025-12-30 11:38:02 [7608] WARN  nmq_websocket.c:160:  recv aio error Object closed
2025-12-30 11:38:02 [7608] WARN  nmq_mqtt.c:986: Indr_Pt100_client_13kGNFwXQVvW pipe close!
2025-12-30 11:38:02 [7608] WARN  mqtt_parser.c:1339: Indr_Pt100_client_13kGNFwXQVvW offline!
2025-12-30 11:38:02 [7608] WARN  mqtt_parser.c:1335: Indr_Pt100_client_X3LlvnGPlHdf online!
2025-12-30 11:38:03 [7608] WARN  nmq_websocket.c:160:  recv aio error Object closed
2025-12-30 11:38:03 [7608] WARN  nmq_mqtt.c:986: Indr_Pt100_client_X3LlvnGPlHdf pipe close!
2025-12-30 11:38:03 [7608] WARN  mqtt_parser.c:1339: Indr_Pt100_client_X3LlvnGPlHdf offline!
2025-12-30 11:38:03 [7608] WARN  mqtt_parser.c:1335: Indr_Pt100_client_M6iCsUg3eiar online!
2025-12-30 11:38:31 [7608] WARN  nmq_websocket.c:160:  recv aio error Object closed
2025-12-30 11:38:31 [7608] WARN  nmq_mqtt.c:986: Indr_Pt100_client_M6iCsUg3eiar pipe close!
2025-12-30 11:38:31 [7608] WARN  mqtt_parser.c:1339: Indr_Pt100_client_M6iCsUg3eiar offline!
2025-12-30 11:38:31 [7608] WARN  mqtt_parser.c:1335: Indr_Pt100_client_9Q0iQ0yofIXO online!
2025-12-30 11:38:48 [7608] WARN  nmq_websocket.c:160:  recv aio error Object closed
2025-12-30 11:38:48 [7608] WARN  nmq_mqtt.c:986: Indr_Pt100_client_9Q0iQ0yofIXO pipe close!
2025-12-30 11:38:48 [7608] WARN  mqtt_parser.c:1339: Indr_Pt100_client_9Q0iQ0yofIXO offline!
2025-12-30 11:38:48 [7608] WARN  mqtt_parser.c:1335: Indr_Pt100_client_exvj1yykgown online!
2025-12-30 11:39:07 [7608] WARN  nmq_websocket.c:160:  recv aio error Object closed
2025-12-30 11:39:07 [7608] WARN  nmq_mqtt.c:986: Indr_Pt100_client_exvj1yykgown pipe close!
2025-12-30 11:39:07 [7608] WARN  mqtt_parser.c:1339: Indr_Pt100_client_exvj1yykgown offline!
2025-12-30 11:39:07 [7608] WARN  mqtt_parser.c:1335: Indr_Pt100_client_OQW6Bafjvg8p online!
2025-12-30 11:39:10 [7608] WARN  nmq_websocket.c:160:  recv aio error Object closed
2025-12-30 11:39:10 [7608] WARN  nmq_mqtt.c:986: Indr_Pt100_client_OQW6Bafjvg8p pipe close!
2025-12-30 11:39:10 [7608] WARN  mqtt_parser.c:1339: Indr_Pt100_client_OQW6Bafjvg8p offline!
2025-12-30 11:39:10 [7608] WARN  mqtt_parser.c:1335: Indr_Pt100_client_YR5hPYDQx1nj online!
2025-12-30 11:39:24 [7608] WARN  nmq_websocket.c:160:  recv aio error Object closed
2025-12-30 11:39:24 [7608] WARN  nmq_mqtt.c:986: Indr_Pt100_client_YR5hPYDQx1nj pipe close!
2025-12-30 11:39:24 [7608] WARN  mqtt_parser.c:1339: Indr_Pt100_client_YR5hPYDQx1nj offline!
2025-12-30 11:39:24 [7608] WARN  mqtt_parser.c:1335: Indr_Pt100_client_PeCC7lKmYF9M online!
2025-12-30 11:39:53 [7608] WARN  nmq_websocket.c:160:  recv aio error Object closed
2025-12-30 11:39:53 [7608] WARN  nmq_mqtt.c:986: Indr_Pt100_client_PeCC7lKmYF9M pipe close!
2025-12-30 11:39:53 [7608] WARN  mqtt_parser.c:1339: Indr_Pt100_client_PeCC7lKmYF9M offline!
2025-12-30 11:39:54 [7608] WARN  mqtt_parser.c:1335: Indr_Pt100_client_fBEr34xuDU5Y online!
2025-12-30 11:40:17 [7608] WARN  nmq_websocket.c:160:  recv aio error Object closed
2025-12-30 11:40:17 [7608] WARN  nmq_mqtt.c:986: Indr_Pt100_client_fBEr34xuDU5Y pipe close!
2025-12-30 11:40:17 [7608] WARN  mqtt_parser.c:1339: Indr_Pt100_client_fBEr34xuDU5Y offline!
2025-12-30 11:40:18 [7608] WARN  mqtt_parser.c:1335: Indr_Pt100_client_uMLO8GyklUX0 online!
2025-12-30 11:40:20 [7608] WARN  nmq_websocket.c:160:  recv aio error Object closed
2025-12-30 11:40:20 [7608] WARN  nmq_mqtt.c:986: Indr_Pt100_client_uMLO8GyklUX0 pipe close!
2025-12-30 11:40:20 [7608] WARN  mqtt_parser.c:1339: Indr_Pt100_client_uMLO8GyklUX0 offline!
2025-12-30 11:40:20 [7608] WARN  mqtt_parser.c:1335: Indr_Pt100_client_KtoRZasRkHtv online!
2025-12-30 11:40:22 [7608] WARN  nmq_websocket.c:160:  recv aio error Object closed
2025-12-30 11:40:22 [7608] WARN  nmq_mqtt.c:986: Indr_Pt100_client_KtoRZasRkHtv pipe close!
2025-12-30 11:40:22 [7608] WARN  mqtt_parser.c:1339: Indr_Pt100_client_KtoRZasRkHtv offline!
2025-12-30 11:40:22 [7608] WARN  mqtt_parser.c:1335: Indr_Pt100_client_ARbBdJHX63Cq online!
2025-12-30 11:40:24 [7608] WARN  nmq_websocket.c:160:  recv aio error Object closed
2025-12-30 11:40:24 [7608] WARN  nmq_mqtt.c:986: Indr_Pt100_client_ARbBdJHX63Cq pipe close!
2025-12-30 11:40:24 [7608] WARN  mqtt_parser.c:1339: Indr_Pt100_client_ARbBdJHX63Cq offline!
2025-12-30 11:40:24 [7608] WARN  mqtt_parser.c:1335: Indr_Pt100_client_fMqkYmVYpgjV online!
2025-12-30 11:41:37 [7608] WARN  nmq_websocket.c:160:  recv aio error Object closed
2025-12-30 11:41:37 [7608] WARN  nmq_mqtt.c:986: Indr_Pt100_client_fMqkYmVYpgjV pipe close!
2025-12-30 11:41:37 [7608] WARN  mqtt_parser.c:1339: Indr_Pt100_client_fMqkYmVYpgjV offline!
2025-12-30 11:41:38 [7608] WARN  mqtt_parser.c:1335: Indr_Pt100_client_lLVxyUgNIp0C online!
2025-12-30 11:41:45 [7608] WARN  nmq_websocket.c:160:  recv aio error Object closed
2025-12-30 11:41:45 [7608] WARN  nmq_mqtt.c:986: Indr_Pt100_client_lLVxyUgNIp0C pipe close!
2025-12-30 11:41:45 [7608] WARN  mqtt_parser.c:1339: Indr_Pt100_client_lLVxyUgNIp0C offline!
2025-12-30 11:41:45 [7608] WARN  mqtt_parser.c:1335: Indr_Pt100_client_qN8GbmprZQ5M online!
2025-12-30 11:41:46 [7608] WARN  nmq_websocket.c:160:  recv aio error Object closed
2025-12-30 11:41:46 [7608] WARN  nmq_mqtt.c:986: Indr_Pt100_client_qN8GbmprZQ5M pipe close!
2025-12-30 11:41:46 [7608] WARN  mqtt_parser.c:1339: Indr_Pt100_client_qN8GbmprZQ5M offline!
2025-12-30 11:41:47 [7608] WARN  mqtt_parser.c:1335: Indr_Pt100_client_gFKwXemet6rT online!
2025-12-30 11:41:58 [7608] WARN  nmq_websocket.c:160:  recv aio error Object closed
2025-12-30 11:41:58 [7608] WARN  nmq_mqtt.c:986: Indr_Pt100_client_gFKwXemet6rT pipe close!
2025-12-30 11:41:58 [7608] WARN  mqtt_parser.c:1339: Indr_Pt100_client_gFKwXemet6rT offline!
2025-12-30 11:41:58 [7608] WARN  mqtt_parser.c:1335: Indr_Pt100_client_AlfD1oeYtPgJ online!
2025-12-30 11:42:39 [7608] WARN  nmq_websocket.c:160:  recv aio error Object closed
2025-12-30 11:42:39 [7608] WARN  nmq_mqtt.c:986: Indr_Pt100_client_AlfD1oeYtPgJ pipe close!
2025-12-30 11:42:39 [7608] WARN  mqtt_parser.c:1339: Indr_Pt100_client_AlfD1oeYtPgJ offline!
2025-12-30 11:42:40 [7608] WARN  mqtt_parser.c:1335: Indr_Pt100_client_yPe47IW6RyU1 online!
2025-12-30 11:44:25 [7608] WARN  nmq_websocket.c:160:  recv aio error Object closed
2025-12-30 11:44:25 [7608] WARN  nmq_mqtt.c:986: Indr_Pt100_client_yPe47IW6RyU1 pipe close!
2025-12-30 11:44:25 [7608] WARN  mqtt_parser.c:1339: Indr_Pt100_client_yPe47IW6RyU1 offline!
2025-12-30 11:44:25 [7608] WARN  mqtt_parser.c:1335: Indr_Pt100_client_BmF4Iar8IMpS online!
2025-12-30 11:44:30 [7608] WARN  nmq_websocket.c:160:  recv aio error Object closed
2025-12-30 11:44:30 [7608] WARN  nmq_mqtt.c:986: Indr_Pt100_client_BmF4Iar8IMpS pipe close!
2025-12-30 11:44:30 [7608] WARN  mqtt_parser.c:1339: Indr_Pt100_client_BmF4Iar8IMpS offline!
2025-12-30 11:44:30 [7608] WARN  mqtt_parser.c:1335: Indr_Pt100_client_PCj4vADUWQEc online!
2025-12-30 11:44:32 [7608] WARN  nmq_websocket.c:160:  recv aio error Object closed
2025-12-30 11:44:32 [7608] WARN  nmq_mqtt.c:986: Indr_Pt100_client_PCj4vADUWQEc pipe close!
2025-12-30 11:44:32 [7608] WARN  mqtt_parser.c:1339: Indr_Pt100_client_PCj4vADUWQEc offline!
2025-12-30 11:44:32 [7608] WARN  mqtt_parser.c:1335: Indr_Pt100_client_BzAqIDACToRe online!
2025-12-30 11:44:37 [7608] WARN  nmq_websocket.c:160:  recv aio error Object closed
2025-12-30 11:44:37 [7608] WARN  nmq_mqtt.c:986: Indr_Pt100_client_BzAqIDACToRe pipe close!
2025-12-30 11:44:37 [7608] WARN  mqtt_parser.c:1339: Indr_Pt100_client_BzAqIDACToRe offline!
2025-12-30 11:44:37 [7608] WARN  mqtt_parser.c:1335: Indr_Pt100_client_fPl0JkRSptaT online!
2025-12-30 11:44:42 [7608] WARN  nmq_websocket.c:160:  recv aio error Object closed
2025-12-30 11:44:42 [7608] WARN  nmq_mqtt.c:986: Indr_Pt100_client_fPl0JkRSptaT pipe close!
2025-12-30 11:44:42 [7608] WARN  mqtt_parser.c:1339: Indr_Pt100_client_fPl0JkRSptaT offline!
2025-12-30 11:44:42 [7608] WARN  mqtt_parser.c:1335: Indr_Pt100_client_q9uha9J1D7OZ online!
2025-12-30 11:44:45 [7608] WARN  nmq_websocket.c:160:  recv aio error Object closed
2025-12-30 11:44:45 [7608] WARN  nmq_mqtt.c:986: Indr_Pt100_client_q9uha9J1D7OZ pipe close!
2025-12-30 11:44:45 [7608] WARN  mqtt_parser.c:1339: Indr_Pt100_client_q9uha9J1D7OZ offline!
2025-12-30 11:44:46 [7608] WARN  mqtt_parser.c:1335: Indr_Pt100_client_y1bViYc6RZ2V online!
2025-12-30 11:44:50 [7608] WARN  nmq_websocket.c:160:  recv aio error Object closed
2025-12-30 11:44:50 [7608] WARN  nmq_mqtt.c:986: Indr_Pt100_client_y1bViYc6RZ2V pipe close!
2025-12-30 11:44:50 [7608] WARN  mqtt_parser.c:1339: Indr_Pt100_client_y1bViYc6RZ2V offline!
2025-12-30 11:44:50 [7608] WARN  mqtt_parser.c:1335: Indr_Pt100_client_BTDfwagHmVAX online!
2025-12-30 11:44:52 [7608] WARN  nmq_websocket.c:160:  recv aio error Object closed
2025-12-30 11:44:52 [7608] WARN  nmq_mqtt.c:986: Indr_Pt100_client_BTDfwagHmVAX pipe close!
2025-12-30 11:44:52 [7608] WARN  mqtt_parser.c:1339: Indr_Pt100_client_BTDfwagHmVAX offline!
2025-12-30 11:44:53 [7608] WARN  mqtt_parser.c:1335: Indr_Pt100_client_zkMiJ7hHRbsC online!
2025-12-30 11:44:54 [7608] WARN  nmq_websocket.c:160:  recv aio error Object closed
2025-12-30 11:44:54 [7608] WARN  nmq_mqtt.c:986: Indr_Pt100_client_zkMiJ7hHRbsC pipe close!
2025-12-30 11:44:54 [7608] WARN  mqtt_parser.c:1339: Indr_Pt100_client_zkMiJ7hHRbsC offline!
2025-12-30 11:44:54 [7608] WARN  mqtt_parser.c:1335: Indr_Pt100_client_t5vc873I8iTI online!
2025-12-30 11:45:03 [7608] WARN  nmq_websocket.c:160:  recv aio error Object closed
2025-12-30 11:45:03 [7608] WARN  nmq_mqtt.c:986: Indr_Pt100_client_t5vc873I8iTI pipe close!
2025-12-30 11:45:03 [7608] WARN  mqtt_parser.c:1339: Indr_Pt100_client_t5vc873I8iTI offline!
2025-12-30 11:45:03 [7608] WARN  mqtt_parser.c:1335: Indr_Pt100_client_99hkb9U0kuvX online!
2025-12-30 11:45:26 [7608] WARN  nmq_websocket.c:160:  recv aio error Object closed
2025-12-30 11:45:26 [7608] WARN  nmq_mqtt.c:986: Indr_Pt100_client_99hkb9U0kuvX pipe close!
2025-12-30 11:45:26 [7608] WARN  mqtt_parser.c:1339: Indr_Pt100_client_99hkb9U0kuvX offline!
2025-12-30 11:45:26 [7608] WARN  mqtt_parser.c:1335: Indr_Pt100_client_rEcRBQAT1NCt online!
2025-12-30 11:45:27 [7608] WARN  nmq_websocket.c:160:  recv aio error Object closed
2025-12-30 11:45:27 [7608] WARN  nmq_mqtt.c:986: Indr_Pt100_client_rEcRBQAT1NCt pipe close!
2025-12-30 11:45:27 [7608] WARN  mqtt_parser.c:1339: Indr_Pt100_client_rEcRBQAT1NCt offline!
2025-12-30 11:45:27 [7608] WARN  mqtt_parser.c:1335: Indr_Pt100_client_KQQhliu9PG0V online!
2025-12-30 11:45:51 [7608] WARN  nmq_websocket.c:160:  recv aio error Object closed
2025-12-30 11:45:51 [7608] WARN  nmq_mqtt.c:986: Indr_Pt100_client_KQQhliu9PG0V pipe close!
2025-12-30 11:45:51 [7608] WARN  mqtt_parser.c:1339: Indr_Pt100_client_KQQhliu9PG0V offline!
2025-12-30 11:45:51 [7608] WARN  mqtt_parser.c:1335: Indr_Pt100_client_Gr9nb6nyvtxX online!
2025-12-30 11:45:55 [7608] WARN  nmq_websocket.c:160:  recv aio error Object closed
2025-12-30 11:45:55 [7608] WARN  nmq_mqtt.c:986: Indr_Pt100_client_Gr9nb6nyvtxX pipe close!
2025-12-30 11:45:55 [7608] WARN  mqtt_parser.c:1339: Indr_Pt100_client_Gr9nb6nyvtxX offline!
2025-12-30 11:45:55 [7608] WARN  mqtt_parser.c:1335: Indr_Pt100_client_4whotWjVBbGE online!
2025-12-30 11:46:03 [7608] WARN  nmq_websocket.c:160:  recv aio error Object closed
2025-12-30 11:46:03 [7608] WARN  nmq_mqtt.c:986: Indr_Pt100_client_4whotWjVBbGE pipe close!
2025-12-30 11:46:03 [7608] WARN  mqtt_parser.c:1339: Indr_Pt100_client_4whotWjVBbGE offline!
2025-12-30 11:46:03 [7608] WARN  mqtt_parser.c:1335: Indr_Pt100_client_kQ05Vj7fRYkk online!
2025-12-30 11:46:07 [7608] WARN  nmq_websocket.c:160:  recv aio error Object closed
2025-12-30 11:46:07 [7608] WARN  nmq_mqtt.c:986: Indr_Pt100_client_kQ05Vj7fRYkk pipe close!
2025-12-30 11:46:07 [7608] WARN  mqtt_parser.c:1339: Indr_Pt100_client_kQ05Vj7fRYkk offline!
2025-12-30 11:46:07 [7608] WARN  mqtt_parser.c:1335: Indr_Pt100_client_LmLQV4jca3li online!
2025-12-30 11:46:18 [7608] WARN  nmq_websocket.c:160:  recv aio error Object closed
2025-12-30 11:46:18 [7608] WARN  nmq_mqtt.c:986: Indr_Pt100_client_LmLQV4jca3li pipe close!
2025-12-30 11:46:18 [7608] WARN  mqtt_parser.c:1339: Indr_Pt100_client_LmLQV4jca3li offline!
2025-12-30 11:46:18 [7608] WARN  mqtt_parser.c:1335: Indr_Pt100_client_b0KbumocgQBK online!
2025-12-30 11:46:20 [7608] WARN  nmq_websocket.c:160:  recv aio error Object closed
2025-12-30 11:46:20 [7608] WARN  nmq_mqtt.c:986: Indr_Pt100_client_b0KbumocgQBK pipe close!
2025-12-30 11:46:20 [7608] WARN  mqtt_parser.c:1339: Indr_Pt100_client_b0KbumocgQBK offline!
2025-12-30 11:46:20 [7608] WARN  mqtt_parser.c:1335: Indr_Pt100_client_ePkGs6veOx3p online!
2025-12-30 11:46:23 [7608] WARN  nmq_websocket.c:160:  recv aio error Object closed
2025-12-30 11:46:23 [7608] WARN  nmq_mqtt.c:986: Indr_Pt100_client_ePkGs6veOx3p pipe close!
2025-12-30 11:46:23 [7608] WARN  mqtt_parser.c:1339: Indr_Pt100_client_ePkGs6veOx3p offline!
2025-12-30 11:46:23 [7608] WARN  mqtt_parser.c:1335: Indr_Pt100_client_4D1DW7aQEqLb online!
2025-12-30 11:47:40 [7608] WARN  nmq_websocket.c:160:  recv aio error Object closed
2025-12-30 11:47:40 [7608] WARN  nmq_mqtt.c:986: Indr_Pt100_client_4D1DW7aQEqLb pipe close!
2025-12-30 11:47:40 [7608] WARN  mqtt_parser.c:1339: Indr_Pt100_client_4D1DW7aQEqLb offline!
2025-12-30 11:47:40 [7608] WARN  mqtt_parser.c:1335: Indr_Pt100_client_ZfXpsmU8kyt5 online!
2025-12-30 11:47:42 [7608] WARN  nmq_websocket.c:160:  recv aio error Object closed
2025-12-30 11:47:42 [7608] WARN  nmq_mqtt.c:986: Indr_Pt100_client_ZfXpsmU8kyt5 pipe close!
2025-12-30 11:47:42 [7608] WARN  mqtt_parser.c:1339: Indr_Pt100_client_ZfXpsmU8kyt5 offline!
2025-12-30 11:47:43 [7608] WARN  mqtt_parser.c:1335: Indr_Pt100_client_BLsX2zLO10Gx online!
2025-12-30 11:47:45 [7608] WARN  nmq_websocket.c:160:  recv aio error Object closed
2025-12-30 11:47:45 [7608] WARN  nmq_mqtt.c:986: Indr_Pt100_client_BLsX2zLO10Gx pipe close!
2025-12-30 11:47:45 [7608] WARN  mqtt_parser.c:1339: Indr_Pt100_client_BLsX2zLO10Gx offline!
2025-12-30 11:47:45 [7608] WARN  mqtt_parser.c:1335: Indr_Pt100_client_VbW4kFj8ZKps online!
2025-12-30 11:47:49 [7608] WARN  nmq_websocket.c:160:  recv aio error Object closed
2025-12-30 11:47:49 [7608] WARN  nmq_mqtt.c:986: Indr_Pt100_client_VbW4kFj8ZKps pipe close!
2025-12-30 11:47:49 [7608] WARN  mqtt_parser.c:1339: Indr_Pt100_client_VbW4kFj8ZKps offline!
2025-12-30 11:47:49 [7608] WARN  mqtt_parser.c:1335: Indr_Pt100_client_gB1p8bsQ3YaC online!
2025-12-30 11:49:04 [7608] WARN  nmq_websocket.c:160:  recv aio error Object closed
2025-12-30 11:49:04 [7608] WARN  nmq_mqtt.c:986: Indr_Pt100_client_gB1p8bsQ3YaC pipe close!
2025-12-30 11:49:04 [7608] WARN  mqtt_parser.c:1339: Indr_Pt100_client_gB1p8bsQ3YaC offline!
2025-12-30 11:49:05 [7608] WARN  mqtt_parser.c:1335: Indr_Pt100_client_tY8DfTRySs3i online!
2025-12-30 11:49:06 [7608] WARN  nmq_websocket.c:160:  recv aio error Object closed
2025-12-30 11:49:06 [7608] WARN  nmq_mqtt.c:986: Indr_Pt100_client_tY8DfTRySs3i pipe close!
2025-12-30 11:49:06 [7608] WARN  mqtt_parser.c:1339: Indr_Pt100_client_tY8DfTRySs3i offline!
2025-12-30 11:49:06 [7608] WARN  mqtt_parser.c:1335: Indr_Pt100_client_tLrADsMwJRDF online!
2025-12-30 11:49:12 [7608] WARN  nmq_websocket.c:160:  recv aio error Object closed
2025-12-30 11:49:12 [7608] WARN  nmq_mqtt.c:986: Indr_Pt100_client_tLrADsMwJRDF pipe close!
2025-12-30 11:49:12 [7608] WARN  mqtt_parser.c:1339: Indr_Pt100_client_tLrADsMwJRDF offline!
2025-12-30 11:49:13 [7608] WARN  mqtt_parser.c:1335: Indr_Pt100_client_6Givi1Nr2qC5 online!
2025-12-30 11:52:02 [7608] WARN  nmq_websocket.c:160:  recv aio error Object closed
2025-12-30 11:52:02 [7608] WARN  nmq_mqtt.c:986: Indr_Pt100_client_6Givi1Nr2qC5 pipe close!
2025-12-30 11:52:02 [7608] WARN  mqtt_parser.c:1339: Indr_Pt100_client_6Givi1Nr2qC5 offline!
2025-12-30 11:52:02 [7608] WARN  mqtt_parser.c:1335: Indr_Pt100_client_OMCFzgfui1ZB online!
2025-12-30 11:52:04 [7608] WARN  nmq_websocket.c:160:  recv aio error Object closed
2025-12-30 11:52:04 [7608] WARN  nmq_mqtt.c:986: Indr_Pt100_client_OMCFzgfui1ZB pipe close!
2025-12-30 11:52:04 [7608] WARN  mqtt_parser.c:1339: Indr_Pt100_client_OMCFzgfui1ZB offline!
2025-12-30 11:52:04 [7608] WARN  mqtt_parser.c:1335: Indr_Pt100_client_pXMiPml1yyI1 online!
2025-12-30 11:52:10 [7608] WARN  nmq_websocket.c:160:  recv aio error Object closed
2025-12-30 11:52:10 [7608] WARN  nmq_mqtt.c:986: Indr_Pt100_client_pXMiPml1yyI1 pipe close!
2025-12-30 11:52:10 [7608] WARN  mqtt_parser.c:1339: Indr_Pt100_client_pXMiPml1yyI1 offline!
2025-12-30 11:52:10 [7608] WARN  mqtt_parser.c:1335: Indr_Pt100_client_XcXstqlPpLkH online!
2025-12-30 11:52:17 [7608] WARN  nmq_websocket.c:160:  recv aio error Object closed
2025-12-30 11:52:17 [7608] WARN  nmq_mqtt.c:986: Indr_Pt100_client_XcXstqlPpLkH pipe close!
2025-12-30 11:52:17 [7608] WARN  mqtt_parser.c:1339: Indr_Pt100_client_XcXstqlPpLkH offline!
2025-12-30 11:52:17 [7608] WARN  mqtt_parser.c:1335: Indr_Pt100_client_BvQaw2ChEigE online!
2025-12-30 11:52:19 [7608] WARN  nmq_websocket.c:160:  recv aio error Object closed
2025-12-30 11:52:19 [7608] WARN  nmq_mqtt.c:986: Indr_Pt100_client_BvQaw2ChEigE pipe close!
2025-12-30 11:52:19 [7608] WARN  mqtt_parser.c:1339: Indr_Pt100_client_BvQaw2ChEigE offline!
2025-12-30 11:52:19 [7608] WARN  mqtt_parser.c:1335: Indr_Pt100_client_e4bVTmcZD1Cb online!
2025-12-30 11:52:35 [7608] WARN  nmq_websocket.c:160:  recv aio error Object closed
2025-12-30 11:52:35 [7608] WARN  nmq_mqtt.c:986: Indr_Pt100_client_e4bVTmcZD1Cb pipe close!
2025-12-30 11:52:35 [7608] WARN  mqtt_parser.c:1339: Indr_Pt100_client_e4bVTmcZD1Cb offline!
2025-12-30 11:52:36 [7608] WARN  mqtt_parser.c:1335: Indr_Pt100_client_HkWO6jDzTFQt online!
2025-12-30 11:52:38 [7608] WARN  nmq_websocket.c:160:  recv aio error Object closed
2025-12-30 11:52:38 [7608] WARN  nmq_mqtt.c:986: Indr_Pt100_client_HkWO6jDzTFQt pipe close!
2025-12-30 11:52:38 [7608] WARN  mqtt_parser.c:1339: Indr_Pt100_client_HkWO6jDzTFQt offline!
2025-12-30 11:52:38 [7608] WARN  mqtt_parser.c:1335: Indr_Pt100_client_yickus8s94vS online!
2025-12-30 11:52:41 [7608] WARN  nmq_websocket.c:160:  recv aio error Object closed
2025-12-30 11:52:41 [7608] WARN  nmq_mqtt.c:986: Indr_Pt100_client_yickus8s94vS pipe close!
2025-12-30 11:52:41 [7608] WARN  mqtt_parser.c:1339: Indr_Pt100_client_yickus8s94vS offline!
2025-12-30 11:52:42 [7608] WARN  mqtt_parser.c:1335: Indr_Pt100_client_6r7RryhOjO2K online!
2025-12-30 11:52:49 [7608] WARN  nmq_websocket.c:160:  recv aio error Object closed
2025-12-30 11:52:49 [7608] WARN  nmq_mqtt.c:986: Indr_Pt100_client_6r7RryhOjO2K pipe close!
2025-12-30 11:52:49 [7608] WARN  mqtt_parser.c:1339: Indr_Pt100_client_6r7RryhOjO2K offline!
2025-12-30 11:52:49 [7608] WARN  mqtt_parser.c:1335: Indr_Pt100_client_NAgU5GbKCGkn online!
2025-12-30 11:52:53 [7608] WARN  nmq_websocket.c:160:  recv aio error Object closed
2025-12-30 11:52:53 [7608] WARN  nmq_mqtt.c:986: Indr_Pt100_client_NAgU5GbKCGkn pipe close!
2025-12-30 11:52:53 [7608] WARN  mqtt_parser.c:1339: Indr_Pt100_client_NAgU5GbKCGkn offline!
2025-12-30 11:52:53 [7608] WARN  mqtt_parser.c:1335: Indr_Pt100_client_YshLBXLY1zvp online!
2025-12-30 11:53:01 [7608] WARN  nmq_websocket.c:160:  recv aio error Object closed
2025-12-30 11:53:01 [7608] WARN  nmq_mqtt.c:986: Indr_Pt100_client_YshLBXLY1zvp pipe close!
2025-12-30 11:53:01 [7608] WARN  mqtt_parser.c:1339: Indr_Pt100_client_YshLBXLY1zvp offline!
2025-12-30 11:53:01 [7608] WARN  mqtt_parser.c:1335: Indr_Pt100_client_WoPU4oDRotVc online!
2025-12-30 11:53:10 [7608] WARN  nmq_websocket.c:160:  recv aio error Object closed
2025-12-30 11:53:10 [7608] WARN  nmq_mqtt.c:986: Indr_Pt100_client_WoPU4oDRotVc pipe close!
2025-12-30 11:53:10 [7608] WARN  mqtt_parser.c:1339: Indr_Pt100_client_WoPU4oDRotVc offline!
2025-12-30 11:53:10 [7608] WARN  mqtt_parser.c:1335: Indr_Pt100_client_InolVzPpBp7b online!
2025-12-30 11:53:12 [7608] WARN  nmq_websocket.c:160:  recv aio error Object closed
2025-12-30 11:53:12 [7608] WARN  nmq_mqtt.c:986: Indr_Pt100_client_InolVzPpBp7b pipe close!
2025-12-30 11:53:12 [7608] WARN  mqtt_parser.c:1339: Indr_Pt100_client_InolVzPpBp7b offline!
2025-12-30 11:53:12 [7608] WARN  mqtt_parser.c:1335: Indr_Pt100_client_n7ihVFpaIJvI online!
2025-12-30 11:53:18 [7608] WARN  nmq_websocket.c:160:  recv aio error Object closed
2025-12-30 11:53:18 [7608] WARN  nmq_mqtt.c:986: Indr_Pt100_client_n7ihVFpaIJvI pipe close!
2025-12-30 11:53:18 [7608] WARN  mqtt_parser.c:1339: Indr_Pt100_client_n7ihVFpaIJvI offline!
2025-12-30 11:53:18 [7608] WARN  mqtt_parser.c:1335: Indr_Pt100_client_GQFIRzYgTjdj online!
2025-12-30 11:53:24 [7608] WARN  nmq_websocket.c:160:  recv aio error Object closed
2025-12-30 11:53:24 [7608] WARN  nmq_mqtt.c:986: Indr_Pt100_client_GQFIRzYgTjdj pipe close!
2025-12-30 11:53:24 [7608] WARN  mqtt_parser.c:1339: Indr_Pt100_client_GQFIRzYgTjdj offline!
2025-12-30 11:53:24 [7608] WARN  mqtt_parser.c:1335: Indr_Pt100_client_lC4oWidaonSK online!
2025-12-30 11:53:26 [7608] WARN  nmq_websocket.c:160:  recv aio error Object closed
2025-12-30 11:53:26 [7608] WARN  nmq_mqtt.c:986: Indr_Pt100_client_lC4oWidaonSK pipe close!
2025-12-30 11:53:26 [7608] WARN  mqtt_parser.c:1339: Indr_Pt100_client_lC4oWidaonSK offline!
2025-12-30 11:53:26 [7608] WARN  mqtt_parser.c:1335: Indr_Pt100_client_yG9U9HElf2OI online!
2025-12-30 11:53:32 [7608] WARN  nmq_websocket.c:160:  recv aio error Object closed
2025-12-30 11:53:32 [7608] WARN  nmq_mqtt.c:986: Indr_Pt100_client_yG9U9HElf2OI pipe close!
2025-12-30 11:53:32 [7608] WARN  mqtt_parser.c:1339: Indr_Pt100_client_yG9U9HElf2OI offline!
2025-12-30 11:53:32 [7608] WARN  mqtt_parser.c:1335: Indr_Pt100_client_gVReCRNf6RpH online!
2025-12-30 11:54:35 [7608] WARN  nmq_websocket.c:160:  recv aio error Object closed
2025-12-30 11:54:35 [7608] WARN  nmq_mqtt.c:986: Indr_Pt100_client_gVReCRNf6RpH pipe close!
2025-12-30 11:54:35 [7608] WARN  mqtt_parser.c:1339: Indr_Pt100_client_gVReCRNf6RpH offline!
2025-12-30 11:54:35 [7608] WARN  mqtt_parser.c:1335: Indr_Pt100_client_642JFNsyqOLl online!
2025-12-30 11:54:38 [7608] WARN  nmq_websocket.c:160:  recv aio error Object closed
2025-12-30 11:54:38 [7608] WARN  nmq_mqtt.c:986: Indr_Pt100_client_642JFNsyqOLl pipe close!
2025-12-30 11:54:38 [7608] WARN  mqtt_parser.c:1339: Indr_Pt100_client_642JFNsyqOLl offline!
2025-12-30 11:54:38 [7608] WARN  mqtt_parser.c:1335: Indr_Pt100_client_7T73PEdVB4hl online!
2025-12-30 11:54:53 [7608] WARN  nmq_websocket.c:160:  recv aio error Object closed
2025-12-30 11:54:53 [7608] WARN  nmq_mqtt.c:986: Indr_Pt100_client_7T73PEdVB4hl pipe close!
2025-12-30 11:54:53 [7608] WARN  mqtt_parser.c:1339: Indr_Pt100_client_7T73PEdVB4hl offline!
2025-12-30 11:54:53 [7608] WARN  mqtt_parser.c:1335: Indr_Pt100_client_R9rWZ9dnzrKE online!
2025-12-30 11:56:48 [7608] WARN  nmq_websocket.c:160:  recv aio error Object closed
2025-12-30 11:56:48 [7608] WARN  nmq_mqtt.c:986: Indr_Pt100_client_R9rWZ9dnzrKE pipe close!
2025-12-30 11:56:48 [7608] WARN  mqtt_parser.c:1339: Indr_Pt100_client_R9rWZ9dnzrKE offline!
2025-12-30 11:56:48 [7608] WARN  mqtt_parser.c:1335: Indr_Pt100_client_U6ZuPRGZlIgZ online!
2025-12-30 11:56:50 [7608] WARN  nmq_websocket.c:160:  recv aio error Object closed
2025-12-30 11:56:50 [7608] WARN  nmq_mqtt.c:986: Indr_Pt100_client_U6ZuPRGZlIgZ pipe close!
2025-12-30 11:56:50 [7608] WARN  mqtt_parser.c:1339: Indr_Pt100_client_U6ZuPRGZlIgZ offline!
2025-12-30 11:56:50 [7608] WARN  mqtt_parser.c:1335: Indr_Pt100_client_JDKqYgK2WhVn online!
2025-12-30 11:57:18 [7608] WARN  nmq_websocket.c:160:  recv aio error Object closed
2025-12-30 11:57:18 [7608] WARN  nmq_mqtt.c:986: Indr_Pt100_client_JDKqYgK2WhVn pipe close!
2025-12-30 11:57:18 [7608] WARN  mqtt_parser.c:1339: Indr_Pt100_client_JDKqYgK2WhVn offline!
2025-12-30 11:57:18 [7608] WARN  mqtt_parser.c:1335: Indr_Pt100_client_tU6K3I4c6ibj online!
2025-12-30 11:58:35 [7608] WARN  nmq_websocket.c:160:  recv aio error Object closed
2025-12-30 11:58:35 [7608] WARN  nmq_mqtt.c:986: Indr_Pt100_client_tU6K3I4c6ibj pipe close!
2025-12-30 11:58:35 [7608] WARN  mqtt_parser.c:1339: Indr_Pt100_client_tU6K3I4c6ibj offline!
2025-12-30 11:58:35 [7608] WARN  mqtt_parser.c:1335: Indr_Pt100_client_ABYmh8HAKSSb online!
2025-12-30 11:58:39 [7608] WARN  nmq_websocket.c:160:  recv aio error Object closed
2025-12-30 11:58:39 [7608] WARN  nmq_mqtt.c:986: Indr_Pt100_client_ABYmh8HAKSSb pipe close!
2025-12-30 11:58:39 [7608] WARN  mqtt_parser.c:1339: Indr_Pt100_client_ABYmh8HAKSSb offline!
2025-12-30 11:58:40 [7608] WARN  mqtt_parser.c:1335: Indr_Pt100_client_8BOrxHyDxiFl online!
2025-12-30 13:42:59 [7608] WARN  nmq_websocket.c:160:  recv aio error Object closed
2025-12-30 13:42:59 [7608] WARN  nmq_mqtt.c:986: Indr_Pt100_client_8BOrxHyDxiFl pipe close!
2025-12-30 13:42:59 [7608] WARN  mqtt_parser.c:1339: Indr_Pt100_client_8BOrxHyDxiFl offline!
2025-12-30 13:42:59 [7608] WARN  mqtt_parser.c:1335: Indr_Pt100_client_iRShMO84Zn22 online!
2025-12-30 13:43:02 [7608] WARN  nmq_websocket.c:160:  recv aio error Object closed
2025-12-30 13:43:02 [7608] WARN  nmq_mqtt.c:986: Indr_Pt100_client_iRShMO84Zn22 pipe close!
2025-12-30 13:43:02 [7608] WARN  mqtt_parser.c:1339: Indr_Pt100_client_iRShMO84Zn22 offline!
2025-12-30 13:43:03 [7608] WARN  mqtt_parser.c:1335: Indr_Pt100_client_qUXF34t12yWH online!
2025-12-30 13:43:04 [7608] WARN  nmq_websocket.c:160:  recv aio error Object closed
2025-12-30 13:43:04 [7608] WARN  nmq_mqtt.c:986: Indr_Pt100_client_qUXF34t12yWH pipe close!
2025-12-30 13:43:04 [7608] WARN  mqtt_parser.c:1339: Indr_Pt100_client_qUXF34t12yWH offline!
2025-12-30 13:43:04 [7608] WARN  mqtt_parser.c:1335: Indr_Pt100_client_4H6A3Y1QADlx online!
2025-12-30 13:43:06 [7608] WARN  nmq_websocket.c:160:  recv aio error Object closed
2025-12-30 13:43:06 [7608] WARN  nmq_mqtt.c:986: Indr_Pt100_client_4H6A3Y1QADlx pipe close!
2025-12-30 13:43:06 [7608] WARN  mqtt_parser.c:1339: Indr_Pt100_client_4H6A3Y1QADlx offline!
2025-12-30 13:43:06 [7608] WARN  mqtt_parser.c:1335: Indr_Pt100_client_TSQQrmYTddAO online!
2025-12-30 13:43:10 [7608] WARN  nmq_websocket.c:160:  recv aio error Object closed
2025-12-30 13:43:10 [7608] WARN  nmq_mqtt.c:986: Indr_Pt100_client_TSQQrmYTddAO pipe close!
2025-12-30 13:43:10 [7608] WARN  mqtt_parser.c:1339: Indr_Pt100_client_TSQQrmYTddAO offline!
2025-12-30 13:43:10 [7608] WARN  mqtt_parser.c:1335: Indr_Pt100_client_GeI0b01jkyAR online!
2025-12-30 13:43:13 [7608] WARN  nmq_websocket.c:160:  recv aio error Object closed
2025-12-30 13:43:13 [7608] WARN  nmq_mqtt.c:986: Indr_Pt100_client_GeI0b01jkyAR pipe close!
2025-12-30 13:43:13 [7608] WARN  mqtt_parser.c:1339: Indr_Pt100_client_GeI0b01jkyAR offline!
2025-12-30 13:43:13 [7608] WARN  mqtt_parser.c:1335: Indr_Pt100_client_CnrEidaO6vBU online!
2025-12-30 13:43:14 [7608] WARN  nmq_websocket.c:160:  recv aio error Object closed
2025-12-30 13:43:14 [7608] WARN  nmq_mqtt.c:986: Indr_Pt100_client_CnrEidaO6vBU pipe close!
2025-12-30 13:43:14 [7608] WARN  mqtt_parser.c:1339: Indr_Pt100_client_CnrEidaO6vBU offline!
2025-12-30 13:43:14 [7608] WARN  mqtt_parser.c:1335: Indr_Pt100_client_W5HsfgODaWvF online!
2025-12-30 13:43:20 [7608] WARN  nmq_websocket.c:160:  recv aio error Object closed
2025-12-30 13:43:20 [7608] WARN  nmq_mqtt.c:986: Indr_Pt100_client_W5HsfgODaWvF pipe close!
2025-12-30 13:43:20 [7608] WARN  mqtt_parser.c:1339: Indr_Pt100_client_W5HsfgODaWvF offline!
2025-12-30 13:43:20 [7608] WARN  mqtt_parser.c:1335: Indr_Pt100_client_D0xrrUF4c2Tm online!
2025-12-30 13:43:23 [7608] WARN  nmq_websocket.c:160:  recv aio error Object closed
2025-12-30 13:43:23 [7608] WARN  nmq_mqtt.c:986: Indr_Pt100_client_D0xrrUF4c2Tm pipe close!
2025-12-30 13:43:23 [7608] WARN  mqtt_parser.c:1339: Indr_Pt100_client_D0xrrUF4c2Tm offline!
2025-12-30 13:43:23 [7608] WARN  mqtt_parser.c:1335: Indr_Pt100_client_uPZuVVjMy0z9 online!
2025-12-30 13:43:35 [7608] WARN  nmq_websocket.c:160:  recv aio error Object closed
2025-12-30 13:43:35 [7608] WARN  nmq_mqtt.c:986: Indr_Pt100_client_uPZuVVjMy0z9 pipe close!
2025-12-30 13:43:35 [7608] WARN  mqtt_parser.c:1339: Indr_Pt100_client_uPZuVVjMy0z9 offline!
2025-12-30 13:43:35 [7608] WARN  mqtt_parser.c:1335: Indr_Pt100_client_qN7ya9hzUVwe online!
2025-12-30 13:43:43 [7608] WARN  nmq_websocket.c:160:  recv aio error Object closed
2025-12-30 13:43:43 [7608] WARN  nmq_mqtt.c:986: Indr_Pt100_client_qN7ya9hzUVwe pipe close!
2025-12-30 13:43:43 [7608] WARN  mqtt_parser.c:1339: Indr_Pt100_client_qN7ya9hzUVwe offline!
2025-12-30 13:43:43 [7608] WARN  mqtt_parser.c:1335: Indr_Pt100_client_qDeu4XLJFCDY online!
2025-12-30 13:43:47 [7608] WARN  nmq_websocket.c:160:  recv aio error Object closed
2025-12-30 13:43:47 [7608] WARN  nmq_mqtt.c:986: Indr_Pt100_client_qDeu4XLJFCDY pipe close!
2025-12-30 13:43:47 [7608] WARN  mqtt_parser.c:1339: Indr_Pt100_client_qDeu4XLJFCDY offline!
2025-12-30 13:43:47 [7608] WARN  mqtt_parser.c:1335: Indr_Pt100_client_CVtBM4jU0xYK online!
2025-12-30 13:45:20 [7608] WARN  nmq_websocket.c:160:  recv aio error Object closed
2025-12-30 13:45:20 [7608] WARN  nmq_mqtt.c:986: Indr_Pt100_client_CVtBM4jU0xYK pipe close!
2025-12-30 13:45:20 [7608] WARN  mqtt_parser.c:1339: Indr_Pt100_client_CVtBM4jU0xYK offline!
2025-12-30 13:45:20 [7608] WARN  mqtt_parser.c:1335: Indr_Pt100_client_TtmOgdptiGU6 online!
2025-12-30 13:45:22 [7608] WARN  nmq_websocket.c:160:  recv aio error Object closed
2025-12-30 13:45:22 [7608] WARN  nmq_mqtt.c:986: Indr_Pt100_client_TtmOgdptiGU6 pipe close!
2025-12-30 13:45:22 [7608] WARN  mqtt_parser.c:1339: Indr_Pt100_client_TtmOgdptiGU6 offline!
2025-12-30 13:45:22 [7608] WARN  mqtt_parser.c:1335: Indr_Pt100_client_16Nzb1yYuZFN online!
2025-12-30 13:47:41 [7608] WARN  nmq_websocket.c:160:  recv aio error Object closed
2025-12-30 13:47:41 [7608] WARN  nmq_mqtt.c:986: Indr_Pt100_client_16Nzb1yYuZFN pipe close!
2025-12-30 13:47:41 [7608] WARN  mqtt_parser.c:1339: Indr_Pt100_client_16Nzb1yYuZFN offline!
2025-12-30 13:47:41 [7608] WARN  mqtt_parser.c:1335: Indr_Pt100_client_Sdv7hDgmMbOs online!
2025-12-30 13:48:58 [7608] WARN  nmq_websocket.c:160:  recv aio error Object closed
2025-12-30 13:48:58 [7608] WARN  nmq_mqtt.c:986: Indr_Pt100_client_Sdv7hDgmMbOs pipe close!
2025-12-30 13:48:58 [7608] WARN  mqtt_parser.c:1339: Indr_Pt100_client_Sdv7hDgmMbOs offline!
2025-12-30 13:48:58 [7608] WARN  mqtt_parser.c:1335: Indr_Pt100_client_IL3mu0JzY74f online!
2025-12-30 13:49:00 [7608] WARN  nmq_websocket.c:160:  recv aio error Object closed
2025-12-30 13:49:00 [7608] WARN  nmq_mqtt.c:986: Indr_Pt100_client_IL3mu0JzY74f pipe close!
2025-12-30 13:49:00 [7608] WARN  mqtt_parser.c:1339: Indr_Pt100_client_IL3mu0JzY74f offline!
2025-12-30 13:49:00 [7608] WARN  mqtt_parser.c:1335: Indr_Pt100_client_52FCX9XGVlzJ online!
2025-12-30 13:49:04 [7608] WARN  nmq_websocket.c:160:  recv aio error Object closed
2025-12-30 13:49:04 [7608] WARN  nmq_mqtt.c:986: Indr_Pt100_client_52FCX9XGVlzJ pipe close!
2025-12-30 13:49:04 [7608] WARN  mqtt_parser.c:1339: Indr_Pt100_client_52FCX9XGVlzJ offline!
2025-12-30 13:49:04 [7608] WARN  mqtt_parser.c:1335: Indr_Pt100_client_RZU2GG5p4KKY online!
2025-12-30 13:49:07 [7608] WARN  nmq_websocket.c:160:  recv aio error Object closed
2025-12-30 13:49:07 [7608] WARN  nmq_mqtt.c:986: Indr_Pt100_client_RZU2GG5p4KKY pipe close!
2025-12-30 13:49:07 [7608] WARN  mqtt_parser.c:1339: Indr_Pt100_client_RZU2GG5p4KKY offline!
2025-12-30 13:49:07 [7608] WARN  mqtt_parser.c:1335: Indr_Pt100_client_JcD0h6f0zwZZ online!
2025-12-30 13:49:08 [7608] WARN  nmq_websocket.c:160:  recv aio error Object closed
2025-12-30 13:49:08 [7608] WARN  nmq_mqtt.c:986: Indr_Pt100_client_JcD0h6f0zwZZ pipe close!
2025-12-30 13:49:08 [7608] WARN  mqtt_parser.c:1339: Indr_Pt100_client_JcD0h6f0zwZZ offline!
2025-12-30 13:49:08 [7608] WARN  mqtt_parser.c:1335: Indr_Pt100_client_vmyEcPinSdet online!
2025-12-30 13:49:34 [7608] WARN  nmq_websocket.c:160:  recv aio error Object closed
2025-12-30 13:49:34 [7608] WARN  nmq_mqtt.c:986: Indr_Pt100_client_vmyEcPinSdet pipe close!
2025-12-30 13:49:34 [7608] WARN  mqtt_parser.c:1339: Indr_Pt100_client_vmyEcPinSdet offline!
2025-12-30 13:49:35 [7608] WARN  mqtt_parser.c:1335: Indr_Pt100_client_sb7oNJkEy1pT online!
2025-12-30 13:49:36 [7608] WARN  nmq_websocket.c:160:  recv aio error Object closed
2025-12-30 13:49:36 [7608] WARN  nmq_mqtt.c:986: Indr_Pt100_client_sb7oNJkEy1pT pipe close!
2025-12-30 13:49:36 [7608] WARN  mqtt_parser.c:1339: Indr_Pt100_client_sb7oNJkEy1pT offline!
2025-12-30 13:49:37 [7608] WARN  mqtt_parser.c:1335: Indr_Pt100_client_a6XoWJwWhCH9 online!
2025-12-30 13:51:50 [7608] WARN  nmq_websocket.c:160:  recv aio error Object closed
2025-12-30 13:51:50 [7608] WARN  nmq_mqtt.c:986: Indr_Pt100_client_a6XoWJwWhCH9 pipe close!
2025-12-30 13:51:50 [7608] WARN  mqtt_parser.c:1339: Indr_Pt100_client_a6XoWJwWhCH9 offline!
2025-12-30 13:51:50 [7608] WARN  mqtt_parser.c:1335: Indr_Pt100_client_T2fdWXNZyyhs online!
2025-12-30 13:54:01 [7608] WARN  nmq_websocket.c:160:  recv aio error Object closed
2025-12-30 13:54:01 [7608] WARN  nmq_mqtt.c:986: Indr_Pt100_client_T2fdWXNZyyhs pipe close!
2025-12-30 13:54:01 [7608] WARN  mqtt_parser.c:1339: Indr_Pt100_client_T2fdWXNZyyhs offline!
2025-12-30 13:54:01 [7608] WARN  mqtt_parser.c:1335: Indr_Pt100_client_sYZ9YyuoXNSI online!
2025-12-30 13:54:31 [7608] WARN  nmq_websocket.c:160:  recv aio error Object closed
2025-12-30 13:54:31 [7608] WARN  nmq_mqtt.c:986: Indr_Pt100_client_sYZ9YyuoXNSI pipe close!
2025-12-30 13:54:31 [7608] WARN  mqtt_parser.c:1339: Indr_Pt100_client_sYZ9YyuoXNSI offline!
2025-12-30 13:54:32 [7608] WARN  mqtt_parser.c:1335: Indr_Pt100_client_xlsEXIA2quWl online!
2025-12-30 13:54:49 [7608] WARN  nmq_websocket.c:160:  recv aio error Object closed
2025-12-30 13:54:49 [7608] WARN  nmq_mqtt.c:986: Indr_Pt100_client_xlsEXIA2quWl pipe close!
2025-12-30 13:54:49 [7608] WARN  mqtt_parser.c:1339: Indr_Pt100_client_xlsEXIA2quWl offline!
2025-12-30 13:54:49 [7608] WARN  mqtt_parser.c:1335: Indr_Pt100_client_JXBfcxqLyrAT online!
2025-12-30 13:54:55 [7608] WARN  nmq_websocket.c:160:  recv aio error Object closed
2025-12-30 13:54:55 [7608] WARN  nmq_mqtt.c:986: Indr_Pt100_client_JXBfcxqLyrAT pipe close!
2025-12-30 13:54:55 [7608] WARN  mqtt_parser.c:1339: Indr_Pt100_client_JXBfcxqLyrAT offline!
2025-12-30 13:54:55 [7608] WARN  mqtt_parser.c:1335: Indr_Pt100_client_MVPY0Y0tFapO online!
2025-12-30 13:55:00 [7608] WARN  nmq_websocket.c:160:  recv aio error Object closed
2025-12-30 13:55:00 [7608] WARN  nmq_mqtt.c:986: Indr_Pt100_client_MVPY0Y0tFapO pipe close!
2025-12-30 13:55:00 [7608] WARN  mqtt_parser.c:1339: Indr_Pt100_client_MVPY0Y0tFapO offline!
2025-12-30 13:55:00 [7608] WARN  mqtt_parser.c:1335: Indr_Pt100_client_gGxctDskwOIA online!
2025-12-30 13:55:03 [7608] WARN  nmq_websocket.c:160:  recv aio error Object closed
2025-12-30 13:55:03 [7608] WARN  nmq_mqtt.c:986: Indr_Pt100_client_gGxctDskwOIA pipe close!
2025-12-30 13:55:03 [7608] WARN  mqtt_parser.c:1339: Indr_Pt100_client_gGxctDskwOIA offline!
2025-12-30 13:55:03 [7608] WARN  mqtt_parser.c:1335: Indr_Pt100_client_LjqBn8zU9HCQ online!
2025-12-30 13:55:06 [7608] WARN  nmq_websocket.c:160:  recv aio error Object closed
2025-12-30 13:55:06 [7608] WARN  nmq_mqtt.c:986: Indr_Pt100_client_LjqBn8zU9HCQ pipe close!
2025-12-30 13:55:06 [7608] WARN  mqtt_parser.c:1339: Indr_Pt100_client_LjqBn8zU9HCQ offline!
2025-12-30 13:55:14 [7608] WARN  mqtt_parser.c:1335: Indr_Pt100_client_aiD3ATdYDo8S online!
2025-12-30 13:55:31 [7608] WARN  nmq_websocket.c:160:  recv aio error Object closed
2025-12-30 13:55:31 [7608] WARN  nmq_mqtt.c:986: Indr_Pt100_client_aiD3ATdYDo8S pipe close!
2025-12-30 13:55:31 [7608] WARN  mqtt_parser.c:1339: Indr_Pt100_client_aiD3ATdYDo8S offline!
2025-12-30 13:55:50 [7608] WARN  mqtt_parser.c:1335: Indr_Pt100_client_nHMuBzsDKSRo online!
2025-12-30 13:55:59 [7608] WARN  nmq_websocket.c:160:  recv aio error Object closed
2025-12-30 13:55:59 [7608] WARN  nmq_mqtt.c:986: Indr_Pt100_client_nHMuBzsDKSRo pipe close!
2025-12-30 13:55:59 [7608] WARN  mqtt_parser.c:1339: Indr_Pt100_client_nHMuBzsDKSRo offline!
2025-12-30 13:55:59 [7608] WARN  mqtt_parser.c:1335: Indr_Pt100_client_iPGdSagSKgJ3 online!
2025-12-30 13:56:58 [7608] WARN  nmq_websocket.c:160:  recv aio error Object closed
2025-12-30 13:56:58 [7608] WARN  nmq_mqtt.c:986: Indr_Pt100_client_iPGdSagSKgJ3 pipe close!
2025-12-30 13:56:58 [7608] WARN  mqtt_parser.c:1339: Indr_Pt100_client_iPGdSagSKgJ3 offline!
2025-12-30 13:56:58 [7608] WARN  mqtt_parser.c:1335: Indr_Pt100_client_KAKZhW5OVAZD online!
2025-12-30 13:57:12 [7608] WARN  nmq_websocket.c:160:  recv aio error Object closed
2025-12-30 13:57:12 [7608] WARN  nmq_mqtt.c:986: Indr_Pt100_client_KAKZhW5OVAZD pipe close!
2025-12-30 13:57:12 [7608] WARN  mqtt_parser.c:1339: Indr_Pt100_client_KAKZhW5OVAZD offline!
2025-12-30 13:57:20 [7608] WARN  mqtt_parser.c:1335: Indr_Pt100_client_n4OMUp8uSjP3 online!
2025-12-30 13:57:24 [7608] WARN  nmq_websocket.c:160:  recv aio error Object closed
2025-12-30 13:57:24 [7608] WARN  nmq_mqtt.c:986: Indr_Pt100_client_n4OMUp8uSjP3 pipe close!
2025-12-30 13:57:24 [7608] WARN  mqtt_parser.c:1339: Indr_Pt100_client_n4OMUp8uSjP3 offline!
2025-12-30 13:57:24 [7608] WARN  mqtt_parser.c:1335: Indr_Pt100_client_LSv2B7PsOJpf online!
2025-12-30 13:57:29 [7608] WARN  nmq_websocket.c:160:  recv aio error Object closed
2025-12-30 13:57:29 [7608] WARN  nmq_mqtt.c:986: Indr_Pt100_client_LSv2B7PsOJpf pipe close!
2025-12-30 13:57:29 [7608] WARN  mqtt_parser.c:1339: Indr_Pt100_client_LSv2B7PsOJpf offline!
2025-12-30 13:57:32 [7608] WARN  mqtt_parser.c:1335: Indr_Pt100_client_fjK1DpFhRSIO online!
2025-12-30 13:57:38 [7608] WARN  nmq_websocket.c:160:  recv aio error Object closed
2025-12-30 13:57:38 [7608] WARN  nmq_mqtt.c:986: Indr_Pt100_client_fjK1DpFhRSIO pipe close!
2025-12-30 13:57:38 [7608] WARN  mqtt_parser.c:1339: Indr_Pt100_client_fjK1DpFhRSIO offline!
2025-12-30 13:57:39 [7608] WARN  mqtt_parser.c:1335: Indr_Pt100_client_nQYSdZPIdzv2 online!
2025-12-30 13:57:43 [7608] WARN  nmq_websocket.c:160:  recv aio error Object closed
2025-12-30 13:57:43 [7608] WARN  nmq_mqtt.c:986: Indr_Pt100_client_nQYSdZPIdzv2 pipe close!
2025-12-30 13:57:43 [7608] WARN  mqtt_parser.c:1339: Indr_Pt100_client_nQYSdZPIdzv2 offline!
2025-12-30 13:57:44 [7608] WARN  mqtt_parser.c:1335: Indr_Pt100_client_PPMm9p2aRZeA online!
2025-12-30 13:57:46 [7608] WARN  nmq_websocket.c:160:  recv aio error Object closed
2025-12-30 13:57:46 [7608] WARN  nmq_mqtt.c:986: Indr_Pt100_client_PPMm9p2aRZeA pipe close!
2025-12-30 13:57:46 [7608] WARN  mqtt_parser.c:1339: Indr_Pt100_client_PPMm9p2aRZeA offline!
2025-12-30 13:57:46 [7608] WARN  mqtt_parser.c:1335: Indr_Pt100_client_7CcpPJqfPasO online!
2025-12-30 13:57:50 [7608] WARN  nmq_websocket.c:160:  recv aio error Object closed
2025-12-30 13:57:50 [7608] WARN  nmq_mqtt.c:986: Indr_Pt100_client_7CcpPJqfPasO pipe close!
2025-12-30 13:57:50 [7608] WARN  mqtt_parser.c:1339: Indr_Pt100_client_7CcpPJqfPasO offline!
2025-12-30 13:57:50 [7608] WARN  mqtt_parser.c:1335: Indr_Pt100_client_XTvBVNXHsWlZ online!
2025-12-30 13:57:54 [7608] WARN  nmq_websocket.c:160:  recv aio error Object closed
2025-12-30 13:57:54 [7608] WARN  nmq_mqtt.c:986: Indr_Pt100_client_XTvBVNXHsWlZ pipe close!
2025-12-30 13:57:54 [7608] WARN  mqtt_parser.c:1339: Indr_Pt100_client_XTvBVNXHsWlZ offline!
2025-12-30 13:57:54 [7608] WARN  mqtt_parser.c:1335: Indr_Pt100_client_oqg8RDh2p4La online!
2025-12-30 13:57:59 [7608] WARN  nmq_websocket.c:160:  recv aio error Object closed
2025-12-30 13:57:59 [7608] WARN  nmq_mqtt.c:986: Indr_Pt100_client_oqg8RDh2p4La pipe close!
2025-12-30 13:57:59 [7608] WARN  mqtt_parser.c:1339: Indr_Pt100_client_oqg8RDh2p4La offline!
2025-12-30 13:58:02 [7608] WARN  mqtt_parser.c:1335: Indr_Pt100_client_EUeiDoPJUd8s online!
2025-12-30 13:58:03 [7608] WARN  nmq_websocket.c:160:  recv aio error Object closed
2025-12-30 13:58:03 [7608] WARN  nmq_mqtt.c:986: Indr_Pt100_client_EUeiDoPJUd8s pipe close!
2025-12-30 13:58:03 [7608] WARN  mqtt_parser.c:1339: Indr_Pt100_client_EUeiDoPJUd8s offline!
2025-12-30 13:58:04 [7608] WARN  mqtt_parser.c:1335: Indr_Pt100_client_PQ6rvbI7jsWd online!
2025-12-30 13:58:05 [7608] WARN  nmq_websocket.c:160:  recv aio error Object closed
2025-12-30 13:58:05 [7608] WARN  nmq_mqtt.c:986: Indr_Pt100_client_PQ6rvbI7jsWd pipe close!
2025-12-30 13:58:05 [7608] WARN  mqtt_parser.c:1339: Indr_Pt100_client_PQ6rvbI7jsWd offline!
2025-12-30 13:58:10 [7608] WARN  mqtt_parser.c:1335: Indr_Pt100_client_W7tJ8rPrmZUi online!
2025-12-30 13:58:13 [7608] WARN  nmq_websocket.c:160:  recv aio error Object closed
2025-12-30 13:58:13 [7608] WARN  nmq_mqtt.c:986: Indr_Pt100_client_W7tJ8rPrmZUi pipe close!
2025-12-30 13:58:13 [7608] WARN  mqtt_parser.c:1339: Indr_Pt100_client_W7tJ8rPrmZUi offline!
2025-12-30 13:58:13 [7608] WARN  mqtt_parser.c:1335: Indr_Pt100_client_mixNGCkpYPEd online!
2025-12-30 13:58:18 [7608] WARN  nmq_websocket.c:160:  recv aio error Object closed
2025-12-30 13:58:18 [7608] WARN  nmq_mqtt.c:986: Indr_Pt100_client_mixNGCkpYPEd pipe close!
2025-12-30 13:58:18 [7608] WARN  mqtt_parser.c:1339: Indr_Pt100_client_mixNGCkpYPEd offline!
2025-12-30 13:58:22 [7608] WARN  mqtt_parser.c:1335: Indr_Pt100_client_eiyx8ceRHw9e online!
2025-12-30 14:18:39 [7608] WARN  nmq_websocket.c:160:  recv aio error Object closed
2025-12-30 14:18:39 [7608] WARN  nmq_mqtt.c:986: Indr_Pt100_client_eiyx8ceRHw9e pipe close!
2025-12-30 14:18:39 [7608] WARN  mqtt_parser.c:1339: Indr_Pt100_client_eiyx8ceRHw9e offline!
2025-12-30 14:18:40 [7608] WARN  mqtt_parser.c:1335: Indr_Pt100_client_iH6pdSyeBUAJ online!
2025-12-30 14:19:08 [7608] WARN  nmq_websocket.c:160:  recv aio error Object closed
2025-12-30 14:19:08 [7608] WARN  nmq_mqtt.c:986: Indr_Pt100_client_iH6pdSyeBUAJ pipe close!
2025-12-30 14:19:08 [7608] WARN  mqtt_parser.c:1339: Indr_Pt100_client_iH6pdSyeBUAJ offline!
2025-12-30 14:19:08 [7608] WARN  mqtt_parser.c:1335: Indr_Pt100_client_qih3PQnwfPha online!
2025-12-30 14:19:31 [7608] WARN  nmq_websocket.c:160:  recv aio error Object closed
2025-12-30 14:19:31 [7608] WARN  nmq_mqtt.c:986: Indr_Pt100_client_qih3PQnwfPha pipe close!
2025-12-30 14:19:31 [7608] WARN  mqtt_parser.c:1339: Indr_Pt100_client_qih3PQnwfPha offline!
2025-12-30 14:19:31 [7608] WARN  mqtt_parser.c:1335: Indr_Pt100_client_9gPZjWulZc9f online!
2025-12-30 14:22:49 [7608] WARN  nmq_websocket.c:160:  recv aio error Object closed
2025-12-30 14:22:49 [7608] WARN  nmq_mqtt.c:986: Indr_Pt100_client_9gPZjWulZc9f pipe close!
2025-12-30 14:22:49 [7608] WARN  mqtt_parser.c:1339: Indr_Pt100_client_9gPZjWulZc9f offline!
2025-12-30 14:22:49 [7608] WARN  mqtt_parser.c:1335: Indr_Pt100_client_ltXQAKgApd9z online!
2025-12-30 14:22:52 [7608] WARN  nmq_websocket.c:160:  recv aio error Object closed
2025-12-30 14:22:52 [7608] WARN  nmq_mqtt.c:986: Indr_Pt100_client_ltXQAKgApd9z pipe close!
2025-12-30 14:22:52 [7608] WARN  mqtt_parser.c:1339: Indr_Pt100_client_ltXQAKgApd9z offline!
2025-12-30 14:22:52 [7608] WARN  mqtt_parser.c:1335: Indr_Pt100_client_SMmqOztKgOrh online!
2025-12-30 14:22:54 [7608] WARN  nmq_websocket.c:160:  recv aio error Object closed
2025-12-30 14:22:54 [7608] WARN  nmq_mqtt.c:986: Indr_Pt100_client_SMmqOztKgOrh pipe close!
2025-12-30 14:22:54 [7608] WARN  mqtt_parser.c:1339: Indr_Pt100_client_SMmqOztKgOrh offline!
2025-12-30 14:22:54 [7608] WARN  mqtt_parser.c:1335: Indr_Pt100_client_XOAczc0BcxF1 online!
2025-12-30 14:22:59 [7608] WARN  nmq_websocket.c:160:  recv aio error Object closed
2025-12-30 14:22:59 [7608] WARN  nmq_mqtt.c:986: Indr_Pt100_client_XOAczc0BcxF1 pipe close!
2025-12-30 14:22:59 [7608] WARN  mqtt_parser.c:1339: Indr_Pt100_client_XOAczc0BcxF1 offline!
2025-12-30 14:22:59 [7608] WARN  mqtt_parser.c:1335: Indr_Pt100_client_0C2xphRIbGFP online!
2025-12-30 14:23:42 [7608] WARN  nmq_websocket.c:160:  recv aio error Object closed
2025-12-30 14:23:42 [7608] WARN  nmq_mqtt.c:986: Indr_Pt100_client_0C2xphRIbGFP pipe close!
2025-12-30 14:23:42 [7608] WARN  mqtt_parser.c:1339: Indr_Pt100_client_0C2xphRIbGFP offline!
2025-12-30 14:23:42 [7608] WARN  mqtt_parser.c:1335: Indr_Pt100_client_ujdt7wMtmLTg online!
2025-12-30 14:24:18 [7608] WARN  nmq_websocket.c:160:  recv aio error Object closed
2025-12-30 14:24:18 [7608] WARN  nmq_mqtt.c:986: Indr_Pt100_client_ujdt7wMtmLTg pipe close!
2025-12-30 14:24:18 [7608] WARN  mqtt_parser.c:1339: Indr_Pt100_client_ujdt7wMtmLTg offline!
2025-12-30 14:24:29 [7608] WARN  mqtt_parser.c:1335: Indr_Pt100_client_C0unxskcrxwG online!
2025-12-30 14:25:26 [7608] WARN  nmq_websocket.c:160:  recv aio error Object closed
2025-12-30 14:25:26 [7608] WARN  nmq_mqtt.c:986: Indr_Pt100_client_C0unxskcrxwG pipe close!
2025-12-30 14:25:26 [7608] WARN  mqtt_parser.c:1339: Indr_Pt100_client_C0unxskcrxwG offline!
2025-12-30 14:25:26 [7608] WARN  mqtt_parser.c:1335: Indr_Pt100_client_uDaFOYnuoDuI online!
2025-12-30 14:26:13 [7608] WARN  nmq_websocket.c:160:  recv aio error Object closed
2025-12-30 14:26:13 [7608] WARN  nmq_mqtt.c:986: Indr_Pt100_client_uDaFOYnuoDuI pipe close!
2025-12-30 14:26:13 [7608] WARN  mqtt_parser.c:1339: Indr_Pt100_client_uDaFOYnuoDuI offline!
2025-12-30 14:26:13 [7608] WARN  mqtt_parser.c:1335: Indr_Pt100_client_yIDmuEHyFlaG online!
2025-12-30 14:26:15 [7608] WARN  nmq_websocket.c:160:  recv aio error Object closed
2025-12-30 14:26:15 [7608] WARN  nmq_mqtt.c:986: Indr_Pt100_client_yIDmuEHyFlaG pipe close!
2025-12-30 14:26:15 [7608] WARN  mqtt_parser.c:1339: Indr_Pt100_client_yIDmuEHyFlaG offline!
2025-12-30 14:26:15 [7608] WARN  mqtt_parser.c:1335: Indr_Pt100_client_gKcVgL3JHttL online!
2025-12-30 14:26:18 [7608] WARN  nmq_websocket.c:160:  recv aio error Object closed
2025-12-30 14:26:18 [7608] WARN  nmq_mqtt.c:986: Indr_Pt100_client_gKcVgL3JHttL pipe close!
2025-12-30 14:26:18 [7608] WARN  mqtt_parser.c:1339: Indr_Pt100_client_gKcVgL3JHttL offline!
2025-12-30 14:26:18 [7608] WARN  mqtt_parser.c:1335: Indr_Pt100_client_y2cYpS6Cqyj6 online!
2025-12-30 14:26:20 [7608] WARN  nmq_websocket.c:160:  recv aio error Object closed
2025-12-30 14:26:20 [7608] WARN  nmq_mqtt.c:986: Indr_Pt100_client_y2cYpS6Cqyj6 pipe close!
2025-12-30 14:26:20 [7608] WARN  mqtt_parser.c:1339: Indr_Pt100_client_y2cYpS6Cqyj6 offline!
2025-12-30 14:26:21 [7608] WARN  mqtt_parser.c:1335: Indr_Pt100_client_b1T8XCHMJpEK online!
2025-12-30 14:26:22 [7608] WARN  nmq_websocket.c:160:  recv aio error Object closed
2025-12-30 14:26:22 [7608] WARN  nmq_mqtt.c:986: Indr_Pt100_client_b1T8XCHMJpEK pipe close!
2025-12-30 14:26:22 [7608] WARN  mqtt_parser.c:1339: Indr_Pt100_client_b1T8XCHMJpEK offline!
2025-12-30 14:26:22 [7608] WARN  mqtt_parser.c:1335: Indr_Pt100_client_fwFoOt4T2Cap online!
2025-12-30 14:26:24 [7608] WARN  nmq_websocket.c:160:  recv aio error Object closed
2025-12-30 14:26:24 [7608] WARN  nmq_mqtt.c:986: Indr_Pt100_client_fwFoOt4T2Cap pipe close!
2025-12-30 14:26:24 [7608] WARN  mqtt_parser.c:1339: Indr_Pt100_client_fwFoOt4T2Cap offline!
2025-12-30 14:26:24 [7608] WARN  mqtt_parser.c:1335: Indr_Pt100_client_EsBAJ9rJEWuQ online!
2025-12-30 14:26:26 [7608] WARN  nmq_websocket.c:160:  recv aio error Object closed
2025-12-30 14:26:26 [7608] WARN  nmq_mqtt.c:986: Indr_Pt100_client_EsBAJ9rJEWuQ pipe close!
2025-12-30 14:26:26 [7608] WARN  mqtt_parser.c:1339: Indr_Pt100_client_EsBAJ9rJEWuQ offline!
2025-12-30 14:26:26 [7608] WARN  mqtt_parser.c:1335: Indr_Pt100_client_RfvnWUcum9jo online!
2025-12-30 14:26:29 [7608] WARN  nmq_websocket.c:160:  recv aio error Object closed
2025-12-30 14:26:29 [7608] WARN  nmq_mqtt.c:986: Indr_Pt100_client_RfvnWUcum9jo pipe close!
2025-12-30 14:26:29 [7608] WARN  mqtt_parser.c:1339: Indr_Pt100_client_RfvnWUcum9jo offline!
2025-12-30 14:26:29 [7608] WARN  mqtt_parser.c:1335: Indr_Pt100_client_7Xrr0ByzYkQT online!
2025-12-30 14:26:35 [7608] WARN  nmq_websocket.c:160:  recv aio error Object closed
2025-12-30 14:26:35 [7608] WARN  nmq_mqtt.c:986: Indr_Pt100_client_7Xrr0ByzYkQT pipe close!
2025-12-30 14:26:35 [7608] WARN  mqtt_parser.c:1339: Indr_Pt100_client_7Xrr0ByzYkQT offline!
2025-12-30 14:26:36 [7608] WARN  mqtt_parser.c:1335: Indr_Pt100_client_Js6C1zVrvQmE online!
2025-12-30 14:26:39 [7608] WARN  nmq_websocket.c:160:  recv aio error Object closed
2025-12-30 14:26:39 [7608] WARN  nmq_mqtt.c:986: Indr_Pt100_client_Js6C1zVrvQmE pipe close!
2025-12-30 14:26:39 [7608] WARN  mqtt_parser.c:1339: Indr_Pt100_client_Js6C1zVrvQmE offline!
2025-12-30 14:26:39 [7608] WARN  mqtt_parser.c:1335: Indr_Pt100_client_oi8gK7tPFvr3 online!
2025-12-30 14:26:56 [7608] WARN  nmq_websocket.c:160:  recv aio error Object closed
2025-12-30 14:26:56 [7608] WARN  nmq_mqtt.c:986: Indr_Pt100_client_oi8gK7tPFvr3 pipe close!
2025-12-30 14:26:56 [7608] WARN  mqtt_parser.c:1339: Indr_Pt100_client_oi8gK7tPFvr3 offline!
2025-12-30 14:26:56 [7608] WARN  mqtt_parser.c:1335: Indr_Pt100_client_CkrPlgWXn7KS online!
2025-12-30 14:27:03 [7608] WARN  nmq_websocket.c:160:  recv aio error Object closed
2025-12-30 14:27:03 [7608] WARN  nmq_mqtt.c:986: Indr_Pt100_client_CkrPlgWXn7KS pipe close!
2025-12-30 14:27:03 [7608] WARN  mqtt_parser.c:1339: Indr_Pt100_client_CkrPlgWXn7KS offline!
2025-12-30 14:27:03 [7608] WARN  mqtt_parser.c:1335: Indr_Pt100_client_XIseO1SyMQ77 online!
2025-12-30 15:05:24 [7608] WARN  nmq_websocket.c:160:  recv aio error Object closed
2025-12-30 15:05:24 [7608] WARN  nmq_mqtt.c:986: Indr_Pt100_client_XIseO1SyMQ77 pipe close!
2025-12-30 15:05:24 [7608] WARN  mqtt_parser.c:1339: Indr_Pt100_client_XIseO1SyMQ77 offline!
2025-12-30 15:05:24 [7608] WARN  mqtt_parser.c:1335: Indr_Pt100_client_BWFIvZkdhipA online!
2025-12-30 15:05:29 [7608] WARN  nmq_websocket.c:160:  recv aio error Object closed
2025-12-30 15:05:29 [7608] WARN  nmq_mqtt.c:986: Indr_Pt100_client_BWFIvZkdhipA pipe close!
2025-12-30 15:05:29 [7608] WARN  mqtt_parser.c:1339: Indr_Pt100_client_BWFIvZkdhipA offline!
2025-12-30 15:05:29 [7608] WARN  mqtt_parser.c:1335: Indr_Pt100_client_dPpjJpxwTk9K online!
2025-12-30 15:05:32 [7608] WARN  nmq_websocket.c:160:  recv aio error Object closed
2025-12-30 15:05:32 [7608] WARN  nmq_mqtt.c:986: Indr_Pt100_client_dPpjJpxwTk9K pipe close!
2025-12-30 15:05:32 [7608] WARN  mqtt_parser.c:1339: Indr_Pt100_client_dPpjJpxwTk9K offline!
2025-12-30 15:05:32 [7608] WARN  mqtt_parser.c:1335: Indr_Pt100_client_ylp1fB6HQThQ online!
2025-12-30 15:05:38 [7608] WARN  nmq_websocket.c:160:  recv aio error Object closed
2025-12-30 15:05:38 [7608] WARN  nmq_mqtt.c:986: Indr_Pt100_client_ylp1fB6HQThQ pipe close!
2025-12-30 15:05:38 [7608] WARN  mqtt_parser.c:1339: Indr_Pt100_client_ylp1fB6HQThQ offline!
2025-12-30 15:05:38 [7608] WARN  mqtt_parser.c:1335: Indr_Pt100_client_A6I4GHncBfNG online!
2025-12-30 15:05:52 [7608] WARN  nmq_websocket.c:160:  recv aio error Object closed
2025-12-30 15:05:52 [7608] WARN  nmq_mqtt.c:986: Indr_Pt100_client_A6I4GHncBfNG pipe close!
2025-12-30 15:05:52 [7608] WARN  mqtt_parser.c:1339: Indr_Pt100_client_A6I4GHncBfNG offline!
2025-12-30 15:05:52 [7608] WARN  mqtt_parser.c:1335: Indr_Pt100_client_3TN45MegN4fB online!
2025-12-30 15:07:27 [7608] WARN  nmq_websocket.c:160:  recv aio error Object closed
2025-12-30 15:07:27 [7608] WARN  nmq_mqtt.c:986: Indr_Pt100_client_3TN45MegN4fB pipe close!
2025-12-30 15:07:27 [7608] WARN  mqtt_parser.c:1339: Indr_Pt100_client_3TN45MegN4fB offline!
2025-12-30 15:07:28 [7608] WARN  mqtt_parser.c:1335: Indr_Pt100_client_OCJNHtNodSoX online!
2025-12-30 15:07:46 [7608] WARN  nmq_websocket.c:160:  recv aio error Object closed
2025-12-30 15:07:46 [7608] WARN  nmq_mqtt.c:986: Indr_Pt100_client_OCJNHtNodSoX pipe close!
2025-12-30 15:07:46 [7608] WARN  mqtt_parser.c:1339: Indr_Pt100_client_OCJNHtNodSoX offline!
2025-12-30 15:07:47 [7608] WARN  mqtt_parser.c:1335: Indr_Pt100_client_iD0hzb9YNrZJ online!
2025-12-30 15:08:03 [7608] WARN  nmq_websocket.c:160:  recv aio error Object closed
2025-12-30 15:08:03 [7608] WARN  nmq_mqtt.c:986: Indr_Pt100_client_iD0hzb9YNrZJ pipe close!
2025-12-30 15:08:03 [7608] WARN  mqtt_parser.c:1339: Indr_Pt100_client_iD0hzb9YNrZJ offline!
2025-12-30 15:08:03 [7608] WARN  mqtt_parser.c:1335: Indr_Pt100_client_OQ46pi3Gq3r4 online!
2025-12-30 15:08:07 [7608] WARN  nmq_websocket.c:160:  recv aio error Object closed
2025-12-30 15:08:07 [7608] WARN  nmq_mqtt.c:986: Indr_Pt100_client_OQ46pi3Gq3r4 pipe close!
2025-12-30 15:08:07 [7608] WARN  mqtt_parser.c:1339: Indr_Pt100_client_OQ46pi3Gq3r4 offline!
2025-12-30 15:08:07 [7608] WARN  mqtt_parser.c:1335: Indr_Pt100_client_wMknE6VoFG6N online!
2025-12-30 15:09:37 [7608] WARN  nmq_websocket.c:160:  recv aio error Object closed
2025-12-30 15:09:37 [7608] WARN  nmq_mqtt.c:986: Indr_Pt100_client_wMknE6VoFG6N pipe close!
2025-12-30 15:09:37 [7608] WARN  mqtt_parser.c:1339: Indr_Pt100_client_wMknE6VoFG6N offline!
2025-12-30 15:09:38 [7608] WARN  mqtt_parser.c:1335: Indr_Pt100_client_2b1WBJkPSpHn online!
2025-12-30 15:12:32 [7608] WARN  nmq_websocket.c:160:  recv aio error Object closed
2025-12-30 15:12:32 [7608] WARN  nmq_mqtt.c:986: Indr_Pt100_client_2b1WBJkPSpHn pipe close!
2025-12-30 15:12:32 [7608] WARN  mqtt_parser.c:1339: Indr_Pt100_client_2b1WBJkPSpHn offline!
2025-12-30 15:12:33 [7608] WARN  mqtt_parser.c:1335: Indr_Pt100_client_SK8lT9KgYoii online!
2025-12-30 15:12:38 [7608] WARN  nmq_websocket.c:160:  recv aio error Object closed
2025-12-30 15:12:38 [7608] WARN  nmq_mqtt.c:986: Indr_Pt100_client_SK8lT9KgYoii pipe close!
2025-12-30 15:12:38 [7608] WARN  mqtt_parser.c:1339: Indr_Pt100_client_SK8lT9KgYoii offline!
2025-12-30 15:12:38 [7608] WARN  mqtt_parser.c:1335: Indr_Pt100_client_wmuIAqk321oy online!
2025-12-30 15:12:41 [7608] WARN  nmq_websocket.c:160:  recv aio error Object closed
2025-12-30 15:12:41 [7608] WARN  nmq_mqtt.c:986: Indr_Pt100_client_wmuIAqk321oy pipe close!
2025-12-30 15:12:41 [7608] WARN  mqtt_parser.c:1339: Indr_Pt100_client_wmuIAqk321oy offline!
2025-12-30 15:12:41 [7608] WARN  mqtt_parser.c:1335: Indr_Pt100_client_A7Y7rcDS6i0w online!
2025-12-30 15:12:43 [7608] WARN  nmq_websocket.c:160:  recv aio error Object closed
2025-12-30 15:12:43 [7608] WARN  nmq_mqtt.c:986: Indr_Pt100_client_A7Y7rcDS6i0w pipe close!
2025-12-30 15:12:43 [7608] WARN  mqtt_parser.c:1339: Indr_Pt100_client_A7Y7rcDS6i0w offline!
2025-12-30 15:12:43 [7608] WARN  mqtt_parser.c:1335: Indr_Pt100_client_aPFwkIYKlAkK online!
2025-12-30 15:13:42 [7608] WARN  nmq_websocket.c:160:  recv aio error Object closed
2025-12-30 15:13:42 [7608] WARN  nmq_mqtt.c:986: Indr_Pt100_client_aPFwkIYKlAkK pipe close!
2025-12-30 15:13:42 [7608] WARN  mqtt_parser.c:1339: Indr_Pt100_client_aPFwkIYKlAkK offline!
2025-12-30 15:13:43 [7608] WARN  mqtt_parser.c:1335: Indr_Pt100_client_1wPMWCCoSY92 online!
2025-12-30 15:14:01 [7608] WARN  nmq_websocket.c:160:  recv aio error Object closed
2025-12-30 15:14:01 [7608] WARN  nmq_mqtt.c:986: Indr_Pt100_client_1wPMWCCoSY92 pipe close!
2025-12-30 15:14:01 [7608] WARN  mqtt_parser.c:1339: Indr_Pt100_client_1wPMWCCoSY92 offline!
2025-12-30 15:14:01 [7608] WARN  mqtt_parser.c:1335: Indr_Pt100_client_mkFpcphytJtV online!
2025-12-30 15:45:38 [7608] WARN  nmq_websocket.c:160:  recv aio error Object closed
2025-12-30 15:45:38 [7608] WARN  nmq_mqtt.c:986: Indr_Pt100_client_mkFpcphytJtV pipe close!
2025-12-30 15:45:38 [7608] WARN  mqtt_parser.c:1339: Indr_Pt100_client_mkFpcphytJtV offline!
2025-12-30 15:45:38 [7608] WARN  mqtt_parser.c:1335: Indr_Pt100_client_PXgfrZcuPwR6 online!
2025-12-30 15:45:42 [7608] WARN  nmq_websocket.c:160:  recv aio error Object closed
2025-12-30 15:45:42 [7608] WARN  nmq_mqtt.c:986: Indr_Pt100_client_PXgfrZcuPwR6 pipe close!
2025-12-30 15:45:42 [7608] WARN  mqtt_parser.c:1339: Indr_Pt100_client_PXgfrZcuPwR6 offline!
2025-12-30 15:45:43 [7608] WARN  mqtt_parser.c:1335: Indr_Pt100_client_zMrl7KZNotxc online!
2025-12-30 15:45:48 [7608] WARN  nmq_websocket.c:160:  recv aio error Object closed
2025-12-30 15:45:48 [7608] WARN  nmq_mqtt.c:986: Indr_Pt100_client_zMrl7KZNotxc pipe close!
2025-12-30 15:45:48 [7608] WARN  mqtt_parser.c:1339: Indr_Pt100_client_zMrl7KZNotxc offline!
2025-12-30 15:45:48 [7608] WARN  mqtt_parser.c:1335: Indr_Pt100_client_CGKm5wo7uoRw online!
2025-12-30 16:15:10 [7608] WARN  nmq_websocket.c:160:  recv aio error Object closed
2025-12-30 16:15:10 [7608] WARN  nmq_mqtt.c:986: Indr_Pt100_client_CGKm5wo7uoRw pipe close!
2025-12-30 16:15:10 [7608] WARN  mqtt_parser.c:1339: Indr_Pt100_client_CGKm5wo7uoRw offline!
2025-12-30 16:15:10 [7608] WARN  mqtt_parser.c:1335: Indr_Pt100_client_1APw68ytZXpT online!
2025-12-30 16:16:31 [7608] WARN  nmq_websocket.c:160:  recv aio error Object closed
2025-12-30 16:16:31 [7608] WARN  nmq_mqtt.c:986: Indr_Pt100_client_1APw68ytZXpT pipe close!
2025-12-30 16:16:31 [7608] WARN  mqtt_parser.c:1339: Indr_Pt100_client_1APw68ytZXpT offline!
2025-12-30 16:16:32 [7608] WARN  mqtt_parser.c:1335: Indr_Pt100_client_iUlxYVfo64G5 online!
2025-12-30 16:16:33 [7608] WARN  nmq_websocket.c:160:  recv aio error Object closed
2025-12-30 16:16:33 [7608] WARN  nmq_mqtt.c:986: Indr_Pt100_client_iUlxYVfo64G5 pipe close!
2025-12-30 16:16:33 [7608] WARN  mqtt_parser.c:1339: Indr_Pt100_client_iUlxYVfo64G5 offline!
2025-12-30 16:16:33 [7608] WARN  mqtt_parser.c:1335: Indr_Pt100_client_wuIAYoXSFKRp online!
2025-12-30 16:16:35 [7608] WARN  nmq_websocket.c:160:  recv aio error Object closed
2025-12-30 16:16:35 [7608] WARN  nmq_mqtt.c:986: Indr_Pt100_client_wuIAYoXSFKRp pipe close!
2025-12-30 16:16:35 [7608] WARN  mqtt_parser.c:1339: Indr_Pt100_client_wuIAYoXSFKRp offline!
2025-12-30 16:16:36 [7608] WARN  mqtt_parser.c:1335: Indr_Pt100_client_ozhTNjFhBpzQ online!
2025-12-30 16:16:37 [7608] WARN  nmq_websocket.c:160:  recv aio error Object closed
2025-12-30 16:16:37 [7608] WARN  nmq_mqtt.c:986: Indr_Pt100_client_ozhTNjFhBpzQ pipe close!
2025-12-30 16:16:37 [7608] WARN  mqtt_parser.c:1339: Indr_Pt100_client_ozhTNjFhBpzQ offline!
2025-12-30 16:16:37 [7608] WARN  mqtt_parser.c:1335: Indr_Pt100_client_e0ADFiFZbzSG online!
2025-12-30 16:17:16 [7608] WARN  nmq_websocket.c:160:  recv aio error Object closed
2025-12-30 16:17:16 [7608] WARN  nmq_mqtt.c:986: Indr_Pt100_client_e0ADFiFZbzSG pipe close!
2025-12-30 16:17:16 [7608] WARN  mqtt_parser.c:1339: Indr_Pt100_client_e0ADFiFZbzSG offline!
2025-12-30 16:17:16 [7608] WARN  mqtt_parser.c:1335: Indr_Pt100_client_HvMHjT5wQ90k online!
2025-12-30 16:18:01 [7608] WARN  nmq_websocket.c:160:  recv aio error Object closed
2025-12-30 16:18:01 [7608] WARN  nmq_mqtt.c:986: Indr_Pt100_client_HvMHjT5wQ90k pipe close!
2025-12-30 16:18:01 [7608] WARN  mqtt_parser.c:1339: Indr_Pt100_client_HvMHjT5wQ90k offline!
2025-12-30 16:18:01 [7608] WARN  mqtt_parser.c:1335: Indr_Pt100_client_JbQl6JhwK4nk online!
2025-12-30 18:05:38 [7608] WARN  nmq_websocket.c:160:  recv aio error Object closed
2025-12-30 18:05:38 [7608] WARN  nmq_mqtt.c:986: Indr_Pt100_client_JbQl6JhwK4nk pipe close!
2025-12-30 18:05:38 [7608] WARN  mqtt_parser.c:1339: Indr_Pt100_client_JbQl6JhwK4nk offline!
2025-12-30 18:05:47 [7608] WARN  broker_tcp.c:683: nni aio recv error!! Unknown error #64

2025-12-30 18:05:47 [7608] WARN  broker_tcp.c:974: tcptran_pipe_recv_cb: recv_error rv: 128

2025-12-30 18:05:47 [7608] WARN  nmq_mqtt.c:986: mqtt-explorer-8f78055a pipe close!
2025-12-30 18:05:47 [7608] WARN  mqtt_parser.c:1339: mqtt-explorer-8f78055a offline!
2025-12-30 18:05:47 [7608] WARN  nmq_mqtt.c:431: pipe id 2016390686 is gone, pub failed
2025-12-31 08:42:38 [7608] WARN  mqtt_parser.c:1335: Indr_Pt100_client_2OUIiYA5mLgZ online!
2025-12-31 08:57:15 [7608] WARN  nmq_websocket.c:160:  recv aio error Object closed
2025-12-31 08:57:15 [7608] WARN  nmq_mqtt.c:986: Indr_Pt100_client_2OUIiYA5mLgZ pipe close!
2025-12-31 08:57:15 [7608] WARN  mqtt_parser.c:1339: Indr_Pt100_client_2OUIiYA5mLgZ offline!
2025-12-31 08:57:16 [7608] WARN  mqtt_parser.c:1335: Indr_Pt100_client_nTqqkWscvzUc online!
2025-12-31 11:30:46 [7608] WARN  nmq_websocket.c:160:  recv aio error Object closed
2025-12-31 11:30:46 [7608] WARN  nmq_mqtt.c:986: Indr_Pt100_client_nTqqkWscvzUc pipe close!
2025-12-31 11:30:46 [7608] WARN  mqtt_parser.c:1339: Indr_Pt100_client_nTqqkWscvzUc offline!
2025-12-31 11:30:46 [7608] WARN  mqtt_parser.c:1335: Indr_Pt100_client_w9rBMNnBMiIh online!
2025-12-31 11:30:49 [7608] WARN  nmq_websocket.c:160:  recv aio error Object closed
2025-12-31 11:30:49 [7608] WARN  nmq_mqtt.c:986: Indr_Pt100_client_w9rBMNnBMiIh pipe close!
2025-12-31 11:30:49 [7608] WARN  mqtt_parser.c:1339: Indr_Pt100_client_w9rBMNnBMiIh offline!
2025-12-31 11:30:49 [7608] WARN  mqtt_parser.c:1335: Indr_Pt100_client_mJKwP6EHN6GK online!
2025-12-31 11:31:08 [7608] WARN  nmq_websocket.c:160:  recv aio error Object closed
2025-12-31 11:31:08 [7608] WARN  nmq_mqtt.c:986: Indr_Pt100_client_mJKwP6EHN6GK pipe close!
2025-12-31 11:31:08 [7608] WARN  mqtt_parser.c:1339: Indr_Pt100_client_mJKwP6EHN6GK offline!
2025-12-31 11:31:08 [7608] WARN  mqtt_parser.c:1335: Indr_Pt100_client_Kl9JgRKjaSk5 online!
2025-12-31 11:34:11 [7608] WARN  mqtt_parser.c:1335: mqtt-explorer-8f78055a online!
2025-12-31 11:36:59 [7608] WARN  nmq_websocket.c:160:  recv aio error Object closed
2025-12-31 11:36:59 [7608] WARN  nmq_mqtt.c:986: Indr_Pt100_client_Kl9JgRKjaSk5 pipe close!
2025-12-31 11:36:59 [7608] WARN  mqtt_parser.c:1339: Indr_Pt100_client_Kl9JgRKjaSk5 offline!
2025-12-31 11:36:59 [7608] WARN  mqtt_parser.c:1335: Indr_Pt100_client_qI2GdHMwH7uq online!
2025-12-31 11:37:03 [7608] WARN  nmq_websocket.c:160:  recv aio error Object closed
2025-12-31 11:37:03 [7608] WARN  nmq_mqtt.c:986: Indr_Pt100_client_qI2GdHMwH7uq pipe close!
2025-12-31 11:37:03 [7608] WARN  mqtt_parser.c:1339: Indr_Pt100_client_qI2GdHMwH7uq offline!
2025-12-31 11:37:04 [7608] WARN  mqtt_parser.c:1335: Indr_Pt100_client_BdgTdpI0pXV3 online!
2025-12-31 11:37:05 [7608] WARN  nmq_websocket.c:160:  recv aio error Object closed
2025-12-31 11:37:05 [7608] WARN  nmq_mqtt.c:986: Indr_Pt100_client_BdgTdpI0pXV3 pipe close!
2025-12-31 11:37:05 [7608] WARN  mqtt_parser.c:1339: Indr_Pt100_client_BdgTdpI0pXV3 offline!
2025-12-31 11:37:05 [7608] WARN  mqtt_parser.c:1335: Indr_Pt100_client_vfa3GDQQR7RE online!
2025-12-31 11:37:08 [7608] WARN  nmq_websocket.c:160:  recv aio error Object closed
2025-12-31 11:37:08 [7608] WARN  nmq_mqtt.c:986: Indr_Pt100_client_vfa3GDQQR7RE pipe close!
2025-12-31 11:37:08 [7608] WARN  mqtt_parser.c:1339: Indr_Pt100_client_vfa3GDQQR7RE offline!
2025-12-31 11:37:08 [7608] WARN  mqtt_parser.c:1335: Indr_Pt100_client_7sQZZVHuADkK online!
2025-12-31 11:38:03 [7608] WARN  nmq_websocket.c:160:  recv aio error Object closed
2025-12-31 11:38:03 [7608] WARN  nmq_mqtt.c:986: Indr_Pt100_client_7sQZZVHuADkK pipe close!
2025-12-31 11:38:03 [7608] WARN  mqtt_parser.c:1339: Indr_Pt100_client_7sQZZVHuADkK offline!
2025-12-31 11:38:07 [7608] WARN  mqtt_parser.c:1335: Indr_Pt100_client_JQpOZXLHypZH online!
2025-12-31 11:38:09 [7608] WARN  nmq_websocket.c:160:  recv aio error Object closed
2025-12-31 11:38:09 [7608] WARN  nmq_mqtt.c:986: Indr_Pt100_client_JQpOZXLHypZH pipe close!
2025-12-31 11:38:09 [7608] WARN  mqtt_parser.c:1339: Indr_Pt100_client_JQpOZXLHypZH offline!
2025-12-31 11:38:09 [7608] WARN  mqtt_parser.c:1335: Indr_Pt100_client_Xm63ytsVNn3e online!
2025-12-31 11:38:11 [7608] WARN  nmq_websocket.c:160:  recv aio error Object closed
2025-12-31 11:38:11 [7608] WARN  nmq_mqtt.c:986: Indr_Pt100_client_Xm63ytsVNn3e pipe close!
2025-12-31 11:38:11 [7608] WARN  mqtt_parser.c:1339: Indr_Pt100_client_Xm63ytsVNn3e offline!
2025-12-31 11:38:11 [7608] WARN  mqtt_parser.c:1335: Indr_Pt100_client_53vhd2NwOWta online!
2025-12-31 11:38:35 [7608] WARN  nmq_websocket.c:160:  recv aio error Object closed
2025-12-31 11:38:35 [7608] WARN  nmq_mqtt.c:986: Indr_Pt100_client_53vhd2NwOWta pipe close!
2025-12-31 11:38:35 [7608] WARN  mqtt_parser.c:1339: Indr_Pt100_client_53vhd2NwOWta offline!
2025-12-31 11:38:35 [7608] WARN  mqtt_parser.c:1335: Indr_Pt100_client_Zo8ZQEcmHaRH online!
2025-12-31 11:41:33 [7608] WARN  nmq_websocket.c:160:  recv aio error Object closed
2025-12-31 11:41:33 [7608] WARN  nmq_mqtt.c:986: Indr_Pt100_client_Zo8ZQEcmHaRH pipe close!
2025-12-31 11:41:33 [7608] WARN  mqtt_parser.c:1339: Indr_Pt100_client_Zo8ZQEcmHaRH offline!
2025-12-31 11:41:33 [7608] WARN  mqtt_parser.c:1335: Indr_Pt100_client_V4D3Ns1HwO9J online!
2025-12-31 11:45:58 [7608] WARN  nmq_websocket.c:160:  recv aio error Object closed
2025-12-31 11:45:58 [7608] WARN  nmq_mqtt.c:986: Indr_Pt100_client_V4D3Ns1HwO9J pipe close!
2025-12-31 11:45:58 [7608] WARN  mqtt_parser.c:1339: Indr_Pt100_client_V4D3Ns1HwO9J offline!
2025-12-31 11:45:58 [7608] WARN  mqtt_parser.c:1335: Indr_Pt100_client_cj31QZasaqqn online!
2025-12-31 11:46:58 [7608] WARN  nmq_websocket.c:160:  recv aio error Object closed
2025-12-31 11:46:58 [7608] WARN  nmq_mqtt.c:986: Indr_Pt100_client_cj31QZasaqqn pipe close!
2025-12-31 11:46:58 [7608] WARN  mqtt_parser.c:1339: Indr_Pt100_client_cj31QZasaqqn offline!
2025-12-31 11:46:58 [7608] WARN  mqtt_parser.c:1335: Indr_Pt100_client_RXkJZBX3OwJg online!
2025-12-31 11:49:56 [7608] WARN  nmq_websocket.c:160:  recv aio error Object closed
2025-12-31 11:49:56 [7608] WARN  nmq_mqtt.c:986: Indr_Pt100_client_RXkJZBX3OwJg pipe close!
2025-12-31 11:49:56 [7608] WARN  mqtt_parser.c:1339: Indr_Pt100_client_RXkJZBX3OwJg offline!
2025-12-31 11:49:56 [7608] WARN  mqtt_parser.c:1335: Indr_Pt100_client_M4P2lLKJgorK online!
2025-12-31 11:49:57 [7608] WARN  nmq_websocket.c:160:  recv aio error Object closed
2025-12-31 11:49:57 [7608] WARN  nmq_mqtt.c:986: Indr_Pt100_client_M4P2lLKJgorK pipe close!
2025-12-31 11:49:57 [7608] WARN  mqtt_parser.c:1339: Indr_Pt100_client_M4P2lLKJgorK offline!
2025-12-31 11:49:57 [7608] WARN  mqtt_parser.c:1335: Indr_Pt100_client_Anq1GiwVfbTe online!
2025-12-31 11:50:01 [7608] WARN  nmq_websocket.c:160:  recv aio error Object closed
2025-12-31 11:50:01 [7608] WARN  nmq_mqtt.c:986: Indr_Pt100_client_Anq1GiwVfbTe pipe close!
2025-12-31 11:50:01 [7608] WARN  mqtt_parser.c:1339: Indr_Pt100_client_Anq1GiwVfbTe offline!
2025-12-31 11:50:01 [7608] WARN  mqtt_parser.c:1335: Indr_Pt100_client_bcqeOiHE2iuD online!
2025-12-31 11:50:03 [7608] WARN  nmq_websocket.c:160:  recv aio error Object closed
2025-12-31 11:50:03 [7608] WARN  nmq_mqtt.c:986: Indr_Pt100_client_bcqeOiHE2iuD pipe close!
2025-12-31 11:50:03 [7608] WARN  mqtt_parser.c:1339: Indr_Pt100_client_bcqeOiHE2iuD offline!
2025-12-31 11:50:03 [7608] WARN  mqtt_parser.c:1335: Indr_Pt100_client_YQI6RE6Y5Dg1 online!
2025-12-31 11:50:12 [7608] WARN  nmq_websocket.c:160:  recv aio error Object closed
2025-12-31 11:50:12 [7608] WARN  nmq_mqtt.c:986: Indr_Pt100_client_YQI6RE6Y5Dg1 pipe close!
2025-12-31 11:50:12 [7608] WARN  mqtt_parser.c:1339: Indr_Pt100_client_YQI6RE6Y5Dg1 offline!
2025-12-31 11:50:12 [7608] WARN  mqtt_parser.c:1335: Indr_Pt100_client_9MthPSOIq8it online!
2025-12-31 11:50:15 [7608] WARN  nmq_websocket.c:160:  recv aio error Object closed
2025-12-31 11:50:15 [7608] WARN  nmq_mqtt.c:986: Indr_Pt100_client_9MthPSOIq8it pipe close!
2025-12-31 11:50:15 [7608] WARN  mqtt_parser.c:1339: Indr_Pt100_client_9MthPSOIq8it offline!
2025-12-31 11:50:15 [7608] WARN  mqtt_parser.c:1335: Indr_Pt100_client_UKWltZ92nhnp online!
2025-12-31 11:50:18 [7608] WARN  nmq_websocket.c:160:  recv aio error Object closed
2025-12-31 11:50:18 [7608] WARN  nmq_mqtt.c:986: Indr_Pt100_client_UKWltZ92nhnp pipe close!
2025-12-31 11:50:18 [7608] WARN  mqtt_parser.c:1339: Indr_Pt100_client_UKWltZ92nhnp offline!
2025-12-31 11:50:18 [7608] WARN  mqtt_parser.c:1335: Indr_Pt100_client_Bnrygd5Hnsky online!
2025-12-31 11:50:31 [7608] WARN  nmq_websocket.c:160:  recv aio error Object closed
2025-12-31 11:50:31 [7608] WARN  nmq_mqtt.c:986: Indr_Pt100_client_Bnrygd5Hnsky pipe close!
2025-12-31 11:50:31 [7608] WARN  mqtt_parser.c:1339: Indr_Pt100_client_Bnrygd5Hnsky offline!
2025-12-31 11:50:32 [7608] WARN  mqtt_parser.c:1335: Indr_Pt100_client_ZR50hrZ4sKY3 online!
2025-12-31 11:50:34 [7608] WARN  nmq_websocket.c:160:  recv aio error Object closed
2025-12-31 11:50:34 [7608] WARN  nmq_mqtt.c:986: Indr_Pt100_client_ZR50hrZ4sKY3 pipe close!
2025-12-31 11:50:34 [7608] WARN  mqtt_parser.c:1339: Indr_Pt100_client_ZR50hrZ4sKY3 offline!
2025-12-31 11:50:34 [7608] WARN  mqtt_parser.c:1335: Indr_Pt100_client_AOCsTlmFeVQO online!
2025-12-31 11:50:40 [7608] WARN  nmq_websocket.c:160:  recv aio error Object closed
2025-12-31 11:50:40 [7608] WARN  nmq_mqtt.c:986: Indr_Pt100_client_AOCsTlmFeVQO pipe close!
2025-12-31 11:50:40 [7608] WARN  mqtt_parser.c:1339: Indr_Pt100_client_AOCsTlmFeVQO offline!
2025-12-31 11:50:40 [7608] WARN  mqtt_parser.c:1335: Indr_Pt100_client_86cA7ODSLdzm online!
2025-12-31 11:50:41 [7608] WARN  nmq_websocket.c:160:  recv aio error Object closed
2025-12-31 11:50:41 [7608] WARN  nmq_mqtt.c:986: Indr_Pt100_client_86cA7ODSLdzm pipe close!
2025-12-31 11:50:41 [7608] WARN  mqtt_parser.c:1339: Indr_Pt100_client_86cA7ODSLdzm offline!
2025-12-31 11:50:41 [7608] WARN  mqtt_parser.c:1335: Indr_Pt100_client_CR1ecNlHvJL6 online!
2025-12-31 11:51:05 [7608] WARN  nmq_websocket.c:160:  recv aio error Object closed
2025-12-31 11:51:05 [7608] WARN  nmq_mqtt.c:986: Indr_Pt100_client_CR1ecNlHvJL6 pipe close!
2025-12-31 11:51:05 [7608] WARN  mqtt_parser.c:1339: Indr_Pt100_client_CR1ecNlHvJL6 offline!
2025-12-31 11:51:05 [7608] WARN  mqtt_parser.c:1335: Indr_Pt100_client_xY4LHioqO7or online!
2025-12-31 11:51:07 [7608] WARN  nmq_websocket.c:160:  recv aio error Object closed
2025-12-31 11:51:07 [7608] WARN  nmq_mqtt.c:986: Indr_Pt100_client_xY4LHioqO7or pipe close!
2025-12-31 11:51:07 [7608] WARN  mqtt_parser.c:1339: Indr_Pt100_client_xY4LHioqO7or offline!
2025-12-31 11:51:07 [7608] WARN  mqtt_parser.c:1335: Indr_Pt100_client_TsS5gatn1l2L online!
2025-12-31 11:51:24 [7608] WARN  nmq_websocket.c:160:  recv aio error Object closed
2025-12-31 11:51:24 [7608] WARN  nmq_mqtt.c:986: Indr_Pt100_client_TsS5gatn1l2L pipe close!
2025-12-31 11:51:24 [7608] WARN  mqtt_parser.c:1339: Indr_Pt100_client_TsS5gatn1l2L offline!
2025-12-31 11:51:24 [7608] WARN  mqtt_parser.c:1335: Indr_Pt100_client_5OreZUHyR5AM online!
2025-12-31 11:51:29 [7608] WARN  nmq_websocket.c:160:  recv aio error Object closed
2025-12-31 11:51:29 [7608] WARN  nmq_mqtt.c:986: Indr_Pt100_client_5OreZUHyR5AM pipe close!
2025-12-31 11:51:29 [7608] WARN  mqtt_parser.c:1339: Indr_Pt100_client_5OreZUHyR5AM offline!
2025-12-31 11:51:29 [7608] WARN  mqtt_parser.c:1335: Indr_Pt100_client_FtWeEKWE644g online!
2025-12-31 11:51:34 [7608] WARN  nmq_websocket.c:160:  recv aio error Object closed
2025-12-31 11:51:34 [7608] WARN  nmq_mqtt.c:986: Indr_Pt100_client_FtWeEKWE644g pipe close!
2025-12-31 11:51:34 [7608] WARN  mqtt_parser.c:1339: Indr_Pt100_client_FtWeEKWE644g offline!
2025-12-31 11:51:34 [7608] WARN  mqtt_parser.c:1335: Indr_Pt100_client_DL84S3skiXyE online!
2025-12-31 11:51:40 [7608] WARN  nmq_websocket.c:160:  recv aio error Object closed
2025-12-31 11:51:40 [7608] WARN  nmq_mqtt.c:986: Indr_Pt100_client_DL84S3skiXyE pipe close!
2025-12-31 11:51:40 [7608] WARN  mqtt_parser.c:1339: Indr_Pt100_client_DL84S3skiXyE offline!
2025-12-31 11:51:41 [7608] WARN  mqtt_parser.c:1335: Indr_Pt100_client_PKEXwkVprrDo online!
2025-12-31 11:51:42 [7608] WARN  nmq_websocket.c:160:  recv aio error Object closed
2025-12-31 11:51:42 [7608] WARN  nmq_mqtt.c:986: Indr_Pt100_client_PKEXwkVprrDo pipe close!
2025-12-31 11:51:42 [7608] WARN  mqtt_parser.c:1339: Indr_Pt100_client_PKEXwkVprrDo offline!
2025-12-31 11:51:42 [7608] WARN  mqtt_parser.c:1335: Indr_Pt100_client_VtzwPgOZYeNm online!
2025-12-31 11:51:43 [7608] WARN  nmq_websocket.c:160:  recv aio error Object closed
2025-12-31 11:51:43 [7608] WARN  nmq_mqtt.c:986: Indr_Pt100_client_VtzwPgOZYeNm pipe close!
2025-12-31 11:51:43 [7608] WARN  mqtt_parser.c:1339: Indr_Pt100_client_VtzwPgOZYeNm offline!
2025-12-31 11:51:44 [7608] WARN  mqtt_parser.c:1335: Indr_Pt100_client_pkcWXIHNtCPo online!
2025-12-31 11:51:49 [7608] WARN  nmq_websocket.c:160:  recv aio error Object closed
2025-12-31 11:51:49 [7608] WARN  nmq_mqtt.c:986: Indr_Pt100_client_pkcWXIHNtCPo pipe close!
2025-12-31 11:51:49 [7608] WARN  mqtt_parser.c:1339: Indr_Pt100_client_pkcWXIHNtCPo offline!
2025-12-31 11:51:49 [7608] WARN  mqtt_parser.c:1335: Indr_Pt100_client_lNlFVnzrN0eo online!
2025-12-31 11:51:50 [7608] WARN  nmq_websocket.c:160:  recv aio error Object closed
2025-12-31 11:51:50 [7608] WARN  nmq_mqtt.c:986: Indr_Pt100_client_lNlFVnzrN0eo pipe close!
2025-12-31 11:51:50 [7608] WARN  mqtt_parser.c:1339: Indr_Pt100_client_lNlFVnzrN0eo offline!
2025-12-31 11:51:50 [7608] WARN  mqtt_parser.c:1335: Indr_Pt100_client_Abi8gMgKfCAA online!
2025-12-31 11:52:01 [7608] WARN  nmq_websocket.c:160:  recv aio error Object closed
2025-12-31 11:52:01 [7608] WARN  nmq_mqtt.c:986: Indr_Pt100_client_Abi8gMgKfCAA pipe close!
2025-12-31 11:52:01 [7608] WARN  mqtt_parser.c:1339: Indr_Pt100_client_Abi8gMgKfCAA offline!
2025-12-31 11:52:01 [7608] WARN  mqtt_parser.c:1335: Indr_Pt100_client_nTPEUn2325EN online!
2025-12-31 11:52:38 [7608] WARN  nmq_websocket.c:160:  recv aio error Object closed
2025-12-31 11:52:38 [7608] WARN  nmq_mqtt.c:986: Indr_Pt100_client_nTPEUn2325EN pipe close!
2025-12-31 11:52:38 [7608] WARN  mqtt_parser.c:1339: Indr_Pt100_client_nTPEUn2325EN offline!
2025-12-31 11:52:38 [7608] WARN  mqtt_parser.c:1335: Indr_Pt100_client_WzjUitwLxCI5 online!
2025-12-31 11:52:40 [7608] WARN  nmq_websocket.c:160:  recv aio error Object closed
2025-12-31 11:52:40 [7608] WARN  nmq_mqtt.c:986: Indr_Pt100_client_WzjUitwLxCI5 pipe close!
2025-12-31 11:52:40 [7608] WARN  mqtt_parser.c:1339: Indr_Pt100_client_WzjUitwLxCI5 offline!
2025-12-31 11:52:40 [7608] WARN  mqtt_parser.c:1335: Indr_Pt100_client_M92J77a133hb online!
2025-12-31 11:52:45 [7608] WARN  nmq_websocket.c:160:  recv aio error Object closed
2025-12-31 11:52:45 [7608] WARN  nmq_mqtt.c:986: Indr_Pt100_client_M92J77a133hb pipe close!
2025-12-31 11:52:45 [7608] WARN  mqtt_parser.c:1339: Indr_Pt100_client_M92J77a133hb offline!
2025-12-31 11:52:45 [7608] WARN  mqtt_parser.c:1335: Indr_Pt100_client_KNzVyGiLhXkc online!
2025-12-31 11:56:26 [7608] WARN  nmq_websocket.c:160:  recv aio error Object closed
2025-12-31 11:56:26 [7608] WARN  nmq_mqtt.c:986: Indr_Pt100_client_KNzVyGiLhXkc pipe close!
2025-12-31 11:56:26 [7608] WARN  mqtt_parser.c:1339: Indr_Pt100_client_KNzVyGiLhXkc offline!
2025-12-31 11:56:26 [7608] WARN  mqtt_parser.c:1335: Indr_Pt100_client_ZCDO0DfVQWFY online!
2025-12-31 11:56:38 [7608] WARN  nmq_websocket.c:160:  recv aio error Object closed
2025-12-31 11:56:38 [7608] WARN  nmq_mqtt.c:986: Indr_Pt100_client_ZCDO0DfVQWFY pipe close!
2025-12-31 11:56:38 [7608] WARN  mqtt_parser.c:1339: Indr_Pt100_client_ZCDO0DfVQWFY offline!
2025-12-31 11:56:38 [7608] WARN  mqtt_parser.c:1335: Indr_Pt100_client_3ikvO4FOsxVC online!
2025-12-31 11:56:46 [7608] WARN  nmq_websocket.c:160:  recv aio error Object closed
2025-12-31 11:56:46 [7608] WARN  nmq_mqtt.c:986: Indr_Pt100_client_3ikvO4FOsxVC pipe close!
2025-12-31 11:56:46 [7608] WARN  mqtt_parser.c:1339: Indr_Pt100_client_3ikvO4FOsxVC offline!
2025-12-31 11:56:46 [7608] WARN  mqtt_parser.c:1335: Indr_Pt100_client_5k3XYAmWbiFv online!
2025-12-31 11:57:06 [7608] WARN  nmq_websocket.c:160:  recv aio error Object closed
2025-12-31 11:57:06 [7608] WARN  nmq_mqtt.c:986: Indr_Pt100_client_5k3XYAmWbiFv pipe close!
2025-12-31 11:57:06 [7608] WARN  mqtt_parser.c:1339: Indr_Pt100_client_5k3XYAmWbiFv offline!
2025-12-31 11:57:06 [7608] WARN  mqtt_parser.c:1335: Indr_Pt100_client_SOh8NSvszLv5 online!
2025-12-31 11:57:11 [7608] WARN  nmq_websocket.c:160:  recv aio error Object closed
2025-12-31 11:57:11 [7608] WARN  nmq_mqtt.c:986: Indr_Pt100_client_SOh8NSvszLv5 pipe close!
2025-12-31 11:57:11 [7608] WARN  mqtt_parser.c:1339: Indr_Pt100_client_SOh8NSvszLv5 offline!
2025-12-31 11:57:11 [7608] WARN  mqtt_parser.c:1335: Indr_Pt100_client_P2XXkrbluXhn online!
2025-12-31 11:57:14 [7608] WARN  nmq_websocket.c:160:  recv aio error Object closed
2025-12-31 11:57:14 [7608] WARN  nmq_mqtt.c:986: Indr_Pt100_client_P2XXkrbluXhn pipe close!
2025-12-31 11:57:14 [7608] WARN  mqtt_parser.c:1339: Indr_Pt100_client_P2XXkrbluXhn offline!
2025-12-31 11:57:14 [7608] WARN  mqtt_parser.c:1335: Indr_Pt100_client_7H4dQSGw9rFz online!
2025-12-31 11:57:16 [7608] WARN  nmq_websocket.c:160:  recv aio error Object closed
2025-12-31 11:57:16 [7608] WARN  nmq_mqtt.c:986: Indr_Pt100_client_7H4dQSGw9rFz pipe close!
2025-12-31 11:57:16 [7608] WARN  mqtt_parser.c:1339: Indr_Pt100_client_7H4dQSGw9rFz offline!
2025-12-31 11:57:17 [7608] WARN  mqtt_parser.c:1335: Indr_Pt100_client_0ksM9NVOP4PQ online!
2025-12-31 11:57:30 [7608] WARN  nmq_websocket.c:160:  recv aio error Object closed
2025-12-31 11:57:30 [7608] WARN  nmq_mqtt.c:986: Indr_Pt100_client_0ksM9NVOP4PQ pipe close!
2025-12-31 11:57:30 [7608] WARN  mqtt_parser.c:1339: Indr_Pt100_client_0ksM9NVOP4PQ offline!
2025-12-31 11:57:31 [7608] WARN  mqtt_parser.c:1335: Indr_Pt100_client_UDPLQXWtDbXR online!
2025-12-31 11:57:45 [7608] WARN  nmq_websocket.c:160:  recv aio error Object closed
2025-12-31 11:57:45 [7608] WARN  nmq_mqtt.c:986: Indr_Pt100_client_UDPLQXWtDbXR pipe close!
2025-12-31 11:57:45 [7608] WARN  mqtt_parser.c:1339: Indr_Pt100_client_UDPLQXWtDbXR offline!
2025-12-31 11:57:46 [7608] WARN  mqtt_parser.c:1335: Indr_Pt100_client_OjD6IQ1JKCAy online!
2025-12-31 11:57:56 [7608] WARN  nmq_websocket.c:160:  recv aio error Object closed
2025-12-31 11:57:56 [7608] WARN  nmq_mqtt.c:986: Indr_Pt100_client_OjD6IQ1JKCAy pipe close!
2025-12-31 11:57:56 [7608] WARN  mqtt_parser.c:1339: Indr_Pt100_client_OjD6IQ1JKCAy offline!
2025-12-31 11:57:56 [7608] WARN  mqtt_parser.c:1335: Indr_Pt100_client_7oC76AFfKr7t online!
2025-12-31 11:58:06 [7608] WARN  nmq_websocket.c:160:  recv aio error Object closed
2025-12-31 11:58:06 [7608] WARN  nmq_mqtt.c:986: Indr_Pt100_client_7oC76AFfKr7t pipe close!
2025-12-31 11:58:06 [7608] WARN  mqtt_parser.c:1339: Indr_Pt100_client_7oC76AFfKr7t offline!
2025-12-31 11:58:06 [7608] WARN  mqtt_parser.c:1335: Indr_Pt100_client_heC92y5M7eVY online!
2025-12-31 11:58:10 [7608] WARN  nmq_websocket.c:160:  recv aio error Object closed
2025-12-31 11:58:10 [7608] WARN  nmq_mqtt.c:986: Indr_Pt100_client_heC92y5M7eVY pipe close!
2025-12-31 11:58:10 [7608] WARN  mqtt_parser.c:1339: Indr_Pt100_client_heC92y5M7eVY offline!
2025-12-31 11:58:11 [7608] WARN  mqtt_parser.c:1335: Indr_Pt100_client_ovS7frnw8ckd online!
2025-12-31 11:58:14 [7608] WARN  nmq_websocket.c:160:  recv aio error Object closed
2025-12-31 11:58:14 [7608] WARN  nmq_mqtt.c:986: Indr_Pt100_client_ovS7frnw8ckd pipe close!
2025-12-31 11:58:14 [7608] WARN  mqtt_parser.c:1339: Indr_Pt100_client_ovS7frnw8ckd offline!
2025-12-31 11:58:14 [7608] WARN  mqtt_parser.c:1335: Indr_Pt100_client_9PaPDnsKqznh online!
2025-12-31 11:59:02 [7608] WARN  nmq_websocket.c:160:  recv aio error Object closed
2025-12-31 11:59:02 [7608] WARN  nmq_mqtt.c:986: Indr_Pt100_client_9PaPDnsKqznh pipe close!
2025-12-31 11:59:02 [7608] WARN  mqtt_parser.c:1339: Indr_Pt100_client_9PaPDnsKqznh offline!
2025-12-31 11:59:02 [7608] WARN  mqtt_parser.c:1335: Indr_Pt100_client_D5BlAQVNQcpL online!
2025-12-31 11:59:07 [7608] WARN  nmq_websocket.c:160:  recv aio error Object closed
2025-12-31 11:59:07 [7608] WARN  nmq_mqtt.c:986: Indr_Pt100_client_D5BlAQVNQcpL pipe close!
2025-12-31 11:59:07 [7608] WARN  mqtt_parser.c:1339: Indr_Pt100_client_D5BlAQVNQcpL offline!
2025-12-31 11:59:07 [7608] WARN  mqtt_parser.c:1335: Indr_Pt100_client_qBOAEkz4Hp47 online!
2025-12-31 11:59:12 [7608] WARN  nmq_websocket.c:160:  recv aio error Object closed
2025-12-31 11:59:12 [7608] WARN  nmq_mqtt.c:986: Indr_Pt100_client_qBOAEkz4Hp47 pipe close!
2025-12-31 11:59:12 [7608] WARN  mqtt_parser.c:1339: Indr_Pt100_client_qBOAEkz4Hp47 offline!
2025-12-31 11:59:13 [7608] WARN  mqtt_parser.c:1335: Indr_Pt100_client_hQHZg4AtyKXB online!
2025-12-31 12:02:38 [7608] WARN  nmq_websocket.c:160:  recv aio error Object closed
2025-12-31 12:02:38 [7608] WARN  nmq_mqtt.c:986: Indr_Pt100_client_hQHZg4AtyKXB pipe close!
2025-12-31 12:02:38 [7608] WARN  mqtt_parser.c:1339: Indr_Pt100_client_hQHZg4AtyKXB offline!
2025-12-31 12:02:38 [7608] WARN  mqtt_parser.c:1335: Indr_Pt100_client_jT5mGpGo6dPM online!
2025-12-31 12:02:42 [7608] WARN  nmq_websocket.c:160:  recv aio error Object closed
2025-12-31 12:02:42 [7608] WARN  nmq_mqtt.c:986: Indr_Pt100_client_jT5mGpGo6dPM pipe close!
2025-12-31 12:02:42 [7608] WARN  mqtt_parser.c:1339: Indr_Pt100_client_jT5mGpGo6dPM offline!
2025-12-31 12:02:42 [7608] WARN  mqtt_parser.c:1335: Indr_Pt100_client_s3ssoFE3Wn7B online!
2025-12-31 12:03:34 [7608] WARN  nmq_websocket.c:160:  recv aio error Object closed
2025-12-31 12:03:34 [7608] WARN  nmq_mqtt.c:986: Indr_Pt100_client_s3ssoFE3Wn7B pipe close!
2025-12-31 12:03:34 [7608] WARN  mqtt_parser.c:1339: Indr_Pt100_client_s3ssoFE3Wn7B offline!
2025-12-31 12:03:34 [7608] WARN  mqtt_parser.c:1335: Indr_Pt100_client_4ft2X8iVNgUu online!
2025-12-31 12:03:58 [7608] WARN  nmq_websocket.c:160:  recv aio error Object closed
2025-12-31 12:03:58 [7608] WARN  nmq_mqtt.c:986: Indr_Pt100_client_4ft2X8iVNgUu pipe close!
2025-12-31 12:03:58 [7608] WARN  mqtt_parser.c:1339: Indr_Pt100_client_4ft2X8iVNgUu offline!
2025-12-31 12:03:58 [7608] WARN  mqtt_parser.c:1335: Indr_Pt100_client_9clFqVsCvq4F online!
2025-12-31 12:04:00 [7608] WARN  nmq_websocket.c:160:  recv aio error Object closed
2025-12-31 12:04:00 [7608] WARN  nmq_mqtt.c:986: Indr_Pt100_client_9clFqVsCvq4F pipe close!
2025-12-31 12:04:00 [7608] WARN  mqtt_parser.c:1339: Indr_Pt100_client_9clFqVsCvq4F offline!
2025-12-31 12:04:00 [7608] WARN  mqtt_parser.c:1335: Indr_Pt100_client_3sColRbw8X72 online!
2025-12-31 12:04:03 [7608] WARN  nmq_websocket.c:160:  recv aio error Object closed
2025-12-31 12:04:03 [7608] WARN  nmq_mqtt.c:986: Indr_Pt100_client_3sColRbw8X72 pipe close!
2025-12-31 12:04:03 [7608] WARN  mqtt_parser.c:1339: Indr_Pt100_client_3sColRbw8X72 offline!
2025-12-31 12:04:03 [7608] WARN  mqtt_parser.c:1335: Indr_Pt100_client_cNJOlJY5XcPa online!
2025-12-31 12:04:48 [7608] WARN  nmq_websocket.c:160:  recv aio error Object closed
2025-12-31 12:04:48 [7608] WARN  nmq_mqtt.c:986: Indr_Pt100_client_cNJOlJY5XcPa pipe close!
2025-12-31 12:04:48 [7608] WARN  mqtt_parser.c:1339: Indr_Pt100_client_cNJOlJY5XcPa offline!
2025-12-31 12:04:48 [7608] WARN  mqtt_parser.c:1335: Indr_Pt100_client_ILZfdW3cFR1b online!
2025-12-31 12:05:01 [7608] WARN  nmq_websocket.c:160:  recv aio error Object closed
2025-12-31 12:05:01 [7608] WARN  nmq_mqtt.c:986: Indr_Pt100_client_ILZfdW3cFR1b pipe close!
2025-12-31 12:05:01 [7608] WARN  mqtt_parser.c:1339: Indr_Pt100_client_ILZfdW3cFR1b offline!
2025-12-31 12:05:01 [7608] WARN  mqtt_parser.c:1335: Indr_Pt100_client_ZPid8IUWirTv online!
2025-12-31 13:00:35 [7608] WARN  nmq_websocket.c:160:  recv aio error Object closed
2025-12-31 13:00:35 [7608] WARN  nmq_mqtt.c:986: Indr_Pt100_client_ZPid8IUWirTv pipe close!
2025-12-31 13:00:35 [7608] WARN  mqtt_parser.c:1339: Indr_Pt100_client_ZPid8IUWirTv offline!
2025-12-31 13:00:35 [7608] WARN  mqtt_parser.c:1335: Indr_Pt100_client_NIEOTk3oCWaL online!
2025-12-31 13:00:39 [7608] WARN  nmq_websocket.c:160:  recv aio error Object closed
2025-12-31 13:00:39 [7608] WARN  nmq_mqtt.c:986: Indr_Pt100_client_NIEOTk3oCWaL pipe close!
2025-12-31 13:00:39 [7608] WARN  mqtt_parser.c:1339: Indr_Pt100_client_NIEOTk3oCWaL offline!
2025-12-31 13:00:39 [7608] WARN  mqtt_parser.c:1335: Indr_Pt100_client_eSsLUrJKlu8V online!
2025-12-31 13:00:43 [7608] WARN  nmq_websocket.c:160:  recv aio error Object closed
2025-12-31 13:00:43 [7608] WARN  nmq_mqtt.c:986: Indr_Pt100_client_eSsLUrJKlu8V pipe close!
2025-12-31 13:00:43 [7608] WARN  mqtt_parser.c:1339: Indr_Pt100_client_eSsLUrJKlu8V offline!
2025-12-31 13:00:43 [7608] WARN  mqtt_parser.c:1335: Indr_Pt100_client_SjZ3N9ItOSZS online!
2025-12-31 13:01:21 [7608] WARN  nmq_websocket.c:160:  recv aio error Object closed
2025-12-31 13:01:21 [7608] WARN  nmq_mqtt.c:986: Indr_Pt100_client_SjZ3N9ItOSZS pipe close!
2025-12-31 13:01:21 [7608] WARN  mqtt_parser.c:1339: Indr_Pt100_client_SjZ3N9ItOSZS offline!
2025-12-31 13:01:21 [7608] WARN  mqtt_parser.c:1335: Indr_Pt100_client_Aa3buv88rsso online!
2025-12-31 13:01:22 [7608] WARN  nmq_websocket.c:160:  recv aio error Object closed
2025-12-31 13:01:22 [7608] WARN  nmq_mqtt.c:986: Indr_Pt100_client_Aa3buv88rsso pipe close!
2025-12-31 13:01:22 [7608] WARN  mqtt_parser.c:1339: Indr_Pt100_client_Aa3buv88rsso offline!
2025-12-31 13:01:23 [7608] WARN  mqtt_parser.c:1335: Indr_Pt100_client_MPB7sB5HsXYl online!
2025-12-31 13:02:09 [7608] WARN  nmq_websocket.c:160:  recv aio error Object closed
2025-12-31 13:02:09 [7608] WARN  nmq_mqtt.c:986: Indr_Pt100_client_MPB7sB5HsXYl pipe close!
2025-12-31 13:02:09 [7608] WARN  mqtt_parser.c:1339: Indr_Pt100_client_MPB7sB5HsXYl offline!
2025-12-31 13:02:09 [7608] WARN  mqtt_parser.c:1335: Indr_Pt100_client_aHdHaakKELs8 online!
2025-12-31 13:33:51 [7608] WARN  nmq_websocket.c:160:  recv aio error Object closed
2025-12-31 13:33:51 [7608] WARN  nmq_mqtt.c:986: Indr_Pt100_client_aHdHaakKELs8 pipe close!
2025-12-31 13:33:51 [7608] WARN  mqtt_parser.c:1339: Indr_Pt100_client_aHdHaakKELs8 offline!
2025-12-31 13:33:51 [7608] WARN  mqtt_parser.c:1335: Indr_Pt100_client_aT7zOVtZY6kG online!
2025-12-31 13:34:51 [7608] WARN  nmq_websocket.c:160:  recv aio error Object closed
2025-12-31 13:34:51 [7608] WARN  nmq_mqtt.c:986: Indr_Pt100_client_aT7zOVtZY6kG pipe close!
2025-12-31 13:34:51 [7608] WARN  mqtt_parser.c:1339: Indr_Pt100_client_aT7zOVtZY6kG offline!
2025-12-31 13:34:51 [7608] WARN  mqtt_parser.c:1335: Indr_Pt100_client_2YYqKapvZPCM online!
2025-12-31 13:34:55 [7608] WARN  nmq_websocket.c:160:  recv aio error Object closed
2025-12-31 13:34:55 [7608] WARN  nmq_mqtt.c:986: Indr_Pt100_client_2YYqKapvZPCM pipe close!
2025-12-31 13:34:55 [7608] WARN  mqtt_parser.c:1339: Indr_Pt100_client_2YYqKapvZPCM offline!
2025-12-31 13:34:56 [7608] WARN  mqtt_parser.c:1335: Indr_Pt100_client_LzjsKhqEOjLX online!
2025-12-31 13:35:00 [7608] WARN  nmq_websocket.c:160:  recv aio error Object closed
2025-12-31 13:35:00 [7608] WARN  nmq_mqtt.c:986: Indr_Pt100_client_LzjsKhqEOjLX pipe close!
2025-12-31 13:35:00 [7608] WARN  mqtt_parser.c:1339: Indr_Pt100_client_LzjsKhqEOjLX offline!
2025-12-31 13:35:00 [7608] WARN  mqtt_parser.c:1335: Indr_Pt100_client_XdS61DE65tmQ online!
2025-12-31 13:36:39 [7608] WARN  nmq_websocket.c:160:  recv aio error Object closed
2025-12-31 13:36:39 [7608] WARN  nmq_mqtt.c:986: Indr_Pt100_client_XdS61DE65tmQ pipe close!
2025-12-31 13:36:39 [7608] WARN  mqtt_parser.c:1339: Indr_Pt100_client_XdS61DE65tmQ offline!
2025-12-31 13:36:39 [7608] WARN  mqtt_parser.c:1335: Indr_Pt100_client_2YX8GfOj6YbA online!
2025-12-31 13:36:41 [7608] WARN  nmq_websocket.c:160:  recv aio error Object closed
2025-12-31 13:36:41 [7608] WARN  nmq_mqtt.c:986: Indr_Pt100_client_2YX8GfOj6YbA pipe close!
2025-12-31 13:36:41 [7608] WARN  mqtt_parser.c:1339: Indr_Pt100_client_2YX8GfOj6YbA offline!
2025-12-31 13:36:41 [7608] WARN  mqtt_parser.c:1335: Indr_Pt100_client_OUeSCxrU8iTS online!
2025-12-31 13:36:42 [7608] WARN  nmq_websocket.c:160:  recv aio error Object closed
2025-12-31 13:36:42 [7608] WARN  nmq_mqtt.c:986: Indr_Pt100_client_OUeSCxrU8iTS pipe close!
2025-12-31 13:36:42 [7608] WARN  mqtt_parser.c:1339: Indr_Pt100_client_OUeSCxrU8iTS offline!
2025-12-31 13:36:43 [7608] WARN  mqtt_parser.c:1335: Indr_Pt100_client_hB5ikKGDKKlB online!
2025-12-31 13:38:37 [7608] WARN  nmq_websocket.c:160:  recv aio error Object closed
2025-12-31 13:38:37 [7608] WARN  nmq_mqtt.c:986: Indr_Pt100_client_hB5ikKGDKKlB pipe close!
2025-12-31 13:38:37 [7608] WARN  mqtt_parser.c:1339: Indr_Pt100_client_hB5ikKGDKKlB offline!
2025-12-31 13:38:37 [7608] WARN  mqtt_parser.c:1335: Indr_Pt100_client_aYvsYPR3v8mP online!
2025-12-31 13:39:10 [7608] WARN  nmq_websocket.c:160:  recv aio error Object closed
2025-12-31 13:39:10 [7608] WARN  nmq_mqtt.c:986: Indr_Pt100_client_aYvsYPR3v8mP pipe close!
2025-12-31 13:39:10 [7608] WARN  mqtt_parser.c:1339: Indr_Pt100_client_aYvsYPR3v8mP offline!
2025-12-31 13:39:10 [7608] WARN  mqtt_parser.c:1335: Indr_Pt100_client_6roGLK2OeBrP online!
2025-12-31 13:39:37 [7608] WARN  nmq_websocket.c:160:  recv aio error Object closed
2025-12-31 13:39:37 [7608] WARN  nmq_mqtt.c:986: Indr_Pt100_client_6roGLK2OeBrP pipe close!
2025-12-31 13:39:37 [7608] WARN  mqtt_parser.c:1339: Indr_Pt100_client_6roGLK2OeBrP offline!
2025-12-31 13:39:37 [7608] WARN  mqtt_parser.c:1335: Indr_Pt100_client_Yowyho6eHqdt online!
2025-12-31 13:40:31 [7608] WARN  nmq_websocket.c:160:  recv aio error Object closed
2025-12-31 13:40:31 [7608] WARN  nmq_mqtt.c:986: Indr_Pt100_client_Yowyho6eHqdt pipe close!
2025-12-31 13:40:31 [7608] WARN  mqtt_parser.c:1339: Indr_Pt100_client_Yowyho6eHqdt offline!
2025-12-31 13:40:31 [7608] WARN  mqtt_parser.c:1335: Indr_Pt100_client_yXYUOLGOb0qu online!
2025-12-31 13:40:47 [7608] WARN  nmq_websocket.c:160:  recv aio error Object closed
2025-12-31 13:40:47 [7608] WARN  nmq_mqtt.c:986: Indr_Pt100_client_yXYUOLGOb0qu pipe close!
2025-12-31 13:40:47 [7608] WARN  mqtt_parser.c:1339: Indr_Pt100_client_yXYUOLGOb0qu offline!
2025-12-31 13:40:48 [7608] WARN  mqtt_parser.c:1335: Indr_Pt100_client_8GeOsPVeXPk5 online!
2025-12-31 13:40:51 [7608] WARN  nmq_websocket.c:160:  recv aio error Object closed
2025-12-31 13:40:51 [7608] WARN  nmq_mqtt.c:986: Indr_Pt100_client_8GeOsPVeXPk5 pipe close!
2025-12-31 13:40:51 [7608] WARN  mqtt_parser.c:1339: Indr_Pt100_client_8GeOsPVeXPk5 offline!
2025-12-31 13:40:51 [7608] WARN  mqtt_parser.c:1335: Indr_Pt100_client_u6Ypamu9cBjn online!
2025-12-31 13:40:54 [7608] WARN  nmq_websocket.c:160:  recv aio error Object closed
2025-12-31 13:40:54 [7608] WARN  nmq_mqtt.c:986: Indr_Pt100_client_u6Ypamu9cBjn pipe close!
2025-12-31 13:40:54 [7608] WARN  mqtt_parser.c:1339: Indr_Pt100_client_u6Ypamu9cBjn offline!
2025-12-31 13:40:54 [7608] WARN  mqtt_parser.c:1335: Indr_Pt100_client_phgXdOvpB5y4 online!
2025-12-31 13:40:57 [7608] WARN  nmq_websocket.c:160:  recv aio error Object closed
2025-12-31 13:40:57 [7608] WARN  nmq_mqtt.c:986: Indr_Pt100_client_phgXdOvpB5y4 pipe close!
2025-12-31 13:40:57 [7608] WARN  mqtt_parser.c:1339: Indr_Pt100_client_phgXdOvpB5y4 offline!
2025-12-31 13:40:57 [7608] WARN  mqtt_parser.c:1335: Indr_Pt100_client_mJck51cSW8UA online!
2025-12-31 13:41:00 [7608] WARN  nmq_websocket.c:160:  recv aio error Object closed
2025-12-31 13:41:00 [7608] WARN  nmq_mqtt.c:986: Indr_Pt100_client_mJck51cSW8UA pipe close!
2025-12-31 13:41:00 [7608] WARN  mqtt_parser.c:1339: Indr_Pt100_client_mJck51cSW8UA offline!
2025-12-31 13:41:00 [7608] WARN  mqtt_parser.c:1335: Indr_Pt100_client_sOBfIBG3T4YK online!
2025-12-31 13:41:04 [7608] WARN  nmq_websocket.c:160:  recv aio error Object closed
2025-12-31 13:41:04 [7608] WARN  nmq_mqtt.c:986: Indr_Pt100_client_sOBfIBG3T4YK pipe close!
2025-12-31 13:41:04 [7608] WARN  mqtt_parser.c:1339: Indr_Pt100_client_sOBfIBG3T4YK offline!
2025-12-31 13:41:04 [7608] WARN  mqtt_parser.c:1335: Indr_Pt100_client_JU6t5i9pW0cT online!
2025-12-31 13:41:29 [7608] WARN  nmq_websocket.c:160:  recv aio error Object closed
2025-12-31 13:41:29 [7608] WARN  nmq_mqtt.c:986: Indr_Pt100_client_JU6t5i9pW0cT pipe close!
2025-12-31 13:41:29 [7608] WARN  mqtt_parser.c:1339: Indr_Pt100_client_JU6t5i9pW0cT offline!
2025-12-31 13:41:29 [7608] WARN  mqtt_parser.c:1335: Indr_Pt100_client_d164NYROmzxe online!
2025-12-31 13:41:30 [7608] WARN  nmq_websocket.c:160:  recv aio error Object closed
2025-12-31 13:41:30 [7608] WARN  nmq_mqtt.c:986: Indr_Pt100_client_d164NYROmzxe pipe close!
2025-12-31 13:41:30 [7608] WARN  mqtt_parser.c:1339: Indr_Pt100_client_d164NYROmzxe offline!
2025-12-31 13:41:30 [7608] WARN  mqtt_parser.c:1335: Indr_Pt100_client_YZh7bOHuqGnj online!
2025-12-31 13:41:35 [7608] WARN  nmq_websocket.c:160:  recv aio error Object closed
2025-12-31 13:41:35 [7608] WARN  nmq_mqtt.c:986: Indr_Pt100_client_YZh7bOHuqGnj pipe close!
2025-12-31 13:41:35 [7608] WARN  mqtt_parser.c:1339: Indr_Pt100_client_YZh7bOHuqGnj offline!
2025-12-31 13:41:36 [7608] WARN  mqtt_parser.c:1335: Indr_Pt100_client_1Ibq4xyczGe4 online!
2025-12-31 13:41:37 [7608] WARN  nmq_websocket.c:160:  recv aio error Object closed
2025-12-31 13:41:37 [7608] WARN  nmq_mqtt.c:986: Indr_Pt100_client_1Ibq4xyczGe4 pipe close!
2025-12-31 13:41:37 [7608] WARN  mqtt_parser.c:1339: Indr_Pt100_client_1Ibq4xyczGe4 offline!
2025-12-31 13:41:37 [7608] WARN  mqtt_parser.c:1335: Indr_Pt100_client_rooXq4UTXDFH online!
2025-12-31 13:41:50 [7608] WARN  nmq_websocket.c:160:  recv aio error Object closed
2025-12-31 13:41:50 [7608] WARN  nmq_mqtt.c:986: Indr_Pt100_client_rooXq4UTXDFH pipe close!
2025-12-31 13:41:50 [7608] WARN  mqtt_parser.c:1339: Indr_Pt100_client_rooXq4UTXDFH offline!
2025-12-31 13:41:51 [7608] WARN  mqtt_parser.c:1335: Indr_Pt100_client_UYbP5rQKbOsT online!
2025-12-31 13:50:27 [7608] WARN  nmq_websocket.c:160:  recv aio error Object closed
2025-12-31 13:50:27 [7608] WARN  nmq_mqtt.c:986: Indr_Pt100_client_UYbP5rQKbOsT pipe close!
2025-12-31 13:50:27 [7608] WARN  mqtt_parser.c:1339: Indr_Pt100_client_UYbP5rQKbOsT offline!
2025-12-31 13:50:27 [7608] WARN  mqtt_parser.c:1335: Indr_Pt100_client_wQihM7pul8um online!
2025-12-31 13:50:29 [7608] WARN  nmq_websocket.c:160:  recv aio error Object closed
2025-12-31 13:50:29 [7608] WARN  nmq_mqtt.c:986: Indr_Pt100_client_wQihM7pul8um pipe close!
2025-12-31 13:50:29 [7608] WARN  mqtt_parser.c:1339: Indr_Pt100_client_wQihM7pul8um offline!
2025-12-31 13:50:29 [7608] WARN  mqtt_parser.c:1335: Indr_Pt100_client_DhXeRK2ZSUgE online!
2025-12-31 14:09:12 [7608] WARN  nmq_websocket.c:160:  recv aio error Object closed
2025-12-31 14:09:12 [7608] WARN  nmq_mqtt.c:986: Indr_Pt100_client_DhXeRK2ZSUgE pipe close!
2025-12-31 14:09:12 [7608] WARN  mqtt_parser.c:1339: Indr_Pt100_client_DhXeRK2ZSUgE offline!
2025-12-31 14:09:12 [7608] WARN  mqtt_parser.c:1335: Indr_Pt100_client_iTWqGFn6rVi5 online!
2025-12-31 14:09:24 [7608] WARN  nmq_websocket.c:160:  recv aio error Object closed
2025-12-31 14:09:24 [7608] WARN  nmq_mqtt.c:986: Indr_Pt100_client_iTWqGFn6rVi5 pipe close!
2025-12-31 14:09:24 [7608] WARN  mqtt_parser.c:1339: Indr_Pt100_client_iTWqGFn6rVi5 offline!
2025-12-31 14:09:24 [7608] WARN  mqtt_parser.c:1335: Indr_Pt100_client_Cs5JjMWDHjoR online!
2025-12-31 14:10:12 [7608] WARN  nmq_websocket.c:160:  recv aio error Object closed
2025-12-31 14:10:12 [7608] WARN  nmq_mqtt.c:986: Indr_Pt100_client_Cs5JjMWDHjoR pipe close!
2025-12-31 14:10:12 [7608] WARN  mqtt_parser.c:1339: Indr_Pt100_client_Cs5JjMWDHjoR offline!
2025-12-31 14:10:12 [7608] WARN  mqtt_parser.c:1335: Indr_Pt100_client_JGGMHFNsLdG2 online!
2025-12-31 14:13:59 [7608] WARN  nmq_websocket.c:160:  recv aio error Object closed
2025-12-31 14:13:59 [7608] WARN  nmq_mqtt.c:986: Indr_Pt100_client_JGGMHFNsLdG2 pipe close!
2025-12-31 14:13:59 [7608] WARN  mqtt_parser.c:1339: Indr_Pt100_client_JGGMHFNsLdG2 offline!
2025-12-31 14:13:59 [7608] WARN  mqtt_parser.c:1335: Indr_Pt100_client_DORCFPulsKVU online!
2025-12-31 14:14:02 [7608] WARN  nmq_websocket.c:160:  recv aio error Object closed
2025-12-31 14:14:02 [7608] WARN  nmq_mqtt.c:986: Indr_Pt100_client_DORCFPulsKVU pipe close!
2025-12-31 14:14:02 [7608] WARN  mqtt_parser.c:1339: Indr_Pt100_client_DORCFPulsKVU offline!
2025-12-31 14:14:02 [7608] WARN  mqtt_parser.c:1335: Indr_Pt100_client_qCuNWOXojjQK online!
2025-12-31 14:14:05 [7608] WARN  nmq_websocket.c:160:  recv aio error Object closed
2025-12-31 14:14:05 [7608] WARN  nmq_mqtt.c:986: Indr_Pt100_client_qCuNWOXojjQK pipe close!
2025-12-31 14:14:05 [7608] WARN  mqtt_parser.c:1339: Indr_Pt100_client_qCuNWOXojjQK offline!
2025-12-31 14:14:06 [7608] WARN  mqtt_parser.c:1335: Indr_Pt100_client_pSWu4ly6uIWC online!
2025-12-31 14:14:07 [7608] WARN  nmq_websocket.c:160:  recv aio error Object closed
2025-12-31 14:14:07 [7608] WARN  nmq_mqtt.c:986: Indr_Pt100_client_pSWu4ly6uIWC pipe close!
2025-12-31 14:14:07 [7608] WARN  mqtt_parser.c:1339: Indr_Pt100_client_pSWu4ly6uIWC offline!
2025-12-31 14:14:07 [7608] WARN  mqtt_parser.c:1335: Indr_Pt100_client_RJMKd6HO5In1 online!
2025-12-31 14:14:29 [7608] WARN  nmq_websocket.c:160:  recv aio error Object closed
2025-12-31 14:14:29 [7608] WARN  nmq_mqtt.c:986: Indr_Pt100_client_RJMKd6HO5In1 pipe close!
2025-12-31 14:14:29 [7608] WARN  mqtt_parser.c:1339: Indr_Pt100_client_RJMKd6HO5In1 offline!
2025-12-31 14:14:29 [7608] WARN  mqtt_parser.c:1335: Indr_Pt100_client_J7CGfPTmtBds online!
2025-12-31 14:16:49 [7608] WARN  nmq_websocket.c:160:  recv aio error Object closed
2025-12-31 14:16:49 [7608] WARN  nmq_mqtt.c:986: Indr_Pt100_client_J7CGfPTmtBds pipe close!
2025-12-31 14:16:49 [7608] WARN  mqtt_parser.c:1339: Indr_Pt100_client_J7CGfPTmtBds offline!
2025-12-31 14:16:49 [7608] WARN  mqtt_parser.c:1335: Indr_Pt100_client_zWPY9MvKEufF online!
2025-12-31 14:16:54 [7608] WARN  nmq_websocket.c:160:  recv aio error Object closed
2025-12-31 14:16:54 [7608] WARN  nmq_mqtt.c:986: Indr_Pt100_client_zWPY9MvKEufF pipe close!
2025-12-31 14:16:54 [7608] WARN  mqtt_parser.c:1339: Indr_Pt100_client_zWPY9MvKEufF offline!
2025-12-31 14:16:54 [7608] WARN  mqtt_parser.c:1335: Indr_Pt100_client_YucABSVlTYGR online!
2025-12-31 14:18:35 [7608] WARN  nmq_websocket.c:160:  recv aio error Object closed
2025-12-31 14:18:35 [7608] WARN  nmq_mqtt.c:986: Indr_Pt100_client_YucABSVlTYGR pipe close!
2025-12-31 14:18:35 [7608] WARN  mqtt_parser.c:1339: Indr_Pt100_client_YucABSVlTYGR offline!
2025-12-31 14:18:35 [7608] WARN  mqtt_parser.c:1335: Indr_Pt100_client_w99pZY43NyHV online!
2025-12-31 14:20:00 [7608] WARN  nmq_websocket.c:160:  recv aio error Object closed
2025-12-31 14:20:00 [7608] WARN  nmq_mqtt.c:986: Indr_Pt100_client_w99pZY43NyHV pipe close!
2025-12-31 14:20:00 [7608] WARN  mqtt_parser.c:1339: Indr_Pt100_client_w99pZY43NyHV offline!
2025-12-31 14:20:00 [7608] WARN  mqtt_parser.c:1335: Indr_Pt100_client_5KJcKSXclN4J online!
2025-12-31 14:20:07 [7608] WARN  nmq_websocket.c:160:  recv aio error Object closed
2025-12-31 14:20:07 [7608] WARN  nmq_mqtt.c:986: Indr_Pt100_client_5KJcKSXclN4J pipe close!
2025-12-31 14:20:07 [7608] WARN  mqtt_parser.c:1339: Indr_Pt100_client_5KJcKSXclN4J offline!
2025-12-31 14:20:08 [7608] WARN  mqtt_parser.c:1335: Indr_Pt100_client_M0FWyGWyVGwv online!
2025-12-31 14:20:10 [7608] WARN  nmq_websocket.c:160:  recv aio error Object closed
2025-12-31 14:20:10 [7608] WARN  nmq_mqtt.c:986: Indr_Pt100_client_M0FWyGWyVGwv pipe close!
2025-12-31 14:20:10 [7608] WARN  mqtt_parser.c:1339: Indr_Pt100_client_M0FWyGWyVGwv offline!
2025-12-31 14:20:10 [7608] WARN  mqtt_parser.c:1335: Indr_Pt100_client_qAReK0PMkMUu online!
2025-12-31 14:20:14 [7608] WARN  nmq_websocket.c:160:  recv aio error Object closed
2025-12-31 14:20:14 [7608] WARN  nmq_mqtt.c:986: Indr_Pt100_client_qAReK0PMkMUu pipe close!
2025-12-31 14:20:14 [7608] WARN  mqtt_parser.c:1339: Indr_Pt100_client_qAReK0PMkMUu offline!
2025-12-31 14:20:14 [7608] WARN  mqtt_parser.c:1335: Indr_Pt100_client_gvDkumqwyyFj online!
2025-12-31 14:20:21 [7608] WARN  nmq_websocket.c:160:  recv aio error Object closed
2025-12-31 14:20:21 [7608] WARN  nmq_mqtt.c:986: Indr_Pt100_client_gvDkumqwyyFj pipe close!
2025-12-31 14:20:21 [7608] WARN  mqtt_parser.c:1339: Indr_Pt100_client_gvDkumqwyyFj offline!
2025-12-31 14:20:21 [7608] WARN  mqtt_parser.c:1335: Indr_Pt100_client_6s5ghJu10x62 online!
2025-12-31 14:20:24 [7608] WARN  nmq_websocket.c:160:  recv aio error Object closed
2025-12-31 14:20:24 [7608] WARN  nmq_mqtt.c:986: Indr_Pt100_client_6s5ghJu10x62 pipe close!
2025-12-31 14:20:24 [7608] WARN  mqtt_parser.c:1339: Indr_Pt100_client_6s5ghJu10x62 offline!
2025-12-31 14:20:25 [7608] WARN  mqtt_parser.c:1335: Indr_Pt100_client_jY94UAfzfr2T online!
2025-12-31 14:20:38 [7608] WARN  nmq_websocket.c:160:  recv aio error Object closed
2025-12-31 14:20:38 [7608] WARN  nmq_mqtt.c:986: Indr_Pt100_client_jY94UAfzfr2T pipe close!
2025-12-31 14:20:38 [7608] WARN  mqtt_parser.c:1339: Indr_Pt100_client_jY94UAfzfr2T offline!
2025-12-31 14:20:38 [7608] WARN  mqtt_parser.c:1335: Indr_Pt100_client_Lw9g7s8SDb70 online!
2025-12-31 14:20:42 [7608] WARN  nmq_websocket.c:160:  recv aio error Object closed
2025-12-31 14:20:42 [7608] WARN  nmq_mqtt.c:986: Indr_Pt100_client_Lw9g7s8SDb70 pipe close!
2025-12-31 14:20:42 [7608] WARN  mqtt_parser.c:1339: Indr_Pt100_client_Lw9g7s8SDb70 offline!
2025-12-31 14:20:42 [7608] WARN  mqtt_parser.c:1335: Indr_Pt100_client_I82fac0UZQoi online!
2025-12-31 14:20:44 [7608] WARN  nmq_websocket.c:160:  recv aio error Object closed
2025-12-31 14:20:44 [7608] WARN  nmq_mqtt.c:986: Indr_Pt100_client_I82fac0UZQoi pipe close!
2025-12-31 14:20:44 [7608] WARN  mqtt_parser.c:1339: Indr_Pt100_client_I82fac0UZQoi offline!
2025-12-31 14:20:44 [7608] WARN  mqtt_parser.c:1335: Indr_Pt100_client_wsSUP86nI78q online!
2025-12-31 14:20:45 [7608] WARN  nmq_websocket.c:160:  recv aio error Object closed
2025-12-31 14:20:45 [7608] WARN  nmq_mqtt.c:986: Indr_Pt100_client_wsSUP86nI78q pipe close!
2025-12-31 14:20:45 [7608] WARN  mqtt_parser.c:1339: Indr_Pt100_client_wsSUP86nI78q offline!
2025-12-31 14:20:46 [7608] WARN  mqtt_parser.c:1335: Indr_Pt100_client_I6N4DGzt4AYu online!
2025-12-31 14:22:37 [7608] WARN  nmq_websocket.c:160:  recv aio error Object closed
2025-12-31 14:22:37 [7608] WARN  nmq_mqtt.c:986: Indr_Pt100_client_I6N4DGzt4AYu pipe close!
2025-12-31 14:22:37 [7608] WARN  mqtt_parser.c:1339: Indr_Pt100_client_I6N4DGzt4AYu offline!
2025-12-31 14:22:37 [7608] WARN  mqtt_parser.c:1335: Indr_Pt100_client_vLxSK8tKTaFH online!
2025-12-31 14:22:42 [7608] WARN  nmq_websocket.c:160:  recv aio error Object closed
2025-12-31 14:22:42 [7608] WARN  nmq_mqtt.c:986: Indr_Pt100_client_vLxSK8tKTaFH pipe close!
2025-12-31 14:22:42 [7608] WARN  mqtt_parser.c:1339: Indr_Pt100_client_vLxSK8tKTaFH offline!
2025-12-31 14:22:42 [7608] WARN  mqtt_parser.c:1335: Indr_Pt100_client_or72q47kiTqA online!
2025-12-31 14:22:47 [7608] WARN  nmq_websocket.c:160:  recv aio error Object closed
2025-12-31 14:22:47 [7608] WARN  nmq_mqtt.c:986: Indr_Pt100_client_or72q47kiTqA pipe close!
2025-12-31 14:22:47 [7608] WARN  mqtt_parser.c:1339: Indr_Pt100_client_or72q47kiTqA offline!
2025-12-31 14:22:47 [7608] WARN  mqtt_parser.c:1335: Indr_Pt100_client_iu2YerOZ6Myx online!
2025-12-31 14:28:33 [7608] WARN  nmq_websocket.c:160:  recv aio error Object closed
2025-12-31 14:28:33 [7608] WARN  nmq_mqtt.c:986: Indr_Pt100_client_iu2YerOZ6Myx pipe close!
2025-12-31 14:28:33 [7608] WARN  mqtt_parser.c:1339: Indr_Pt100_client_iu2YerOZ6Myx offline!
2025-12-31 14:28:33 [7608] WARN  mqtt_parser.c:1335: Indr_Pt100_client_MzLhQ64emvtN online!
2025-12-31 14:28:40 [7608] WARN  nmq_websocket.c:160:  recv aio error Object closed
2025-12-31 14:28:40 [7608] WARN  nmq_mqtt.c:986: Indr_Pt100_client_MzLhQ64emvtN pipe close!
2025-12-31 14:28:40 [7608] WARN  mqtt_parser.c:1339: Indr_Pt100_client_MzLhQ64emvtN offline!
2025-12-31 14:28:40 [7608] WARN  mqtt_parser.c:1335: Indr_Pt100_client_pcNwskoVzAIA online!
2025-12-31 14:28:45 [7608] WARN  nmq_websocket.c:160:  recv aio error Object closed
2025-12-31 14:28:45 [7608] WARN  nmq_mqtt.c:986: Indr_Pt100_client_pcNwskoVzAIA pipe close!
2025-12-31 14:28:45 [7608] WARN  mqtt_parser.c:1339: Indr_Pt100_client_pcNwskoVzAIA offline!
2025-12-31 14:28:45 [7608] WARN  mqtt_parser.c:1335: Indr_Pt100_client_jBg2YavlerOC online!
2025-12-31 14:29:05 [7608] WARN  nmq_websocket.c:160:  recv aio error Object closed
2025-12-31 14:29:05 [7608] WARN  nmq_mqtt.c:986: Indr_Pt100_client_jBg2YavlerOC pipe close!
2025-12-31 14:29:05 [7608] WARN  mqtt_parser.c:1339: Indr_Pt100_client_jBg2YavlerOC offline!
2025-12-31 14:29:05 [7608] WARN  mqtt_parser.c:1335: Indr_Pt100_client_CFiTQYLM75He online!
2025-12-31 14:30:00 [7608] WARN  nmq_websocket.c:160:  recv aio error Object closed
2025-12-31 14:30:00 [7608] WARN  nmq_mqtt.c:986: Indr_Pt100_client_CFiTQYLM75He pipe close!
2025-12-31 14:30:00 [7608] WARN  mqtt_parser.c:1339: Indr_Pt100_client_CFiTQYLM75He offline!
2025-12-31 14:30:00 [7608] WARN  mqtt_parser.c:1335: Indr_Pt100_client_zn5Dh725KvVP online!
2025-12-31 14:33:42 [7608] WARN  nmq_websocket.c:160:  recv aio error Object closed
2025-12-31 14:33:42 [7608] WARN  nmq_mqtt.c:986: Indr_Pt100_client_zn5Dh725KvVP pipe close!
2025-12-31 14:33:42 [7608] WARN  mqtt_parser.c:1339: Indr_Pt100_client_zn5Dh725KvVP offline!
2025-12-31 14:33:42 [7608] WARN  mqtt_parser.c:1335: Indr_Pt100_client_Exu3Ov7iGT0e online!
2025-12-31 14:33:44 [7608] WARN  nmq_websocket.c:160:  recv aio error Object closed
2025-12-31 14:33:44 [7608] WARN  nmq_mqtt.c:986: Indr_Pt100_client_Exu3Ov7iGT0e pipe close!
2025-12-31 14:33:44 [7608] WARN  mqtt_parser.c:1339: Indr_Pt100_client_Exu3Ov7iGT0e offline!
2025-12-31 14:33:45 [7608] WARN  mqtt_parser.c:1335: Indr_Pt100_client_NRwslj19nXdQ online!
2025-12-31 14:33:46 [7608] WARN  nmq_websocket.c:160:  recv aio error Object closed
2025-12-31 14:33:46 [7608] WARN  nmq_mqtt.c:986: Indr_Pt100_client_NRwslj19nXdQ pipe close!
2025-12-31 14:33:46 [7608] WARN  mqtt_parser.c:1339: Indr_Pt100_client_NRwslj19nXdQ offline!
2025-12-31 14:33:46 [7608] WARN  mqtt_parser.c:1335: Indr_Pt100_client_NRH2uoWBaAjG online!
2025-12-31 14:33:51 [7608] WARN  nmq_websocket.c:160:  recv aio error Object closed
2025-12-31 14:33:51 [7608] WARN  nmq_mqtt.c:986: Indr_Pt100_client_NRH2uoWBaAjG pipe close!
2025-12-31 14:33:51 [7608] WARN  mqtt_parser.c:1339: Indr_Pt100_client_NRH2uoWBaAjG offline!
2025-12-31 14:33:52 [7608] WARN  mqtt_parser.c:1335: Indr_Pt100_client_w6pPSWiAynhi online!
2025-12-31 14:33:57 [7608] WARN  nmq_websocket.c:160:  recv aio error Object closed
2025-12-31 14:33:57 [7608] WARN  nmq_mqtt.c:986: Indr_Pt100_client_w6pPSWiAynhi pipe close!
2025-12-31 14:33:57 [7608] WARN  mqtt_parser.c:1339: Indr_Pt100_client_w6pPSWiAynhi offline!
2025-12-31 14:33:57 [7608] WARN  mqtt_parser.c:1335: Indr_Pt100_client_mrr9r2AGOJYA online!
2025-12-31 14:44:03 [7608] WARN  nmq_websocket.c:160:  recv aio error Object closed
2025-12-31 14:44:03 [7608] WARN  nmq_mqtt.c:986: Indr_Pt100_client_mrr9r2AGOJYA pipe close!
2025-12-31 14:44:03 [7608] WARN  mqtt_parser.c:1339: Indr_Pt100_client_mrr9r2AGOJYA offline!
2025-12-31 14:44:03 [7608] WARN  mqtt_parser.c:1335: Indr_Pt100_client_6VPESJ6jTJ1r online!
2025-12-31 14:44:10 [7608] WARN  nmq_websocket.c:160:  recv aio error Object closed
2025-12-31 14:44:10 [7608] WARN  nmq_mqtt.c:986: Indr_Pt100_client_6VPESJ6jTJ1r pipe close!
2025-12-31 14:44:10 [7608] WARN  mqtt_parser.c:1339: Indr_Pt100_client_6VPESJ6jTJ1r offline!
2025-12-31 14:44:11 [7608] WARN  mqtt_parser.c:1335: Indr_Pt100_client_B4olMkUANKru online!
2025-12-31 14:44:12 [7608] WARN  nmq_websocket.c:160:  recv aio error Object closed
2025-12-31 14:44:12 [7608] WARN  nmq_mqtt.c:986: Indr_Pt100_client_B4olMkUANKru pipe close!
2025-12-31 14:44:12 [7608] WARN  mqtt_parser.c:1339: Indr_Pt100_client_B4olMkUANKru offline!
2025-12-31 14:44:12 [7608] WARN  mqtt_parser.c:1335: Indr_Pt100_client_7KBJsnv41iYo online!
2025-12-31 14:44:17 [7608] WARN  nmq_websocket.c:160:  recv aio error Object closed
2025-12-31 14:44:17 [7608] WARN  nmq_mqtt.c:986: Indr_Pt100_client_7KBJsnv41iYo pipe close!
2025-12-31 14:44:17 [7608] WARN  mqtt_parser.c:1339: Indr_Pt100_client_7KBJsnv41iYo offline!
2025-12-31 14:44:17 [7608] WARN  mqtt_parser.c:1335: Indr_Pt100_client_2w4AOaoakY5O online!
2025-12-31 14:44:18 [7608] WARN  nmq_websocket.c:160:  recv aio error Object closed
2025-12-31 14:44:18 [7608] WARN  nmq_mqtt.c:986: Indr_Pt100_client_2w4AOaoakY5O pipe close!
2025-12-31 14:44:18 [7608] WARN  mqtt_parser.c:1339: Indr_Pt100_client_2w4AOaoakY5O offline!
2025-12-31 14:44:18 [7608] WARN  mqtt_parser.c:1335: Indr_Pt100_client_YrrB031KiDpM online!
2025-12-31 14:44:21 [7608] WARN  nmq_websocket.c:160:  recv aio error Object closed
2025-12-31 14:44:21 [7608] WARN  nmq_mqtt.c:986: Indr_Pt100_client_YrrB031KiDpM pipe close!
2025-12-31 14:44:21 [7608] WARN  mqtt_parser.c:1339: Indr_Pt100_client_YrrB031KiDpM offline!
2025-12-31 14:44:21 [7608] WARN  mqtt_parser.c:1335: Indr_Pt100_client_ib6WwWOh6xoD online!
2025-12-31 14:44:27 [7608] WARN  nmq_websocket.c:160:  recv aio error Object closed
2025-12-31 14:44:27 [7608] WARN  nmq_mqtt.c:986: Indr_Pt100_client_ib6WwWOh6xoD pipe close!
2025-12-31 14:44:27 [7608] WARN  mqtt_parser.c:1339: Indr_Pt100_client_ib6WwWOh6xoD offline!
2025-12-31 14:44:27 [7608] WARN  mqtt_parser.c:1335: Indr_Pt100_client_U6vMajaWAstr online!
2025-12-31 14:46:50 [7608] WARN  nmq_websocket.c:160:  recv aio error Object closed
2025-12-31 14:46:50 [7608] WARN  nmq_mqtt.c:986: Indr_Pt100_client_U6vMajaWAstr pipe close!
2025-12-31 14:46:50 [7608] WARN  mqtt_parser.c:1339: Indr_Pt100_client_U6vMajaWAstr offline!
2025-12-31 14:46:50 [7608] WARN  mqtt_parser.c:1335: Indr_Pt100_client_ZMP0vguwS0Yx online!
2025-12-31 14:46:53 [7608] WARN  nmq_websocket.c:160:  recv aio error Object closed
2025-12-31 14:46:53 [7608] WARN  nmq_mqtt.c:986: Indr_Pt100_client_ZMP0vguwS0Yx pipe close!
2025-12-31 14:46:53 [7608] WARN  mqtt_parser.c:1339: Indr_Pt100_client_ZMP0vguwS0Yx offline!
2025-12-31 14:46:53 [7608] WARN  mqtt_parser.c:1335: Indr_Pt100_client_mHaIN5XewcxJ online!
2025-12-31 14:46:57 [7608] WARN  nmq_websocket.c:160:  recv aio error Object closed
2025-12-31 14:46:57 [7608] WARN  nmq_mqtt.c:986: Indr_Pt100_client_mHaIN5XewcxJ pipe close!
2025-12-31 14:46:57 [7608] WARN  mqtt_parser.c:1339: Indr_Pt100_client_mHaIN5XewcxJ offline!
2025-12-31 14:46:58 [7608] WARN  mqtt_parser.c:1335: Indr_Pt100_client_eviTmW0Cnrsw online!
2025-12-31 14:51:36 [7608] WARN  nmq_websocket.c:160:  recv aio error Object closed
2025-12-31 14:51:36 [7608] WARN  nmq_mqtt.c:986: Indr_Pt100_client_eviTmW0Cnrsw pipe close!
2025-12-31 14:51:36 [7608] WARN  mqtt_parser.c:1339: Indr_Pt100_client_eviTmW0Cnrsw offline!
2025-12-31 14:51:36 [7608] WARN  mqtt_parser.c:1335: Indr_Pt100_client_O1Q2JtPhlX24 online!
2025-12-31 14:51:41 [7608] WARN  nmq_websocket.c:160:  recv aio error Object closed
2025-12-31 14:51:41 [7608] WARN  nmq_mqtt.c:986: Indr_Pt100_client_O1Q2JtPhlX24 pipe close!
2025-12-31 14:51:41 [7608] WARN  mqtt_parser.c:1339: Indr_Pt100_client_O1Q2JtPhlX24 offline!
2025-12-31 14:51:41 [7608] WARN  mqtt_parser.c:1335: Indr_Pt100_client_Dnu64rV6RSlz online!
2025-12-31 14:51:48 [7608] WARN  nmq_websocket.c:160:  recv aio error Object closed
2025-12-31 14:51:48 [7608] WARN  nmq_mqtt.c:986: Indr_Pt100_client_Dnu64rV6RSlz pipe close!
2025-12-31 14:51:48 [7608] WARN  mqtt_parser.c:1339: Indr_Pt100_client_Dnu64rV6RSlz offline!
2025-12-31 14:51:48 [7608] WARN  mqtt_parser.c:1335: Indr_Pt100_client_Xl70DbsqMVvk online!
2025-12-31 14:51:53 [7608] WARN  nmq_websocket.c:160:  recv aio error Object closed
2025-12-31 14:51:53 [7608] WARN  nmq_mqtt.c:986: Indr_Pt100_client_Xl70DbsqMVvk pipe close!
2025-12-31 14:51:53 [7608] WARN  mqtt_parser.c:1339: Indr_Pt100_client_Xl70DbsqMVvk offline!
2025-12-31 14:51:54 [7608] WARN  mqtt_parser.c:1335: Indr_Pt100_client_B0FSELOOvXxI online!
2025-12-31 14:51:58 [7608] WARN  nmq_websocket.c:160:  recv aio error Object closed
2025-12-31 14:51:58 [7608] WARN  nmq_mqtt.c:986: Indr_Pt100_client_B0FSELOOvXxI pipe close!
2025-12-31 14:51:58 [7608] WARN  mqtt_parser.c:1339: Indr_Pt100_client_B0FSELOOvXxI offline!
2025-12-31 14:51:59 [7608] WARN  mqtt_parser.c:1335: Indr_Pt100_client_Y4SEinOpA1JB online!
2025-12-31 14:52:42 [7608] WARN  nmq_websocket.c:160:  recv aio error Object closed
2025-12-31 14:52:42 [7608] WARN  nmq_mqtt.c:986: Indr_Pt100_client_Y4SEinOpA1JB pipe close!
2025-12-31 14:52:42 [7608] WARN  mqtt_parser.c:1339: Indr_Pt100_client_Y4SEinOpA1JB offline!
2025-12-31 14:52:42 [7608] WARN  mqtt_parser.c:1335: Indr_Pt100_client_03I9fDzPLT84 online!
2025-12-31 14:52:43 [7608] WARN  nmq_websocket.c:160:  recv aio error Object closed
2025-12-31 14:52:43 [7608] WARN  nmq_mqtt.c:986: Indr_Pt100_client_03I9fDzPLT84 pipe close!
2025-12-31 14:52:43 [7608] WARN  mqtt_parser.c:1339: Indr_Pt100_client_03I9fDzPLT84 offline!
2025-12-31 14:52:44 [7608] WARN  mqtt_parser.c:1335: Indr_Pt100_client_ETUEtKYOdFNz online!
2025-12-31 14:52:44 [7608] WARN  nmq_websocket.c:160:  recv aio error Object closed
2025-12-31 14:52:44 [7608] WARN  nmq_mqtt.c:986: Indr_Pt100_client_ETUEtKYOdFNz pipe close!
2025-12-31 14:52:44 [7608] WARN  mqtt_parser.c:1339: Indr_Pt100_client_ETUEtKYOdFNz offline!
2025-12-31 14:52:45 [7608] WARN  mqtt_parser.c:1335: Indr_Pt100_client_aohEiTFrSDQq online!
2025-12-31 14:52:51 [7608] WARN  nmq_websocket.c:160:  recv aio error Object closed
2025-12-31 14:52:51 [7608] WARN  nmq_mqtt.c:986: Indr_Pt100_client_aohEiTFrSDQq pipe close!
2025-12-31 14:52:51 [7608] WARN  mqtt_parser.c:1339: Indr_Pt100_client_aohEiTFrSDQq offline!
2025-12-31 14:52:51 [7608] WARN  mqtt_parser.c:1335: Indr_Pt100_client_gMe4gmiYo1Z2 online!
2025-12-31 14:52:52 [7608] WARN  nmq_websocket.c:160:  recv aio error Object closed
2025-12-31 14:52:52 [7608] WARN  nmq_mqtt.c:986: Indr_Pt100_client_gMe4gmiYo1Z2 pipe close!
2025-12-31 14:52:52 [7608] WARN  mqtt_parser.c:1339: Indr_Pt100_client_gMe4gmiYo1Z2 offline!
2025-12-31 14:52:53 [7608] WARN  mqtt_parser.c:1335: Indr_Pt100_client_qZOoR7B4snOE online!
2025-12-31 14:52:55 [7608] WARN  nmq_websocket.c:160:  recv aio error Object closed
2025-12-31 14:52:55 [7608] WARN  nmq_mqtt.c:986: Indr_Pt100_client_qZOoR7B4snOE pipe close!
2025-12-31 14:52:55 [7608] WARN  mqtt_parser.c:1339: Indr_Pt100_client_qZOoR7B4snOE offline!
2025-12-31 14:52:55 [7608] WARN  mqtt_parser.c:1335: Indr_Pt100_client_AvE9J82k7kiT online!
2025-12-31 14:52:58 [7608] WARN  nmq_websocket.c:160:  recv aio error Object closed
2025-12-31 14:52:58 [7608] WARN  nmq_mqtt.c:986: Indr_Pt100_client_AvE9J82k7kiT pipe close!
2025-12-31 14:52:58 [7608] WARN  mqtt_parser.c:1339: Indr_Pt100_client_AvE9J82k7kiT offline!
2025-12-31 14:52:58 [7608] WARN  mqtt_parser.c:1335: Indr_Pt100_client_plp6mAZQOWfC online!
2025-12-31 14:53:00 [7608] WARN  nmq_websocket.c:160:  recv aio error Object closed
2025-12-31 14:53:00 [7608] WARN  nmq_mqtt.c:986: Indr_Pt100_client_plp6mAZQOWfC pipe close!
2025-12-31 14:53:00 [7608] WARN  mqtt_parser.c:1339: Indr_Pt100_client_plp6mAZQOWfC offline!
2025-12-31 14:53:00 [7608] WARN  mqtt_parser.c:1335: Indr_Pt100_client_fpto9BZTuIJq online!
2025-12-31 14:53:03 [7608] WARN  nmq_websocket.c:160:  recv aio error Object closed
2025-12-31 14:53:03 [7608] WARN  nmq_mqtt.c:986: Indr_Pt100_client_fpto9BZTuIJq pipe close!
2025-12-31 14:53:03 [7608] WARN  mqtt_parser.c:1339: Indr_Pt100_client_fpto9BZTuIJq offline!
2025-12-31 14:53:03 [7608] WARN  mqtt_parser.c:1335: Indr_Pt100_client_frJMKa0ATIIF online!
2025-12-31 14:53:12 [7608] WARN  nmq_websocket.c:160:  recv aio error Object closed
2025-12-31 14:53:12 [7608] WARN  nmq_mqtt.c:986: Indr_Pt100_client_frJMKa0ATIIF pipe close!
2025-12-31 14:53:12 [7608] WARN  mqtt_parser.c:1339: Indr_Pt100_client_frJMKa0ATIIF offline!
2025-12-31 14:53:12 [7608] WARN  mqtt_parser.c:1335: Indr_Pt100_client_qv1nWzkzA7y7 online!
2025-12-31 14:53:16 [7608] WARN  nmq_websocket.c:160:  recv aio error Object closed
2025-12-31 14:53:16 [7608] WARN  nmq_mqtt.c:986: Indr_Pt100_client_qv1nWzkzA7y7 pipe close!
2025-12-31 14:53:16 [7608] WARN  mqtt_parser.c:1339: Indr_Pt100_client_qv1nWzkzA7y7 offline!
2025-12-31 14:53:16 [7608] WARN  mqtt_parser.c:1335: Indr_Pt100_client_z7U1ew7ZmWjH online!
2025-12-31 14:53:18 [7608] WARN  nmq_websocket.c:160:  recv aio error Object closed
2025-12-31 14:53:18 [7608] WARN  nmq_mqtt.c:986: Indr_Pt100_client_z7U1ew7ZmWjH pipe close!
2025-12-31 14:53:18 [7608] WARN  mqtt_parser.c:1339: Indr_Pt100_client_z7U1ew7ZmWjH offline!
2025-12-31 14:53:18 [7608] WARN  mqtt_parser.c:1335: Indr_Pt100_client_ER6N08sCXcwS online!
2025-12-31 14:53:19 [7608] WARN  nmq_websocket.c:160:  recv aio error Object closed
2025-12-31 14:53:19 [7608] WARN  nmq_mqtt.c:986: Indr_Pt100_client_ER6N08sCXcwS pipe close!
2025-12-31 14:53:19 [7608] WARN  mqtt_parser.c:1339: Indr_Pt100_client_ER6N08sCXcwS offline!
2025-12-31 14:53:19 [7608] WARN  mqtt_parser.c:1335: Indr_Pt100_client_J2Z20RXVTTH8 online!
2025-12-31 14:53:21 [7608] WARN  nmq_websocket.c:160:  recv aio error Object closed
2025-12-31 14:53:21 [7608] WARN  nmq_mqtt.c:986: Indr_Pt100_client_J2Z20RXVTTH8 pipe close!
2025-12-31 14:53:21 [7608] WARN  mqtt_parser.c:1339: Indr_Pt100_client_J2Z20RXVTTH8 offline!
2025-12-31 14:53:21 [7608] WARN  mqtt_parser.c:1335: Indr_Pt100_client_gB4FNVSciHnQ online!
2025-12-31 14:53:23 [7608] WARN  nmq_websocket.c:160:  recv aio error Object closed
2025-12-31 14:53:23 [7608] WARN  nmq_mqtt.c:986: Indr_Pt100_client_gB4FNVSciHnQ pipe close!
2025-12-31 14:53:23 [7608] WARN  mqtt_parser.c:1339: Indr_Pt100_client_gB4FNVSciHnQ offline!
2025-12-31 14:53:24 [7608] WARN  mqtt_parser.c:1335: Indr_Pt100_client_crdZCkHGg1sk online!
2025-12-31 14:53:26 [7608] WARN  nmq_websocket.c:160:  recv aio error Object closed
2025-12-31 14:53:26 [7608] WARN  nmq_mqtt.c:986: Indr_Pt100_client_crdZCkHGg1sk pipe close!
2025-12-31 14:53:26 [7608] WARN  mqtt_parser.c:1339: Indr_Pt100_client_crdZCkHGg1sk offline!
2025-12-31 14:53:26 [7608] WARN  mqtt_parser.c:1335: Indr_Pt100_client_KmCGUMVdRGwa online!
2025-12-31 14:53:28 [7608] WARN  nmq_websocket.c:160:  recv aio error Object closed
2025-12-31 14:53:28 [7608] WARN  nmq_mqtt.c:986: Indr_Pt100_client_KmCGUMVdRGwa pipe close!
2025-12-31 14:53:28 [7608] WARN  mqtt_parser.c:1339: Indr_Pt100_client_KmCGUMVdRGwa offline!
2025-12-31 14:53:28 [7608] WARN  mqtt_parser.c:1335: Indr_Pt100_client_8gFCXrLrRVGY online!
2025-12-31 14:53:32 [7608] WARN  nmq_websocket.c:160:  recv aio error Object closed
2025-12-31 14:53:32 [7608] WARN  nmq_mqtt.c:986: Indr_Pt100_client_8gFCXrLrRVGY pipe close!
2025-12-31 14:53:32 [7608] WARN  mqtt_parser.c:1339: Indr_Pt100_client_8gFCXrLrRVGY offline!
2025-12-31 14:53:32 [7608] WARN  mqtt_parser.c:1335: Indr_Pt100_client_JTCBaEBihlsa online!
2025-12-31 14:53:34 [7608] WARN  nmq_websocket.c:160:  recv aio error Object closed
2025-12-31 14:53:34 [7608] WARN  nmq_mqtt.c:986: Indr_Pt100_client_JTCBaEBihlsa pipe close!
2025-12-31 14:53:34 [7608] WARN  mqtt_parser.c:1339: Indr_Pt100_client_JTCBaEBihlsa offline!
2025-12-31 14:53:34 [7608] WARN  mqtt_parser.c:1335: Indr_Pt100_client_24ejYmiWlCmL online!
2025-12-31 14:54:43 [7608] WARN  nmq_websocket.c:160:  recv aio error Object closed
2025-12-31 14:54:43 [7608] WARN  nmq_mqtt.c:986: Indr_Pt100_client_24ejYmiWlCmL pipe close!
2025-12-31 14:54:43 [7608] WARN  mqtt_parser.c:1339: Indr_Pt100_client_24ejYmiWlCmL offline!
2025-12-31 14:54:44 [7608] WARN  mqtt_parser.c:1335: Indr_Pt100_client_1xCZL55V6Puu online!
2025-12-31 14:54:48 [7608] WARN  nmq_websocket.c:160:  recv aio error Object closed
2025-12-31 14:54:48 [7608] WARN  nmq_mqtt.c:986: Indr_Pt100_client_1xCZL55V6Puu pipe close!
2025-12-31 14:54:48 [7608] WARN  mqtt_parser.c:1339: Indr_Pt100_client_1xCZL55V6Puu offline!
2025-12-31 14:54:48 [7608] WARN  mqtt_parser.c:1335: Indr_Pt100_client_GZgG0q8s9b9a online!
2025-12-31 14:55:06 [7608] WARN  nmq_websocket.c:160:  recv aio error Object closed
2025-12-31 14:55:06 [7608] WARN  nmq_mqtt.c:986: Indr_Pt100_client_GZgG0q8s9b9a pipe close!
2025-12-31 14:55:06 [7608] WARN  mqtt_parser.c:1339: Indr_Pt100_client_GZgG0q8s9b9a offline!
2025-12-31 14:55:06 [7608] WARN  mqtt_parser.c:1335: Indr_Pt100_client_TJAw4j7ICKKS online!
2025-12-31 14:55:11 [7608] WARN  nmq_websocket.c:160:  recv aio error Object closed
2025-12-31 14:55:11 [7608] WARN  nmq_mqtt.c:986: Indr_Pt100_client_TJAw4j7ICKKS pipe close!
2025-12-31 14:55:11 [7608] WARN  mqtt_parser.c:1339: Indr_Pt100_client_TJAw4j7ICKKS offline!
2025-12-31 14:55:11 [7608] WARN  mqtt_parser.c:1335: Indr_Pt100_client_I6sKNNiuKAF2 online!
2025-12-31 14:55:13 [7608] WARN  nmq_websocket.c:160:  recv aio error Object closed
2025-12-31 14:55:13 [7608] WARN  nmq_mqtt.c:986: Indr_Pt100_client_I6sKNNiuKAF2 pipe close!
2025-12-31 14:55:13 [7608] WARN  mqtt_parser.c:1339: Indr_Pt100_client_I6sKNNiuKAF2 offline!
2025-12-31 14:55:13 [7608] WARN  mqtt_parser.c:1335: Indr_Pt100_client_n96sqD5grRcH online!
2025-12-31 14:55:16 [7608] WARN  nmq_websocket.c:160:  recv aio error Object closed
2025-12-31 14:55:16 [7608] WARN  nmq_mqtt.c:986: Indr_Pt100_client_n96sqD5grRcH pipe close!
2025-12-31 14:55:16 [7608] WARN  mqtt_parser.c:1339: Indr_Pt100_client_n96sqD5grRcH offline!
2025-12-31 14:55:16 [7608] WARN  mqtt_parser.c:1335: Indr_Pt100_client_ikM2XJi3YCoS online!
2025-12-31 14:55:19 [7608] WARN  nmq_websocket.c:160:  recv aio error Object closed
2025-12-31 14:55:19 [7608] WARN  nmq_mqtt.c:986: Indr_Pt100_client_ikM2XJi3YCoS pipe close!
2025-12-31 14:55:19 [7608] WARN  mqtt_parser.c:1339: Indr_Pt100_client_ikM2XJi3YCoS offline!
2025-12-31 14:55:19 [7608] WARN  mqtt_parser.c:1335: Indr_Pt100_client_Et32ELuz2OPT online!
2025-12-31 14:55:21 [7608] WARN  nmq_websocket.c:160:  recv aio error Object closed
2025-12-31 14:55:21 [7608] WARN  nmq_mqtt.c:986: Indr_Pt100_client_Et32ELuz2OPT pipe close!
2025-12-31 14:55:21 [7608] WARN  mqtt_parser.c:1339: Indr_Pt100_client_Et32ELuz2OPT offline!
2025-12-31 14:55:22 [7608] WARN  mqtt_parser.c:1335: Indr_Pt100_client_xme0y9tQdleB online!
2025-12-31 14:55:59 [7608] WARN  nmq_websocket.c:160:  recv aio error Object closed
2025-12-31 14:55:59 [7608] WARN  nmq_mqtt.c:986: Indr_Pt100_client_xme0y9tQdleB pipe close!
2025-12-31 14:55:59 [7608] WARN  mqtt_parser.c:1339: Indr_Pt100_client_xme0y9tQdleB offline!
2025-12-31 14:56:00 [7608] WARN  mqtt_parser.c:1335: Indr_Pt100_client_eyslF6ZqCwJD online!
2025-12-31 14:56:01 [7608] WARN  nmq_websocket.c:160:  recv aio error Object closed
2025-12-31 14:56:01 [7608] WARN  nmq_mqtt.c:986: Indr_Pt100_client_eyslF6ZqCwJD pipe close!
2025-12-31 14:56:01 [7608] WARN  mqtt_parser.c:1339: Indr_Pt100_client_eyslF6ZqCwJD offline!
2025-12-31 14:56:01 [7608] WARN  mqtt_parser.c:1335: Indr_Pt100_client_JpasmQzrmkqT online!
2025-12-31 14:56:22 [7608] WARN  nmq_websocket.c:160:  recv aio error Object closed
2025-12-31 14:56:22 [7608] WARN  nmq_mqtt.c:986: Indr_Pt100_client_JpasmQzrmkqT pipe close!
2025-12-31 14:56:22 [7608] WARN  mqtt_parser.c:1339: Indr_Pt100_client_JpasmQzrmkqT offline!
2025-12-31 14:56:23 [7608] WARN  mqtt_parser.c:1335: Indr_Pt100_client_tIk1RjtrsAkI online!
2025-12-31 14:56:25 [7608] WARN  nmq_websocket.c:160:  recv aio error Object closed
2025-12-31 14:56:25 [7608] WARN  nmq_mqtt.c:986: Indr_Pt100_client_tIk1RjtrsAkI pipe close!
2025-12-31 14:56:25 [7608] WARN  mqtt_parser.c:1339: Indr_Pt100_client_tIk1RjtrsAkI offline!
2025-12-31 14:56:26 [7608] WARN  mqtt_parser.c:1335: Indr_Pt100_client_nEUkxFrRgt5y online!
2025-12-31 14:56:26 [7608] WARN  nmq_websocket.c:160:  recv aio error Object closed
2025-12-31 14:56:27 [7608] WARN  nmq_mqtt.c:986: Indr_Pt100_client_nEUkxFrRgt5y pipe close!
2025-12-31 14:56:27 [7608] WARN  mqtt_parser.c:1339: Indr_Pt100_client_nEUkxFrRgt5y offline!
2025-12-31 14:56:27 [7608] WARN  mqtt_parser.c:1335: Indr_Pt100_client_Zf3ZbJwzEM2E online!
2025-12-31 14:56:29 [7608] WARN  nmq_websocket.c:160:  recv aio error Object closed
2025-12-31 14:56:29 [7608] WARN  nmq_mqtt.c:986: Indr_Pt100_client_Zf3ZbJwzEM2E pipe close!
2025-12-31 14:56:29 [7608] WARN  mqtt_parser.c:1339: Indr_Pt100_client_Zf3ZbJwzEM2E offline!
2025-12-31 14:56:29 [7608] WARN  mqtt_parser.c:1335: Indr_Pt100_client_PZlyyYWool9Z online!
2025-12-31 14:57:06 [7608] WARN  nmq_websocket.c:160:  recv aio error Object closed
2025-12-31 14:57:06 [7608] WARN  nmq_mqtt.c:986: Indr_Pt100_client_PZlyyYWool9Z pipe close!
2025-12-31 14:57:06 [7608] WARN  mqtt_parser.c:1339: Indr_Pt100_client_PZlyyYWool9Z offline!
2025-12-31 14:57:06 [7608] WARN  mqtt_parser.c:1335: Indr_Pt100_client_VFL15MluOPfh online!
2025-12-31 14:57:10 [7608] WARN  nmq_websocket.c:160:  recv aio error Object closed
2025-12-31 14:57:10 [7608] WARN  nmq_mqtt.c:986: Indr_Pt100_client_VFL15MluOPfh pipe close!
2025-12-31 14:57:10 [7608] WARN  mqtt_parser.c:1339: Indr_Pt100_client_VFL15MluOPfh offline!
2025-12-31 14:57:10 [7608] WARN  mqtt_parser.c:1335: Indr_Pt100_client_a6erRPvc0Nnn online!
2025-12-31 14:57:15 [7608] WARN  nmq_websocket.c:160:  recv aio error Object closed
2025-12-31 14:57:15 [7608] WARN  nmq_mqtt.c:986: Indr_Pt100_client_a6erRPvc0Nnn pipe close!
2025-12-31 14:57:15 [7608] WARN  mqtt_parser.c:1339: Indr_Pt100_client_a6erRPvc0Nnn offline!
2025-12-31 14:57:15 [7608] WARN  mqtt_parser.c:1335: Indr_Pt100_client_EaqaYluBp9RR online!
2025-12-31 14:57:17 [7608] WARN  nmq_websocket.c:160:  recv aio error Object closed
2025-12-31 14:57:17 [7608] WARN  nmq_mqtt.c:986: Indr_Pt100_client_EaqaYluBp9RR pipe close!
2025-12-31 14:57:17 [7608] WARN  mqtt_parser.c:1339: Indr_Pt100_client_EaqaYluBp9RR offline!
2025-12-31 14:57:18 [7608] WARN  mqtt_parser.c:1335: Indr_Pt100_client_TuPBXfriWYO1 online!
2025-12-31 14:57:40 [7608] WARN  nmq_websocket.c:160:  recv aio error Object closed
2025-12-31 14:57:40 [7608] WARN  nmq_mqtt.c:986: Indr_Pt100_client_TuPBXfriWYO1 pipe close!
2025-12-31 14:57:40 [7608] WARN  mqtt_parser.c:1339: Indr_Pt100_client_TuPBXfriWYO1 offline!
2025-12-31 14:57:40 [7608] WARN  mqtt_parser.c:1335: Indr_Pt100_client_9cnkdbwR1g1I online!
2025-12-31 14:57:56 [7608] WARN  nmq_websocket.c:160:  recv aio error Object closed
2025-12-31 14:57:56 [7608] WARN  nmq_mqtt.c:986: Indr_Pt100_client_9cnkdbwR1g1I pipe close!
2025-12-31 14:57:56 [7608] WARN  mqtt_parser.c:1339: Indr_Pt100_client_9cnkdbwR1g1I offline!
2025-12-31 14:57:57 [7608] WARN  mqtt_parser.c:1335: Indr_Pt100_client_7Z6hLijTBtLo online!
2025-12-31 14:57:58 [7608] WARN  nmq_websocket.c:160:  recv aio error Object closed
2025-12-31 14:57:58 [7608] WARN  nmq_mqtt.c:986: Indr_Pt100_client_7Z6hLijTBtLo pipe close!
2025-12-31 14:57:58 [7608] WARN  mqtt_parser.c:1339: Indr_Pt100_client_7Z6hLijTBtLo offline!
2025-12-31 14:57:59 [7608] WARN  mqtt_parser.c:1335: Indr_Pt100_client_DbH1FUVo0k5M online!
2025-12-31 14:58:08 [7608] WARN  nmq_websocket.c:160:  recv aio error Object closed
2025-12-31 14:58:08 [7608] WARN  nmq_mqtt.c:986: Indr_Pt100_client_DbH1FUVo0k5M pipe close!
2025-12-31 14:58:08 [7608] WARN  mqtt_parser.c:1339: Indr_Pt100_client_DbH1FUVo0k5M offline!
2025-12-31 14:58:08 [7608] WARN  mqtt_parser.c:1335: Indr_Pt100_client_yEY2mVI9b9Jn online!
2025-12-31 14:58:20 [7608] WARN  nmq_websocket.c:160:  recv aio error Object closed
2025-12-31 14:58:20 [7608] WARN  nmq_mqtt.c:986: Indr_Pt100_client_yEY2mVI9b9Jn pipe close!
2025-12-31 14:58:20 [7608] WARN  mqtt_parser.c:1339: Indr_Pt100_client_yEY2mVI9b9Jn offline!
2025-12-31 14:58:20 [7608] WARN  mqtt_parser.c:1335: Indr_Pt100_client_MkpE2SQ9e0Um online!
2025-12-31 14:58:22 [7608] WARN  nmq_websocket.c:160:  recv aio error Object closed
2025-12-31 14:58:22 [7608] WARN  nmq_mqtt.c:986: Indr_Pt100_client_MkpE2SQ9e0Um pipe close!
2025-12-31 14:58:22 [7608] WARN  mqtt_parser.c:1339: Indr_Pt100_client_MkpE2SQ9e0Um offline!
2025-12-31 14:58:23 [7608] WARN  mqtt_parser.c:1335: Indr_Pt100_client_T08xUr0Jpyqn online!
2025-12-31 14:58:24 [7608] WARN  nmq_websocket.c:160:  recv aio error Object closed
2025-12-31 14:58:24 [7608] WARN  nmq_mqtt.c:986: Indr_Pt100_client_T08xUr0Jpyqn pipe close!
2025-12-31 14:58:24 [7608] WARN  mqtt_parser.c:1339: Indr_Pt100_client_T08xUr0Jpyqn offline!
2025-12-31 14:58:25 [7608] WARN  mqtt_parser.c:1335: Indr_Pt100_client_DkF4aeF2o22x online!
2025-12-31 14:58:29 [7608] WARN  nmq_websocket.c:160:  recv aio error Object closed
2025-12-31 14:58:29 [7608] WARN  nmq_mqtt.c:986: Indr_Pt100_client_DkF4aeF2o22x pipe close!
2025-12-31 14:58:29 [7608] WARN  mqtt_parser.c:1339: Indr_Pt100_client_DkF4aeF2o22x offline!
2025-12-31 14:58:29 [7608] WARN  mqtt_parser.c:1335: Indr_Pt100_client_3KGVLJCN3oiZ online!
2025-12-31 14:58:31 [7608] WARN  nmq_websocket.c:160:  recv aio error Object closed
2025-12-31 14:58:31 [7608] WARN  nmq_mqtt.c:986: Indr_Pt100_client_3KGVLJCN3oiZ pipe close!
2025-12-31 14:58:31 [7608] WARN  mqtt_parser.c:1339: Indr_Pt100_client_3KGVLJCN3oiZ offline!
2025-12-31 14:58:31 [7608] WARN  mqtt_parser.c:1335: Indr_Pt100_client_PJ095NninZAn online!
2025-12-31 14:58:34 [7608] WARN  nmq_websocket.c:160:  recv aio error Object closed
2025-12-31 14:58:34 [7608] WARN  nmq_mqtt.c:986: Indr_Pt100_client_PJ095NninZAn pipe close!
2025-12-31 14:58:34 [7608] WARN  mqtt_parser.c:1339: Indr_Pt100_client_PJ095NninZAn offline!
2025-12-31 14:58:34 [7608] WARN  mqtt_parser.c:1335: Indr_Pt100_client_oI6CtBTon9rA online!
2025-12-31 14:58:42 [7608] WARN  nmq_websocket.c:160:  recv aio error Object closed
2025-12-31 14:58:42 [7608] WARN  nmq_mqtt.c:986: Indr_Pt100_client_oI6CtBTon9rA pipe close!
2025-12-31 14:58:42 [7608] WARN  mqtt_parser.c:1339: Indr_Pt100_client_oI6CtBTon9rA offline!
2025-12-31 14:58:42 [7608] WARN  mqtt_parser.c:1335: Indr_Pt100_client_xv0ZFcZxd1uY online!
2025-12-31 14:58:43 [7608] WARN  nmq_websocket.c:160:  recv aio error Object closed
2025-12-31 14:58:43 [7608] WARN  nmq_mqtt.c:986: Indr_Pt100_client_xv0ZFcZxd1uY pipe close!
2025-12-31 14:58:43 [7608] WARN  mqtt_parser.c:1339: Indr_Pt100_client_xv0ZFcZxd1uY offline!
2025-12-31 14:58:43 [7608] WARN  mqtt_parser.c:1335: Indr_Pt100_client_ngfxjil3fXoa online!
2025-12-31 15:02:14 [7608] WARN  nmq_websocket.c:160:  recv aio error Object closed
2025-12-31 15:02:14 [7608] WARN  nmq_mqtt.c:986: Indr_Pt100_client_ngfxjil3fXoa pipe close!
2025-12-31 15:02:14 [7608] WARN  mqtt_parser.c:1339: Indr_Pt100_client_ngfxjil3fXoa offline!
2025-12-31 15:02:14 [7608] WARN  mqtt_parser.c:1335: Indr_Pt100_client_ok0af43VZfDe online!
2025-12-31 16:16:08 [7608] WARN  broker_tcp.c:683: nni aio recv error!! Unknown error #212

2025-12-31 16:16:08 [7608] WARN  broker_tcp.c:974: tcptran_pipe_recv_cb: recv_error rv: 128

2025-12-31 16:16:08 [7608] WARN  nmq_websocket.c:160:  recv aio error Object closed
2025-12-31 16:16:08 [7608] WARN  nmq_mqtt.c:986: mqtt-explorer-8f78055a pipe close!
2025-12-31 16:16:08 [7608] WARN  mqtt_parser.c:1339: mqtt-explorer-8f78055a offline!
2025-12-31 16:16:08 [7608] WARN  nmq_mqtt.c:986: Indr_Pt100_client_ok0af43VZfDe pipe close!
2025-12-31 16:16:08 [7608] WARN  mqtt_parser.c:1339: Indr_Pt100_client_ok0af43VZfDe offline!
2025-12-31 16:16:08 [7608] WARN  nmq_mqtt.c:431: pipe id 2016390686 is gone, pub failed
2025-12-31 16:18:06 [7608] WARN  mqtt_parser.c:1335: mqtt-explorer-8f78055a online!
2025-12-31 16:18:18 [7608] WARN  mqtt_parser.c:1335: PT100_LoggerB8D61A6A65C0 online!
2025-12-31 16:18:35 [7608] WARN  mqtt_parser.c:1335: Indr_Pt100_client_ok0af43VZfDe online!
2025-12-31 16:18:35 [7608] WARN  nmq_websocket.c:160:  recv aio error Object closed
2025-12-31 16:18:35 [7608] WARN  nmq_mqtt.c:986: Indr_Pt100_client_ok0af43VZfDe pipe close!
2025-12-31 16:18:35 [7608] WARN  mqtt_parser.c:1339: Indr_Pt100_client_ok0af43VZfDe offline!
2025-12-31 16:18:36 [7608] WARN  mqtt_parser.c:1335: Indr_Pt100_client_ok0af43VZfDe online!
2025-12-31 16:18:41 [7608] WARN  nmq_websocket.c:160:  recv aio error Object closed
2025-12-31 16:18:41 [7608] WARN  nmq_mqtt.c:986: Indr_Pt100_client_ok0af43VZfDe pipe close!
2025-12-31 16:18:41 [7608] WARN  mqtt_parser.c:1339: Indr_Pt100_client_ok0af43VZfDe offline!
2025-12-31 16:19:22 [7608] WARN  mqtt_parser.c:1335: Indr_Pt100_client_Z3QSSoNl5XSD online!
2025-12-31 16:19:23 [7608] WARN  mqtt_parser.c:1335: Indr_Pt100_client_fynt2Hdudmey online!
2025-12-31 16:22:01 [7608] ERROR pipe.c:520: Client ID collision or set ID failed!
2025-12-31 16:22:01 [7608] WARN  nmq_mqtt.c:986: PT100_LoggerB8D61A6A65C0 pipe close!
2025-12-31 16:22:01 [7608] WARN  broker_tcp.c:683: nni aio recv error!! Object closed

2025-12-31 16:22:01 [7608] WARN  mqtt_parser.c:1339: PT100_LoggerB8D61A6A65C0 offline!
2025-12-31 16:22:01 [7608] WARN  broker_tcp.c:974: tcptran_pipe_recv_cb: recv_error rv: 139

2025-12-31 16:22:01 [7608] WARN  mqtt_parser.c:1335: PT100_LoggerB8D61A6A65C0 online!
2025-12-31 16:24:06 [7608] WARN  nmq_mqtt.c:245: Warning: close pipe & kick client due to KeepAlive timeout!
2025-12-31 16:24:06 [7608] WARN  nmq_mqtt.c:986: PT100_LoggerB8D61A6A65C0 pipe close!
2025-12-31 16:24:06 [7608] WARN  broker_tcp.c:683: nni aio recv error!! Object closed

2025-12-31 16:24:06 [7608] WARN  mqtt_parser.c:1339: PT100_LoggerB8D61A6A65C0 offline!
2025-12-31 16:24:06 [7608] WARN  broker_tcp.c:974: tcptran_pipe_recv_cb: recv_error rv: 139

2025-12-31 16:24:14 [7608] WARN  mqtt_parser.c:1335: PT100_LoggerB8D61A6A65C0 online!
2025-12-31 16:24:56 [7608] WARN  nmq_websocket.c:160:  recv aio error Object closed
2025-12-31 16:24:56 [7608] WARN  nmq_websocket.c:160:  recv aio error Object closed
2025-12-31 16:24:56 [7608] WARN  nmq_mqtt.c:986: Indr_Pt100_client_Z3QSSoNl5XSD pipe close!
2025-12-31 16:24:56 [7608] WARN  mqtt_parser.c:1339: Indr_Pt100_client_Z3QSSoNl5XSD offline!
2025-12-31 16:24:56 [7608] WARN  broker_tcp.c:683: nni aio recv error!! Unknown error #212

2025-12-31 16:24:56 [7608] WARN  broker_tcp.c:683: nni aio recv error!! Unknown error #212

2025-12-31 16:24:56 [7608] WARN  nmq_mqtt.c:986: Indr_Pt100_client_fynt2Hdudmey pipe close!
2025-12-31 16:24:56 [7608] WARN  broker_tcp.c:974: tcptran_pipe_recv_cb: recv_error rv: 128

2025-12-31 16:24:56 [7608] WARN  broker_tcp.c:590:  send aio error Object closed
2025-12-31 16:24:56 [7608] WARN  mqtt_parser.c:1339: Indr_Pt100_client_fynt2Hdudmey offline!
2025-12-31 16:24:56 [7608] WARN  nmq_mqtt.c:986: mqtt-explorer-8f78055a pipe close!
2025-12-31 16:24:56 [7608] WARN  mqtt_parser.c:1339: mqtt-explorer-8f78055a offline!
2025-12-31 16:24:56 [7608] WARN  nmq_mqtt.c:986: PT100_LoggerB8D61A6A65C0 pipe close!
2025-12-31 16:24:56 [7608] WARN  nmq_mqtt.c:431: pipe id 2016390686 is gone, pub failed
2025-12-31 16:24:56 [7608] WARN  mqtt_parser.c:1339: PT100_LoggerB8D61A6A65C0 offline!
2025-12-31 16:24:56 [7608] WARN  broker_tcp.c:974: tcptran_pipe_recv_cb: recv_error rv: 128

2025-12-31 16:24:56 [7608] WARN  nmq_mqtt.c:431: pipe id 2016390686 is gone, pub failed
2025-12-31 16:27:07 [7608] WARN  mqtt_parser.c:1335: PT100_LoggerB8D61A6A65C0 online!
2025-12-31 16:27:08 [7608] WARN  mqtt_parser.c:1335: PT100_Logger30AEA4985918 online!
2025-12-31 16:27:33 [7608] ERROR pipe.c:520: Client ID collision or set ID failed!
2025-12-31 16:27:33 [7608] WARN  nmq_mqtt.c:986: PT100_Logger30AEA4985918 pipe close!
2025-12-31 16:27:33 [7608] WARN  broker_tcp.c:683: nni aio recv error!! Object closed

2025-12-31 16:27:33 [7608] WARN  mqtt_parser.c:1339: PT100_Logger30AEA4985918 offline!
2025-12-31 16:27:33 [7608] WARN  broker_tcp.c:974: tcptran_pipe_recv_cb: recv_error rv: 139

2025-12-31 16:27:33 [7608] WARN  mqtt_parser.c:1335: PT100_Logger30AEA4985918 online!
2025-12-31 16:28:06 [7608] WARN  mqtt_parser.c:1335: Indr_Pt100_client_Z3QSSoNl5XSD online!
2025-12-31 16:28:06 [7608] ERROR pipe.c:520: Client ID collision or set ID failed!
2025-12-31 16:28:06 [7608] WARN  nmq_mqtt.c:986: Indr_Pt100_client_fynt2Hdudmey pipe close!
2025-12-31 16:28:06 [7608] WARN  mqtt_parser.c:1335: Indr_Pt100_client_fynt2Hdudmey online!
2025-12-31 16:28:06 [7608] WARN  mqtt_parser.c:1339: Indr_Pt100_client_fynt2Hdudmey offline!
2025-12-31 16:28:06 [7608] WARN  nmq_websocket.c:160:  recv aio error Object closed
2025-12-31 16:28:06 [7608] WARN  mqtt_parser.c:1335: Indr_Pt100_client_fynt2Hdudmey online!
2025-12-31 16:28:06 [7608] WARN  nmq_websocket.c:160:  recv aio error Object closed
2025-12-31 16:28:06 [7608] WARN  nmq_mqtt.c:986: Indr_Pt100_client_fynt2Hdudmey pipe close!
2025-12-31 16:28:06 [7608] WARN  mqtt_parser.c:1339: Indr_Pt100_client_fynt2Hdudmey offline!
2025-12-31 16:28:06 [7608] ERROR pipe.c:520: Client ID collision or set ID failed!
2025-12-31 16:28:06 [7608] ERROR pipe.c:520: Client ID collision or set ID failed!
2025-12-31 16:28:06 [7608] WARN  nmq_websocket.c:160:  recv aio error Object closed
2025-12-31 16:28:06 [7608] WARN  nmq_mqtt.c:986: Indr_Pt100_client_fynt2Hdudmey pipe close!
2025-12-31 16:28:06 [7608] WARN  mqtt_parser.c:1339: Indr_Pt100_client_fynt2Hdudmey offline!
2025-12-31 16:28:06 [7608] WARN  mqtt_parser.c:1335: Indr_Pt100_client_fynt2Hdudmey online!
2025-12-31 16:28:06 [7608] WARN  nmq_websocket.c:160:  recv aio error Object closed
2025-12-31 16:28:06 [7608] WARN  nmq_mqtt.c:986: Indr_Pt100_client_fynt2Hdudmey pipe close!
2025-12-31 16:28:06 [7608] WARN  mqtt_parser.c:1339: Indr_Pt100_client_fynt2Hdudmey offline!
2025-12-31 16:28:06 [7608] WARN  mqtt_parser.c:1335: Indr_Pt100_client_fynt2Hdudmey online!
2025-12-31 16:28:06 [7608] ERROR pipe.c:520: Client ID collision or set ID failed!
2025-12-31 16:28:06 [7608] WARN  mqtt_parser.c:1335: Indr_Pt100_client_fynt2Hdudmey online!
2025-12-31 16:28:06 [7608] WARN  nmq_websocket.c:160:  recv aio error Object closed
2025-12-31 16:28:06 [7608] WARN  nmq_mqtt.c:986: Indr_Pt100_client_fynt2Hdudmey pipe close!
2025-12-31 16:28:06 [7608] WARN  mqtt_parser.c:1339: Indr_Pt100_client_fynt2Hdudmey offline!
2025-12-31 16:28:06 [7608] ERROR pipe.c:520: Client ID collision or set ID failed!
2025-12-31 16:28:06 [7608] ERROR pipe.c:520: Client ID collision or set ID failed!
2025-12-31 16:28:06 [7608] WARN  nmq_websocket.c:160:  recv aio error Object closed
2025-12-31 16:28:06 [7608] WARN  nmq_mqtt.c:986: Indr_Pt100_client_fynt2Hdudmey pipe close!
2025-12-31 16:28:06 [7608] WARN  mqtt_parser.c:1335: Indr_Pt100_client_fynt2Hdudmey online!
2025-12-31 16:28:06 [7608] WARN  mqtt_parser.c:1339: Indr_Pt100_client_fynt2Hdudmey offline!
2025-12-31 16:28:06 [7608] WARN  mqtt_parser.c:1335: Indr_Pt100_client_fynt2Hdudmey online!
2025-12-31 16:28:06 [7608] WARN  nmq_mqtt.c:986: Indr_Pt100_client_fynt2Hdudmey pipe close!
2025-12-31 16:28:06 [7608] WARN  nmq_websocket.c:160:  recv aio error Object closed
2025-12-31 16:28:06 [7608] WARN  mqtt_parser.c:1339: Indr_Pt100_client_fynt2Hdudmey offline!
2025-12-31 16:28:06 [7608] ERROR pipe.c:520: Client ID collision or set ID failed!
2025-12-31 16:28:06 [7608] WARN  mqtt_parser.c:1335: Indr_Pt100_client_fynt2Hdudmey online!
2025-12-31 16:28:06 [7608] WARN  nmq_websocket.c:160:  recv aio error Object closed
2025-12-31 16:28:06 [7608] WARN  nmq_mqtt.c:986: Indr_Pt100_client_fynt2Hdudmey pipe close!
2025-12-31 16:28:06 [7608] WARN  mqtt_parser.c:1339: Indr_Pt100_client_fynt2Hdudmey offline!
2025-12-31 16:28:06 [7608] WARN  mqtt_parser.c:1335: Indr_Pt100_client_rG49MEZoya5n online!
2025-12-31 16:28:06 [7608] WARN  nmq_mqtt.c:986: Indr_Pt100_client_rG49MEZoya5n pipe close!
2025-12-31 16:28:06 [7608] WARN  mqtt_parser.c:1339: Indr_Pt100_client_rG49MEZoya5n offline!
2025-12-31 16:28:06 [7608] WARN  nmq_websocket.c:160:  recv aio error Object closed
2025-12-31 16:28:06 [7608] ERROR pipe.c:520: Client ID collision or set ID failed!
2025-12-31 16:28:06 [7608] ERROR pipe.c:520: Client ID collision or set ID failed!
2025-12-31 16:28:06 [7608] WARN  nmq_websocket.c:160:  recv aio error Object closed
2025-12-31 16:28:06 [7608] WARN  nmq_mqtt.c:986: Indr_Pt100_client_rG49MEZoya5n pipe close!
2025-12-31 16:28:06 [7608] WARN  mqtt_parser.c:1335: Indr_Pt100_client_rG49MEZoya5n online!
2025-12-31 16:28:06 [7608] WARN  mqtt_parser.c:1339: Indr_Pt100_client_rG49MEZoya5n offline!
2025-12-31 16:28:06 [7608] WARN  mqtt_parser.c:1335: Indr_Pt100_client_rG49MEZoya5n online!
2025-12-31 16:28:22 [7608] WARN  nmq_mqtt.c:245: Warning: close pipe & kick client due to KeepAlive timeout!
2025-12-31 16:28:22 [7608] WARN  nmq_mqtt.c:986: PT100_LoggerB8D61A6A65C0 pipe close!
2025-12-31 16:28:22 [7608] WARN  broker_tcp.c:683: nni aio recv error!! Object closed

2025-12-31 16:28:22 [7608] WARN  mqtt_parser.c:1339: PT100_LoggerB8D61A6A65C0 offline!
2025-12-31 16:28:22 [7608] WARN  broker_tcp.c:974: tcptran_pipe_recv_cb: recv_error rv: 139

2025-12-31 16:28:27 [7608] WARN  mqtt_parser.c:1335: PT100_LoggerB8D61A6A65C0 online!
2025-12-31 16:29:06 [7608] WARN  nmq_websocket.c:160:  recv aio error Object closed
2025-12-31 16:29:06 [7608] WARN  nmq_mqtt.c:986: Indr_Pt100_client_Z3QSSoNl5XSD pipe close!
2025-12-31 16:29:06 [7608] WARN  mqtt_parser.c:1339: Indr_Pt100_client_Z3QSSoNl5XSD offline!
2025-12-31 16:31:06 [7608] WARN  mqtt_parser.c:1335: Indr_Pt100_client_Z3QSSoNl5XSD online!
2025-12-31 16:32:06 [7608] WARN  nmq_websocket.c:160:  recv aio error Object closed
2025-12-31 16:32:06 [7608] WARN  nmq_mqtt.c:986: Indr_Pt100_client_Z3QSSoNl5XSD pipe close!
2025-12-31 16:32:06 [7608] WARN  mqtt_parser.c:1339: Indr_Pt100_client_Z3QSSoNl5XSD offline!
2025-12-31 16:33:29 [7608] WARN  nmq_mqtt.c:245: Warning: close pipe & kick client due to KeepAlive timeout!
2025-12-31 16:33:29 [7608] WARN  broker_tcp.c:683: nni aio recv error!! Object closed

2025-12-31 16:33:29 [7608] WARN  nmq_mqtt.c:986: PT100_Logger30AEA4985918 pipe close!
2025-12-31 16:33:29 [7608] WARN  mqtt_parser.c:1339: PT100_Logger30AEA4985918 offline!
2025-12-31 16:33:29 [7608] WARN  broker_tcp.c:974: tcptran_pipe_recv_cb: recv_error rv: 139

2025-12-31 16:34:06 [7608] WARN  mqtt_parser.c:1335: Indr_Pt100_client_Z3QSSoNl5XSD online!
2025-12-31 16:34:42 [7608] WARN  nmq_mqtt.c:245: Warning: close pipe & kick client due to KeepAlive timeout!
2025-12-31 16:34:42 [7608] WARN  nmq_mqtt.c:986: PT100_LoggerB8D61A6A65C0 pipe close!
2025-12-31 16:34:42 [7608] WARN  broker_tcp.c:683: nni aio recv error!! Object closed

2025-12-31 16:34:42 [7608] WARN  mqtt_parser.c:1339: PT100_LoggerB8D61A6A65C0 offline!
2025-12-31 16:34:42 [7608] WARN  broker_tcp.c:974: tcptran_pipe_recv_cb: recv_error rv: 139

2025-12-31 16:35:06 [7608] WARN  nmq_websocket.c:160:  recv aio error Object closed
2025-12-31 16:35:06 [7608] WARN  nmq_mqtt.c:986: Indr_Pt100_client_Z3QSSoNl5XSD pipe close!
2025-12-31 16:35:06 [7608] WARN  mqtt_parser.c:1339: Indr_Pt100_client_Z3QSSoNl5XSD offline!
2025-12-31 16:37:06 [7608] WARN  mqtt_parser.c:1335: Indr_Pt100_client_Z3QSSoNl5XSD online!
2025-12-31 16:38:05 [7608] WARN  nmq_websocket.c:160:  recv aio error Object closed
2025-12-31 16:38:05 [7608] WARN  nmq_mqtt.c:986: Indr_Pt100_client_rG49MEZoya5n pipe close!
2025-12-31 16:38:05 [7608] WARN  mqtt_parser.c:1339: Indr_Pt100_client_rG49MEZoya5n offline!
2025-12-31 16:38:05 [7608] WARN  mqtt_parser.c:1335: Indr_Pt100_client_dZjvaFpyYe87 online!
2025-12-31 16:38:06 [7608] WARN  nmq_websocket.c:160:  recv aio error Object closed
2025-12-31 16:38:06 [7608] WARN  nmq_mqtt.c:986: Indr_Pt100_client_Z3QSSoNl5XSD pipe close!
2025-12-31 16:38:06 [7608] WARN  mqtt_parser.c:1339: Indr_Pt100_client_Z3QSSoNl5XSD offline!
2025-12-31 16:38:13 [7608] WARN  mqtt_parser.c:1335: PT100_LoggerB8D61A6A65C0 online!
2025-12-31 16:38:18 [7608] WARN  mqtt_parser.c:1335: PT100_Logger30AEA4985918 online!
2025-12-31 16:40:06 [7608] WARN  mqtt_parser.c:1335: Indr_Pt100_client_Z3QSSoNl5XSD online!
2025-12-31 16:41:06 [7608] WARN  nmq_websocket.c:160:  recv aio error Object closed
2025-12-31 16:41:06 [7608] WARN  nmq_mqtt.c:986: Indr_Pt100_client_Z3QSSoNl5XSD pipe close!
2025-12-31 16:41:06 [7608] WARN  mqtt_parser.c:1339: Indr_Pt100_client_Z3QSSoNl5XSD offline!
2025-12-31 16:43:06 [7608] WARN  mqtt_parser.c:1335: Indr_Pt100_client_Z3QSSoNl5XSD online!
2025-12-31 16:43:13 [7608] WARN  nmq_mqtt.c:245: Warning: close pipe & kick client due to KeepAlive timeout!
2025-12-31 16:43:13 [7608] WARN  nmq_mqtt.c:986: PT100_Logger30AEA4985918 pipe close!
2025-12-31 16:43:13 [7608] WARN  broker_tcp.c:683: nni aio recv error!! Object closed

2025-12-31 16:43:13 [7608] WARN  mqtt_parser.c:1339: PT100_Logger30AEA4985918 offline!
2025-12-31 16:43:13 [7608] WARN  broker_tcp.c:974: tcptran_pipe_recv_cb: recv_error rv: 139

2025-12-31 16:44:06 [7608] WARN  nmq_websocket.c:160:  recv aio error Object closed
2025-12-31 16:44:06 [7608] WARN  nmq_mqtt.c:986: Indr_Pt100_client_Z3QSSoNl5XSD pipe close!
2025-12-31 16:44:06 [7608] WARN  mqtt_parser.c:1339: Indr_Pt100_client_Z3QSSoNl5XSD offline!
2025-12-31 16:45:43 [7608] WARN  mqtt_parser.c:1335: PT100_Logger30AEA4985918 online!
2025-12-31 16:46:06 [7608] WARN  mqtt_parser.c:1335: Indr_Pt100_client_Z3QSSoNl5XSD online!
2025-12-31 16:47:06 [7608] WARN  nmq_websocket.c:160:  recv aio error Object closed
2025-12-31 16:47:06 [7608] WARN  nmq_mqtt.c:986: Indr_Pt100_client_Z3QSSoNl5XSD pipe close!
2025-12-31 16:47:06 [7608] WARN  mqtt_parser.c:1339: Indr_Pt100_client_Z3QSSoNl5XSD offline!
2025-12-31 16:49:06 [7608] WARN  mqtt_parser.c:1335: Indr_Pt100_client_Z3QSSoNl5XSD online!
2025-12-31 16:50:06 [7608] WARN  nmq_websocket.c:160:  recv aio error Object closed
2025-12-31 16:50:06 [7608] WARN  nmq_mqtt.c:986: Indr_Pt100_client_Z3QSSoNl5XSD pipe close!
2025-12-31 16:50:06 [7608] WARN  mqtt_parser.c:1339: Indr_Pt100_client_Z3QSSoNl5XSD offline!
2025-12-31 16:51:18 [7608] WARN  nmq_mqtt.c:245: Warning: close pipe & kick client due to KeepAlive timeout!
2025-12-31 16:51:18 [7608] WARN  nmq_mqtt.c:986: PT100_Logger30AEA4985918 pipe close!
2025-12-31 16:51:18 [7608] WARN  broker_tcp.c:683: nni aio recv error!! Object closed

2025-12-31 16:51:18 [7608] WARN  mqtt_parser.c:1339: PT100_Logger30AEA4985918 offline!
2025-12-31 16:51:18 [7608] WARN  broker_tcp.c:974: tcptran_pipe_recv_cb: recv_error rv: 139

2025-12-31 16:51:19 [7608] WARN  nmq_mqtt.c:245: Warning: close pipe & kick client due to KeepAlive timeout!
2025-12-31 16:51:19 [7608] WARN  nmq_mqtt.c:986: PT100_LoggerB8D61A6A65C0 pipe close!
2025-12-31 16:51:19 [7608] WARN  broker_tcp.c:683: nni aio recv error!! Object closed

2025-12-31 16:51:19 [7608] WARN  mqtt_parser.c:1339: PT100_LoggerB8D61A6A65C0 offline!
2025-12-31 16:51:19 [7608] WARN  broker_tcp.c:974: tcptran_pipe_recv_cb: recv_error rv: 139

2025-12-31 16:51:35 [7608] WARN  mqtt_parser.c:1335: PT100_Logger30AEA4985918 online!
2025-12-31 16:51:50 [7608] WARN  mqtt_parser.c:1335: PT100_LoggerB8D61A6A65C0 online!
2025-12-31 16:52:06 [7608] WARN  mqtt_parser.c:1335: Indr_Pt100_client_Z3QSSoNl5XSD online!
2025-12-31 16:53:06 [7608] WARN  nmq_websocket.c:160:  recv aio error Object closed
2025-12-31 16:53:06 [7608] WARN  nmq_mqtt.c:986: Indr_Pt100_client_Z3QSSoNl5XSD pipe close!
2025-12-31 16:53:06 [7608] WARN  mqtt_parser.c:1339: Indr_Pt100_client_Z3QSSoNl5XSD offline!
2025-12-31 16:53:25 [7608] WARN  nmq_mqtt.c:245: Warning: close pipe & kick client due to KeepAlive timeout!
2025-12-31 16:53:25 [7608] WARN  nmq_mqtt.c:986: PT100_LoggerB8D61A6A65C0 pipe close!
2025-12-31 16:53:25 [7608] WARN  broker_tcp.c:683: nni aio recv error!! Object closed

2025-12-31 16:53:25 [7608] WARN  broker_tcp.c:974: tcptran_pipe_recv_cb: recv_error rv: 139

2025-12-31 16:53:25 [7608] WARN  mqtt_parser.c:1339: PT100_LoggerB8D61A6A65C0 offline!
2025-12-31 16:53:30 [7608] WARN  nmq_mqtt.c:245: Warning: close pipe & kick client due to KeepAlive timeout!
2025-12-31 16:53:30 [7608] WARN  nmq_mqtt.c:986: PT100_Logger30AEA4985918 pipe close!
2025-12-31 16:53:30 [7608] WARN  broker_tcp.c:683: nni aio recv error!! Object closed

2025-12-31 16:53:30 [7608] WARN  mqtt_parser.c:1339: PT100_Logger30AEA4985918 offline!
2025-12-31 16:53:30 [7608] WARN  broker_tcp.c:974: tcptran_pipe_recv_cb: recv_error rv: 139

2025-12-31 16:53:37 [7608] WARN  mqtt_parser.c:1335: PT100_Logger30AEA4985918 online!
2025-12-31 16:53:37 [7608] WARN  mqtt_parser.c:1335: PT100_LoggerB8D61A6A65C0 online!
2025-12-31 16:55:06 [7608] WARN  mqtt_parser.c:1335: Indr_Pt100_client_Z3QSSoNl5XSD online!
2025-12-31 16:56:06 [7608] WARN  nmq_websocket.c:160:  recv aio error Object closed
2025-12-31 16:56:06 [7608] WARN  nmq_mqtt.c:986: Indr_Pt100_client_Z3QSSoNl5XSD pipe close!
2025-12-31 16:56:06 [7608] WARN  mqtt_parser.c:1339: Indr_Pt100_client_Z3QSSoNl5XSD offline!
2025-12-31 16:57:07 [7608] WARN  nmq_websocket.c:160:  recv aio error Object closed
2025-12-31 16:57:07 [7608] WARN  nmq_mqtt.c:986: Indr_Pt100_client_dZjvaFpyYe87 pipe close!
2025-12-31 16:57:07 [7608] WARN  mqtt_parser.c:1339: Indr_Pt100_client_dZjvaFpyYe87 offline!
2025-12-31 16:57:14 [7608] WARN  nmq_websocket.c:160:  recv aio error Object closed
2025-12-31 16:59:42 [7608] WARN  nmq_mqtt.c:245: Warning: close pipe & kick client due to KeepAlive timeout!
2025-12-31 16:59:42 [7608] WARN  nmq_mqtt.c:986: PT100_Logger30AEA4985918 pipe close!
2025-12-31 16:59:42 [7608] WARN  broker_tcp.c:683: nni aio recv error!! Object closed

2025-12-31 16:59:42 [7608] WARN  mqtt_parser.c:1339: PT100_Logger30AEA4985918 offline!
2025-12-31 16:59:42 [7608] WARN  broker_tcp.c:974: tcptran_pipe_recv_cb: recv_error rv: 139

2025-12-31 16:59:43 [7608] WARN  nmq_mqtt.c:245: Warning: close pipe & kick client due to KeepAlive timeout!
2025-12-31 16:59:43 [7608] WARN  nmq_mqtt.c:986: PT100_LoggerB8D61A6A65C0 pipe close!
2025-12-31 16:59:43 [7608] WARN  broker_tcp.c:683: nni aio recv error!! Object closed

2025-12-31 16:59:43 [7608] WARN  mqtt_parser.c:1339: PT100_LoggerB8D61A6A65C0 offline!
2025-12-31 16:59:43 [7608] WARN  broker_tcp.c:974: tcptran_pipe_recv_cb: recv_error rv: 139

2026-01-01 19:51:28 [7608] WARN  mqtt_parser.c:1335: Indr_Pt100_client_kq2YYYRzGRzS online!
2026-01-01 19:51:39 [7608] WARN  mqtt_parser.c:1335: mqtt-explorer-8f78055a online!
2026-01-01 19:59:22 [7608] WARN  nmq_websocket.c:160:  recv aio error Object closed
2026-01-01 19:59:22 [7608] WARN  nmq_mqtt.c:986: Indr_Pt100_client_kq2YYYRzGRzS pipe close!
2026-01-01 19:59:22 [7608] WARN  mqtt_parser.c:1339: Indr_Pt100_client_kq2YYYRzGRzS offline!
2026-01-01 19:59:23 [7608] WARN  mqtt_parser.c:1335: Indr_Pt100_client_J6aivDmXIQU7 online!
2026-01-01 19:59:26 [7608] WARN  nmq_websocket.c:160:  recv aio error Object closed
2026-01-01 19:59:26 [7608] WARN  nmq_mqtt.c:986: Indr_Pt100_client_J6aivDmXIQU7 pipe close!
2026-01-01 19:59:26 [7608] WARN  mqtt_parser.c:1339: Indr_Pt100_client_J6aivDmXIQU7 offline!
2026-01-01 19:59:26 [7608] WARN  mqtt_parser.c:1335: Indr_Pt100_client_QZdeaHBT6zaR online!
2026-01-01 19:59:32 [7608] WARN  nmq_websocket.c:160:  recv aio error Object closed
2026-01-01 19:59:32 [7608] WARN  nmq_mqtt.c:986: Indr_Pt100_client_QZdeaHBT6zaR pipe close!
2026-01-01 19:59:32 [7608] WARN  mqtt_parser.c:1339: Indr_Pt100_client_QZdeaHBT6zaR offline!
2026-01-01 19:59:32 [7608] WARN  mqtt_parser.c:1335: Indr_Pt100_client_YwxoosYu3JXo online!
2026-01-01 19:59:34 [7608] WARN  nmq_websocket.c:160:  recv aio error Object closed
2026-01-01 19:59:34 [7608] WARN  nmq_mqtt.c:986: Indr_Pt100_client_YwxoosYu3JXo pipe close!
2026-01-01 19:59:34 [7608] WARN  mqtt_parser.c:1339: Indr_Pt100_client_YwxoosYu3JXo offline!
2026-01-01 19:59:34 [7608] WARN  mqtt_parser.c:1335: Indr_Pt100_client_N5ga7wOqdQtr online!
2026-01-01 19:59:36 [7608] WARN  nmq_websocket.c:160:  recv aio error Object closed
2026-01-01 19:59:36 [7608] WARN  nmq_mqtt.c:986: Indr_Pt100_client_N5ga7wOqdQtr pipe close!
2026-01-01 19:59:36 [7608] WARN  mqtt_parser.c:1339: Indr_Pt100_client_N5ga7wOqdQtr offline!
2026-01-01 19:59:36 [7608] WARN  mqtt_parser.c:1335: Indr_Pt100_client_iX7CBQC64gSj online!
2026-01-01 19:59:38 [7608] WARN  nmq_websocket.c:160:  recv aio error Object closed
2026-01-01 19:59:38 [7608] WARN  nmq_mqtt.c:986: Indr_Pt100_client_iX7CBQC64gSj pipe close!
2026-01-01 19:59:38 [7608] WARN  mqtt_parser.c:1339: Indr_Pt100_client_iX7CBQC64gSj offline!
2026-01-01 19:59:38 [7608] WARN  mqtt_parser.c:1335: Indr_Pt100_client_h5JGhuWvU9Il online!
2026-01-01 19:59:46 [7608] WARN  nmq_websocket.c:160:  recv aio error Object closed
2026-01-01 19:59:46 [7608] WARN  nmq_mqtt.c:986: Indr_Pt100_client_h5JGhuWvU9Il pipe close!
2026-01-01 19:59:46 [7608] WARN  mqtt_parser.c:1339: Indr_Pt100_client_h5JGhuWvU9Il offline!
2026-01-01 19:59:47 [7608] WARN  mqtt_parser.c:1335: Indr_Pt100_client_GX4JRyTuBsZL online!
2026-01-01 20:02:17 [7608] WARN  nmq_websocket.c:160:  recv aio error Object closed
2026-01-01 20:02:17 [7608] WARN  nmq_mqtt.c:986: Indr_Pt100_client_GX4JRyTuBsZL pipe close!
2026-01-01 20:02:17 [7608] WARN  mqtt_parser.c:1339: Indr_Pt100_client_GX4JRyTuBsZL offline!
2026-01-01 20:02:17 [7608] WARN  mqtt_parser.c:1335: Indr_Pt100_client_jlwFOHvKllMW online!
2026-01-01 20:02:26 [7608] WARN  nmq_websocket.c:160:  recv aio error Object closed
2026-01-01 20:02:26 [7608] WARN  nmq_mqtt.c:986: Indr_Pt100_client_jlwFOHvKllMW pipe close!
2026-01-01 20:02:26 [7608] WARN  mqtt_parser.c:1339: Indr_Pt100_client_jlwFOHvKllMW offline!
2026-01-01 20:02:26 [7608] WARN  mqtt_parser.c:1335: Indr_Pt100_client_TepybudrRvVf online!
2026-01-01 20:02:49 [7608] WARN  nmq_websocket.c:160:  recv aio error Object closed
2026-01-01 20:02:49 [7608] WARN  nmq_mqtt.c:986: Indr_Pt100_client_TepybudrRvVf pipe close!
2026-01-01 20:02:49 [7608] WARN  mqtt_parser.c:1339: Indr_Pt100_client_TepybudrRvVf offline!
2026-01-01 20:02:49 [7608] WARN  mqtt_parser.c:1335: Indr_Pt100_client_ReJ1VVB9zKTU online!
2026-01-01 20:02:50 [7608] WARN  nmq_websocket.c:160:  recv aio error Object closed
2026-01-01 20:02:50 [7608] WARN  nmq_mqtt.c:986: Indr_Pt100_client_ReJ1VVB9zKTU pipe close!
2026-01-01 20:02:50 [7608] WARN  mqtt_parser.c:1339: Indr_Pt100_client_ReJ1VVB9zKTU offline!
2026-01-01 20:02:51 [7608] WARN  mqtt_parser.c:1335: Indr_Pt100_client_Aa8C1dUkrsjY online!
2026-01-01 20:02:53 [7608] WARN  nmq_websocket.c:160:  recv aio error Object closed
2026-01-01 20:02:53 [7608] WARN  nmq_mqtt.c:986: Indr_Pt100_client_Aa8C1dUkrsjY pipe close!
2026-01-01 20:02:53 [7608] WARN  mqtt_parser.c:1339: Indr_Pt100_client_Aa8C1dUkrsjY offline!
2026-01-01 20:02:53 [7608] WARN  mqtt_parser.c:1335: Indr_Pt100_client_TozjrGirCt4q online!
2026-01-01 20:03:00 [7608] WARN  nmq_websocket.c:160:  recv aio error Object closed
2026-01-01 20:03:00 [7608] WARN  nmq_mqtt.c:986: Indr_Pt100_client_TozjrGirCt4q pipe close!
2026-01-01 20:03:00 [7608] WARN  mqtt_parser.c:1339: Indr_Pt100_client_TozjrGirCt4q offline!
2026-01-01 20:03:00 [7608] WARN  mqtt_parser.c:1335: Indr_Pt100_client_ulyG270HhfOH online!
2026-01-01 20:03:18 [7608] WARN  nmq_websocket.c:160:  recv aio error Object closed
2026-01-01 20:03:18 [7608] WARN  nmq_mqtt.c:986: Indr_Pt100_client_ulyG270HhfOH pipe close!
2026-01-01 20:03:18 [7608] WARN  mqtt_parser.c:1339: Indr_Pt100_client_ulyG270HhfOH offline!
2026-01-01 20:03:18 [7608] WARN  mqtt_parser.c:1335: Indr_Pt100_client_mbEKtTxgEyqR online!
2026-01-01 20:03:20 [7608] WARN  nmq_websocket.c:160:  recv aio error Object closed
2026-01-01 20:03:20 [7608] WARN  nmq_mqtt.c:986: Indr_Pt100_client_mbEKtTxgEyqR pipe close!
2026-01-01 20:03:20 [7608] WARN  mqtt_parser.c:1339: Indr_Pt100_client_mbEKtTxgEyqR offline!
2026-01-01 20:03:20 [7608] WARN  mqtt_parser.c:1335: Indr_Pt100_client_4w2UeUjazU0B online!
2026-01-01 20:03:30 [7608] WARN  nmq_websocket.c:160:  recv aio error Object closed
2026-01-01 20:03:30 [7608] WARN  nmq_mqtt.c:986: Indr_Pt100_client_4w2UeUjazU0B pipe close!
2026-01-01 20:03:30 [7608] WARN  mqtt_parser.c:1339: Indr_Pt100_client_4w2UeUjazU0B offline!
2026-01-01 20:03:31 [7608] WARN  mqtt_parser.c:1335: Indr_Pt100_client_UqLt8um63D1t online!
2026-01-01 20:04:16 [7608] WARN  nmq_websocket.c:160:  recv aio error Object closed
2026-01-01 20:04:16 [7608] WARN  nmq_mqtt.c:986: Indr_Pt100_client_UqLt8um63D1t pipe close!
2026-01-01 20:04:16 [7608] WARN  mqtt_parser.c:1339: Indr_Pt100_client_UqLt8um63D1t offline!
2026-01-01 20:04:16 [7608] WARN  mqtt_parser.c:1335: Indr_Pt100_client_BQVz6xvCVIUd online!
2026-01-01 20:04:17 [7608] WARN  nmq_websocket.c:160:  recv aio error Object closed
2026-01-01 20:04:17 [7608] WARN  nmq_mqtt.c:986: Indr_Pt100_client_BQVz6xvCVIUd pipe close!
2026-01-01 20:04:17 [7608] WARN  mqtt_parser.c:1339: Indr_Pt100_client_BQVz6xvCVIUd offline!
2026-01-01 20:04:18 [7608] WARN  mqtt_parser.c:1335: Indr_Pt100_client_GexW9o7ZIwN2 online!
2026-01-01 20:04:21 [7608] WARN  nmq_websocket.c:160:  recv aio error Object closed
2026-01-01 20:04:21 [7608] WARN  nmq_mqtt.c:986: Indr_Pt100_client_GexW9o7ZIwN2 pipe close!
2026-01-01 20:04:21 [7608] WARN  mqtt_parser.c:1339: Indr_Pt100_client_GexW9o7ZIwN2 offline!
2026-01-01 20:04:21 [7608] WARN  mqtt_parser.c:1335: Indr_Pt100_client_IVsG5nUGtWYq online!
2026-01-01 20:04:29 [7608] WARN  nmq_websocket.c:160:  recv aio error Object closed
2026-01-01 20:04:29 [7608] WARN  nmq_mqtt.c:986: Indr_Pt100_client_IVsG5nUGtWYq pipe close!
2026-01-01 20:04:29 [7608] WARN  mqtt_parser.c:1339: Indr_Pt100_client_IVsG5nUGtWYq offline!
2026-01-01 20:04:29 [7608] WARN  mqtt_parser.c:1335: Indr_Pt100_client_b5YrXmwsNghA online!
2026-01-01 20:04:30 [7608] WARN  nmq_websocket.c:160:  recv aio error Object closed
2026-01-01 20:04:30 [7608] WARN  nmq_mqtt.c:986: Indr_Pt100_client_b5YrXmwsNghA pipe close!
2026-01-01 20:04:30 [7608] WARN  mqtt_parser.c:1339: Indr_Pt100_client_b5YrXmwsNghA offline!
2026-01-01 20:04:30 [7608] WARN  mqtt_parser.c:1335: Indr_Pt100_client_e28t4Wgur1HM online!
2026-01-01 20:04:35 [7608] WARN  nmq_websocket.c:160:  recv aio error Object closed
2026-01-01 20:04:35 [7608] WARN  nmq_mqtt.c:986: Indr_Pt100_client_e28t4Wgur1HM pipe close!
2026-01-01 20:04:35 [7608] WARN  mqtt_parser.c:1339: Indr_Pt100_client_e28t4Wgur1HM offline!
2026-01-01 20:04:35 [7608] WARN  mqtt_parser.c:1335: Indr_Pt100_client_CjiLGfwBOZqu online!
2026-01-01 20:04:36 [7608] WARN  nmq_websocket.c:160:  recv aio error Object closed
2026-01-01 20:04:36 [7608] WARN  nmq_mqtt.c:986: Indr_Pt100_client_CjiLGfwBOZqu pipe close!
2026-01-01 20:04:36 [7608] WARN  mqtt_parser.c:1339: Indr_Pt100_client_CjiLGfwBOZqu offline!
2026-01-01 20:04:36 [7608] WARN  mqtt_parser.c:1335: Indr_Pt100_client_VBGpegNUmPcT online!
2026-01-01 20:04:38 [7608] WARN  nmq_websocket.c:160:  recv aio error Object closed
2026-01-01 20:04:38 [7608] WARN  nmq_mqtt.c:986: Indr_Pt100_client_VBGpegNUmPcT pipe close!
2026-01-01 20:04:38 [7608] WARN  mqtt_parser.c:1339: Indr_Pt100_client_VBGpegNUmPcT offline!
2026-01-01 20:04:39 [7608] WARN  mqtt_parser.c:1335: Indr_Pt100_client_mFOjrQvRgOKK online!
2026-01-01 20:05:26 [7608] WARN  nmq_websocket.c:160:  recv aio error Object closed
2026-01-01 20:05:26 [7608] WARN  nmq_mqtt.c:986: Indr_Pt100_client_mFOjrQvRgOKK pipe close!
2026-01-01 20:05:26 [7608] WARN  mqtt_parser.c:1339: Indr_Pt100_client_mFOjrQvRgOKK offline!
2026-01-01 20:05:26 [7608] WARN  mqtt_parser.c:1335: Indr_Pt100_client_MTnIpMBu0gVE online!
2026-01-01 20:05:31 [7608] WARN  nmq_websocket.c:160:  recv aio error Object closed
2026-01-01 20:05:31 [7608] WARN  nmq_mqtt.c:986: Indr_Pt100_client_MTnIpMBu0gVE pipe close!
2026-01-01 20:05:31 [7608] WARN  mqtt_parser.c:1339: Indr_Pt100_client_MTnIpMBu0gVE offline!
2026-01-01 20:05:31 [7608] WARN  mqtt_parser.c:1335: Indr_Pt100_client_3HVuzfX0J7fO online!
2026-01-01 20:06:09 [7608] WARN  nmq_websocket.c:160:  recv aio error Object closed
2026-01-01 20:06:09 [7608] WARN  nmq_mqtt.c:986: Indr_Pt100_client_3HVuzfX0J7fO pipe close!
2026-01-01 20:06:09 [7608] WARN  mqtt_parser.c:1339: Indr_Pt100_client_3HVuzfX0J7fO offline!
2026-01-01 20:06:10 [7608] WARN  mqtt_parser.c:1335: Indr_Pt100_client_3Sa26tnwfxmM online!
2026-01-01 20:06:15 [7608] WARN  nmq_websocket.c:160:  recv aio error Object closed
2026-01-01 20:06:15 [7608] WARN  nmq_mqtt.c:986: Indr_Pt100_client_3Sa26tnwfxmM pipe close!
2026-01-01 20:06:15 [7608] WARN  mqtt_parser.c:1339: Indr_Pt100_client_3Sa26tnwfxmM offline!
2026-01-01 20:06:15 [7608] WARN  mqtt_parser.c:1335: Indr_Pt100_client_2h1jrujbGN1E online!
2026-01-01 20:06:23 [7608] WARN  nmq_websocket.c:160:  recv aio error Object closed
2026-01-01 20:06:23 [7608] WARN  nmq_mqtt.c:986: Indr_Pt100_client_2h1jrujbGN1E pipe close!
2026-01-01 20:06:23 [7608] WARN  mqtt_parser.c:1339: Indr_Pt100_client_2h1jrujbGN1E offline!
2026-01-01 20:06:23 [7608] WARN  mqtt_parser.c:1335: Indr_Pt100_client_lziutWsqqidI online!
2026-01-01 20:06:25 [7608] WARN  nmq_websocket.c:160:  recv aio error Object closed
2026-01-01 20:06:25 [7608] WARN  nmq_mqtt.c:986: Indr_Pt100_client_lziutWsqqidI pipe close!
2026-01-01 20:06:25 [7608] WARN  mqtt_parser.c:1339: Indr_Pt100_client_lziutWsqqidI offline!
2026-01-01 20:06:26 [7608] WARN  mqtt_parser.c:1335: Indr_Pt100_client_jkNjsewAiDok online!
2026-01-01 20:06:28 [7608] WARN  nmq_websocket.c:160:  recv aio error Object closed
2026-01-01 20:06:28 [7608] WARN  nmq_mqtt.c:986: Indr_Pt100_client_jkNjsewAiDok pipe close!
2026-01-01 20:06:28 [7608] WARN  mqtt_parser.c:1339: Indr_Pt100_client_jkNjsewAiDok offline!
2026-01-01 20:06:28 [7608] WARN  mqtt_parser.c:1335: Indr_Pt100_client_9oEk4a1G92rg online!
2026-01-01 20:06:34 [7608] WARN  nmq_websocket.c:160:  recv aio error Object closed
2026-01-01 20:06:34 [7608] WARN  nmq_mqtt.c:986: Indr_Pt100_client_9oEk4a1G92rg pipe close!
2026-01-01 20:06:34 [7608] WARN  mqtt_parser.c:1339: Indr_Pt100_client_9oEk4a1G92rg offline!
2026-01-01 20:06:34 [7608] WARN  mqtt_parser.c:1335: Indr_Pt100_client_GtVq4cRyfJ2m online!
2026-01-01 20:06:38 [7608] WARN  nmq_websocket.c:160:  recv aio error Object closed
2026-01-01 20:06:38 [7608] WARN  nmq_mqtt.c:986: Indr_Pt100_client_GtVq4cRyfJ2m pipe close!
2026-01-01 20:06:38 [7608] WARN  mqtt_parser.c:1339: Indr_Pt100_client_GtVq4cRyfJ2m offline!
2026-01-01 20:06:38 [7608] WARN  mqtt_parser.c:1335: Indr_Pt100_client_wJ5I8B5DpouB online!
2026-01-01 20:06:47 [7608] WARN  nmq_websocket.c:160:  recv aio error Object closed
2026-01-01 20:06:47 [7608] WARN  nmq_mqtt.c:986: Indr_Pt100_client_wJ5I8B5DpouB pipe close!
2026-01-01 20:06:47 [7608] WARN  mqtt_parser.c:1339: Indr_Pt100_client_wJ5I8B5DpouB offline!
2026-01-01 20:06:48 [7608] WARN  mqtt_parser.c:1335: Indr_Pt100_client_cQhlW6MANMJ6 online!
2026-01-01 20:06:49 [7608] WARN  nmq_websocket.c:160:  recv aio error Object closed
2026-01-01 20:06:49 [7608] WARN  nmq_mqtt.c:986: Indr_Pt100_client_cQhlW6MANMJ6 pipe close!
2026-01-01 20:06:49 [7608] WARN  mqtt_parser.c:1339: Indr_Pt100_client_cQhlW6MANMJ6 offline!
2026-01-01 20:06:49 [7608] WARN  mqtt_parser.c:1335: Indr_Pt100_client_CDQg45r1rggM online!
2026-01-01 20:06:52 [7608] WARN  nmq_websocket.c:160:  recv aio error Object closed
2026-01-01 20:06:52 [7608] WARN  nmq_mqtt.c:986: Indr_Pt100_client_CDQg45r1rggM pipe close!
2026-01-01 20:06:52 [7608] WARN  mqtt_parser.c:1339: Indr_Pt100_client_CDQg45r1rggM offline!
2026-01-01 20:06:52 [7608] WARN  mqtt_parser.c:1335: Indr_Pt100_client_Ot7x5ENcs1MC online!
2026-01-01 20:06:58 [7608] WARN  nmq_websocket.c:160:  recv aio error Object closed
2026-01-01 20:06:58 [7608] WARN  nmq_mqtt.c:986: Indr_Pt100_client_Ot7x5ENcs1MC pipe close!
2026-01-01 20:06:58 [7608] WARN  mqtt_parser.c:1339: Indr_Pt100_client_Ot7x5ENcs1MC offline!
2026-01-01 20:06:58 [7608] WARN  mqtt_parser.c:1335: Indr_Pt100_client_Z3BAASCJqPHQ online!
2026-01-01 20:07:07 [7608] WARN  nmq_websocket.c:160:  recv aio error Object closed
2026-01-01 20:07:07 [7608] WARN  nmq_mqtt.c:986: Indr_Pt100_client_Z3BAASCJqPHQ pipe close!
2026-01-01 20:07:07 [7608] WARN  mqtt_parser.c:1339: Indr_Pt100_client_Z3BAASCJqPHQ offline!
2026-01-01 20:07:07 [7608] WARN  mqtt_parser.c:1335: Indr_Pt100_client_lOFaXPwheI8u online!
2026-01-01 20:07:09 [7608] WARN  nmq_websocket.c:160:  recv aio error Object closed
2026-01-01 20:07:09 [7608] WARN  nmq_mqtt.c:986: Indr_Pt100_client_lOFaXPwheI8u pipe close!
2026-01-01 20:07:09 [7608] WARN  mqtt_parser.c:1339: Indr_Pt100_client_lOFaXPwheI8u offline!
2026-01-01 20:07:09 [7608] WARN  mqtt_parser.c:1335: Indr_Pt100_client_ZeNBPq1ofpIo online!
2026-01-01 20:07:28 [7608] WARN  nmq_websocket.c:160:  recv aio error Object closed
2026-01-01 20:07:28 [7608] WARN  nmq_mqtt.c:986: Indr_Pt100_client_ZeNBPq1ofpIo pipe close!
2026-01-01 20:07:28 [7608] WARN  mqtt_parser.c:1339: Indr_Pt100_client_ZeNBPq1ofpIo offline!
2026-01-01 20:07:29 [7608] WARN  mqtt_parser.c:1335: Indr_Pt100_client_BWnTANVejSr6 online!
2026-01-01 20:07:31 [7608] WARN  nmq_websocket.c:160:  recv aio error Object closed
2026-01-01 20:07:31 [7608] WARN  nmq_mqtt.c:986: Indr_Pt100_client_BWnTANVejSr6 pipe close!
2026-01-01 20:07:31 [7608] WARN  mqtt_parser.c:1339: Indr_Pt100_client_BWnTANVejSr6 offline!
2026-01-01 20:07:31 [7608] WARN  mqtt_parser.c:1335: Indr_Pt100_client_00h0fMbN2qUg online!
2026-01-01 20:07:38 [7608] WARN  nmq_websocket.c:160:  recv aio error Object closed
2026-01-01 20:07:38 [7608] WARN  nmq_mqtt.c:986: Indr_Pt100_client_00h0fMbN2qUg pipe close!
2026-01-01 20:07:38 [7608] WARN  mqtt_parser.c:1339: Indr_Pt100_client_00h0fMbN2qUg offline!
2026-01-01 20:07:39 [7608] WARN  mqtt_parser.c:1335: Indr_Pt100_client_AaLOP1kWbVH6 online!
2026-01-01 20:07:44 [7608] WARN  nmq_websocket.c:160:  recv aio error Object closed
2026-01-01 20:07:44 [7608] WARN  nmq_mqtt.c:986: Indr_Pt100_client_AaLOP1kWbVH6 pipe close!
2026-01-01 20:07:44 [7608] WARN  mqtt_parser.c:1339: Indr_Pt100_client_AaLOP1kWbVH6 offline!
2026-01-01 20:07:44 [7608] WARN  mqtt_parser.c:1335: Indr_Pt100_client_QYeLPpL8aSQA online!
2026-01-01 20:08:21 [7608] WARN  nmq_websocket.c:160:  recv aio error Object closed
2026-01-01 20:08:21 [7608] WARN  nmq_mqtt.c:986: Indr_Pt100_client_QYeLPpL8aSQA pipe close!
2026-01-01 20:08:21 [7608] WARN  mqtt_parser.c:1339: Indr_Pt100_client_QYeLPpL8aSQA offline!
2026-01-01 20:08:21 [7608] WARN  mqtt_parser.c:1335: Indr_Pt100_client_83RipOn3BmVx online!
2026-01-01 20:08:24 [7608] WARN  nmq_websocket.c:160:  recv aio error Object closed
2026-01-01 20:08:24 [7608] WARN  nmq_mqtt.c:986: Indr_Pt100_client_83RipOn3BmVx pipe close!
2026-01-01 20:08:24 [7608] WARN  mqtt_parser.c:1339: Indr_Pt100_client_83RipOn3BmVx offline!
2026-01-01 20:08:24 [7608] WARN  mqtt_parser.c:1335: Indr_Pt100_client_i9FvQrgAq9EN online!
2026-01-01 20:08:28 [7608] WARN  nmq_websocket.c:160:  recv aio error Object closed
2026-01-01 20:08:28 [7608] WARN  nmq_mqtt.c:986: Indr_Pt100_client_i9FvQrgAq9EN pipe close!
2026-01-01 20:08:28 [7608] WARN  mqtt_parser.c:1339: Indr_Pt100_client_i9FvQrgAq9EN offline!
2026-01-01 20:08:28 [7608] WARN  mqtt_parser.c:1335: Indr_Pt100_client_kFv5kWvxxCAl online!
2026-01-01 20:08:29 [7608] WARN  nmq_websocket.c:160:  recv aio error Object closed
2026-01-01 20:08:29 [7608] WARN  nmq_mqtt.c:986: Indr_Pt100_client_kFv5kWvxxCAl pipe close!
2026-01-01 20:08:29 [7608] WARN  mqtt_parser.c:1339: Indr_Pt100_client_kFv5kWvxxCAl offline!
2026-01-01 20:08:30 [7608] WARN  mqtt_parser.c:1335: Indr_Pt100_client_UBLuzBPQDld2 online!
2026-01-01 20:08:48 [7608] WARN  nmq_websocket.c:160:  recv aio error Object closed
2026-01-01 20:08:48 [7608] WARN  nmq_mqtt.c:986: Indr_Pt100_client_UBLuzBPQDld2 pipe close!
2026-01-01 20:08:48 [7608] WARN  mqtt_parser.c:1339: Indr_Pt100_client_UBLuzBPQDld2 offline!
2026-01-01 20:08:49 [7608] WARN  mqtt_parser.c:1335: Indr_Pt100_client_OHnSm4Kso7Pt online!
2026-01-01 20:08:51 [7608] WARN  nmq_websocket.c:160:  recv aio error Object closed
2026-01-01 20:08:51 [7608] WARN  nmq_mqtt.c:986: Indr_Pt100_client_OHnSm4Kso7Pt pipe close!
2026-01-01 20:08:51 [7608] WARN  mqtt_parser.c:1339: Indr_Pt100_client_OHnSm4Kso7Pt offline!
2026-01-01 20:08:51 [7608] WARN  mqtt_parser.c:1335: Indr_Pt100_client_rqO8gGda3tLR online!
2026-01-01 20:08:52 [7608] WARN  nmq_websocket.c:160:  recv aio error Object closed
2026-01-01 20:08:52 [7608] WARN  nmq_mqtt.c:986: Indr_Pt100_client_rqO8gGda3tLR pipe close!
2026-01-01 20:08:52 [7608] WARN  mqtt_parser.c:1339: Indr_Pt100_client_rqO8gGda3tLR offline!
2026-01-01 20:08:52 [7608] WARN  mqtt_parser.c:1335: Indr_Pt100_client_7AE3t1W3Rokm online!
2026-01-01 20:08:56 [7608] WARN  nmq_websocket.c:160:  recv aio error Object closed
2026-01-01 20:08:56 [7608] WARN  nmq_mqtt.c:986: Indr_Pt100_client_7AE3t1W3Rokm pipe close!
2026-01-01 20:08:56 [7608] WARN  mqtt_parser.c:1339: Indr_Pt100_client_7AE3t1W3Rokm offline!
2026-01-01 20:08:56 [7608] WARN  mqtt_parser.c:1335: Indr_Pt100_client_HHXbiH4rM2lJ online!
2026-01-01 20:09:07 [7608] WARN  nmq_websocket.c:160:  recv aio error Object closed
2026-01-01 20:09:07 [7608] WARN  nmq_mqtt.c:986: Indr_Pt100_client_HHXbiH4rM2lJ pipe close!
2026-01-01 20:09:07 [7608] WARN  mqtt_parser.c:1339: Indr_Pt100_client_HHXbiH4rM2lJ offline!
2026-01-01 20:09:07 [7608] WARN  mqtt_parser.c:1335: Indr_Pt100_client_QjljiUTsCpYH online!
2026-01-01 20:09:16 [7608] WARN  nmq_websocket.c:160:  recv aio error Object closed
2026-01-01 20:09:16 [7608] WARN  nmq_mqtt.c:986: Indr_Pt100_client_QjljiUTsCpYH pipe close!
2026-01-01 20:09:16 [7608] WARN  mqtt_parser.c:1339: Indr_Pt100_client_QjljiUTsCpYH offline!
2026-01-01 20:09:17 [7608] WARN  mqtt_parser.c:1335: Indr_Pt100_client_cj9vmy0KpspK online!
2026-01-01 20:09:29 [7608] WARN  nmq_websocket.c:160:  recv aio error Object closed
2026-01-01 20:09:29 [7608] WARN  nmq_mqtt.c:986: Indr_Pt100_client_cj9vmy0KpspK pipe close!
2026-01-01 20:09:29 [7608] WARN  mqtt_parser.c:1339: Indr_Pt100_client_cj9vmy0KpspK offline!
2026-01-01 20:09:29 [7608] WARN  mqtt_parser.c:1335: Indr_Pt100_client_pIfwg4bTAxvI online!
2026-01-01 20:09:54 [7608] WARN  nmq_websocket.c:160:  recv aio error Object closed
2026-01-01 20:09:54 [7608] WARN  nmq_mqtt.c:986: Indr_Pt100_client_pIfwg4bTAxvI pipe close!
2026-01-01 20:09:54 [7608] WARN  mqtt_parser.c:1339: Indr_Pt100_client_pIfwg4bTAxvI offline!
2026-01-01 20:09:55 [7608] WARN  mqtt_parser.c:1335: Indr_Pt100_client_k14vsFXvgfCz online!
2026-01-01 20:09:56 [7608] WARN  nmq_websocket.c:160:  recv aio error Object closed
2026-01-01 20:09:56 [7608] WARN  nmq_mqtt.c:986: Indr_Pt100_client_k14vsFXvgfCz pipe close!
2026-01-01 20:09:56 [7608] WARN  mqtt_parser.c:1339: Indr_Pt100_client_k14vsFXvgfCz offline!
2026-01-01 20:09:56 [7608] WARN  mqtt_parser.c:1335: Indr_Pt100_client_QO0TcxCuZ9Tx online!
2026-01-01 20:10:11 [7608] WARN  nmq_websocket.c:160:  recv aio error Object closed
2026-01-01 20:10:11 [7608] WARN  nmq_mqtt.c:986: Indr_Pt100_client_QO0TcxCuZ9Tx pipe close!
2026-01-01 20:10:11 [7608] WARN  mqtt_parser.c:1339: Indr_Pt100_client_QO0TcxCuZ9Tx offline!
2026-01-01 20:10:11 [7608] WARN  mqtt_parser.c:1335: Indr_Pt100_client_VrpGH0a06kuE online!
2026-01-01 20:11:41 [7608] WARN  nmq_websocket.c:160:  recv aio error Object closed
2026-01-01 20:11:41 [7608] WARN  nmq_mqtt.c:986: Indr_Pt100_client_VrpGH0a06kuE pipe close!
2026-01-01 20:11:41 [7608] WARN  mqtt_parser.c:1339: Indr_Pt100_client_VrpGH0a06kuE offline!
2026-01-01 20:11:41 [7608] WARN  mqtt_parser.c:1335: Indr_Pt100_client_2Z565UZlWIZ9 online!
2026-01-01 20:12:15 [7608] WARN  nmq_websocket.c:160:  recv aio error Object closed
2026-01-01 20:12:15 [7608] WARN  nmq_mqtt.c:986: Indr_Pt100_client_2Z565UZlWIZ9 pipe close!
2026-01-01 20:12:15 [7608] WARN  mqtt_parser.c:1339: Indr_Pt100_client_2Z565UZlWIZ9 offline!
2026-01-01 20:12:16 [7608] WARN  mqtt_parser.c:1335: Indr_Pt100_client_FBPSTg1mTbKc online!
2026-01-01 20:13:10 [7608] WARN  nmq_websocket.c:160:  recv aio error Object closed
2026-01-01 20:13:10 [7608] WARN  nmq_mqtt.c:986: Indr_Pt100_client_FBPSTg1mTbKc pipe close!
2026-01-01 20:13:10 [7608] WARN  mqtt_parser.c:1339: Indr_Pt100_client_FBPSTg1mTbKc offline!
2026-01-01 20:13:10 [7608] WARN  mqtt_parser.c:1335: Indr_Pt100_client_6soOJJULO112 online!
2026-01-01 20:13:18 [7608] WARN  nmq_websocket.c:160:  recv aio error Object closed
2026-01-01 20:13:18 [7608] WARN  nmq_mqtt.c:986: Indr_Pt100_client_6soOJJULO112 pipe close!
2026-01-01 20:13:18 [7608] WARN  mqtt_parser.c:1339: Indr_Pt100_client_6soOJJULO112 offline!
2026-01-01 20:13:19 [7608] WARN  mqtt_parser.c:1335: Indr_Pt100_client_rEguuYB6qeo7 online!
2026-01-01 20:13:22 [7608] WARN  nmq_websocket.c:160:  recv aio error Object closed
2026-01-01 20:13:22 [7608] WARN  nmq_mqtt.c:986: Indr_Pt100_client_rEguuYB6qeo7 pipe close!
2026-01-01 20:13:22 [7608] WARN  mqtt_parser.c:1339: Indr_Pt100_client_rEguuYB6qeo7 offline!
2026-01-01 20:13:22 [7608] WARN  mqtt_parser.c:1335: Indr_Pt100_client_MveLrBFmxGop online!
2026-01-01 20:13:34 [7608] WARN  nmq_websocket.c:160:  recv aio error Object closed
2026-01-01 20:13:34 [7608] WARN  nmq_mqtt.c:986: Indr_Pt100_client_MveLrBFmxGop pipe close!
2026-01-01 20:13:34 [7608] WARN  mqtt_parser.c:1339: Indr_Pt100_client_MveLrBFmxGop offline!
2026-01-01 20:13:34 [7608] WARN  mqtt_parser.c:1335: Indr_Pt100_client_7hH541xXNEJh online!
2026-01-01 20:13:45 [7608] WARN  nmq_websocket.c:160:  recv aio error Object closed
2026-01-01 20:13:45 [7608] WARN  nmq_mqtt.c:986: Indr_Pt100_client_7hH541xXNEJh pipe close!
2026-01-01 20:13:45 [7608] WARN  mqtt_parser.c:1339: Indr_Pt100_client_7hH541xXNEJh offline!
2026-01-01 20:13:46 [7608] WARN  mqtt_parser.c:1335: Indr_Pt100_client_QZe7mXP4GtGg online!
2026-01-01 20:13:56 [7608] WARN  nmq_websocket.c:160:  recv aio error Object closed
2026-01-01 20:13:56 [7608] WARN  nmq_mqtt.c:986: Indr_Pt100_client_QZe7mXP4GtGg pipe close!
2026-01-01 20:13:56 [7608] WARN  mqtt_parser.c:1339: Indr_Pt100_client_QZe7mXP4GtGg offline!
2026-01-01 20:13:56 [7608] WARN  mqtt_parser.c:1335: Indr_Pt100_client_HmzJ6TQZrddG online!
2026-01-01 20:14:20 [7608] WARN  nmq_websocket.c:160:  recv aio error Object closed
2026-01-01 20:14:20 [7608] WARN  nmq_mqtt.c:986: Indr_Pt100_client_HmzJ6TQZrddG pipe close!
2026-01-01 20:14:20 [7608] WARN  mqtt_parser.c:1339: Indr_Pt100_client_HmzJ6TQZrddG offline!
2026-01-01 20:14:20 [7608] WARN  mqtt_parser.c:1335: Indr_Pt100_client_lpGzqsHuRVnB online!
2026-01-01 20:14:22 [7608] WARN  nmq_websocket.c:160:  recv aio error Object closed
2026-01-01 20:14:22 [7608] WARN  nmq_mqtt.c:986: Indr_Pt100_client_lpGzqsHuRVnB pipe close!
2026-01-01 20:14:22 [7608] WARN  mqtt_parser.c:1339: Indr_Pt100_client_lpGzqsHuRVnB offline!
2026-01-01 20:14:22 [7608] WARN  mqtt_parser.c:1335: Indr_Pt100_client_REJUh8fsXyII online!
2026-01-01 20:14:29 [7608] WARN  nmq_websocket.c:160:  recv aio error Object closed
2026-01-01 20:14:29 [7608] WARN  nmq_mqtt.c:986: Indr_Pt100_client_REJUh8fsXyII pipe close!
2026-01-01 20:14:29 [7608] WARN  mqtt_parser.c:1339: Indr_Pt100_client_REJUh8fsXyII offline!
2026-01-01 20:14:29 [7608] WARN  mqtt_parser.c:1335: Indr_Pt100_client_87EyOyHil5Uy online!
2026-01-01 20:14:31 [7608] WARN  nmq_websocket.c:160:  recv aio error Object closed
2026-01-01 20:14:31 [7608] WARN  nmq_mqtt.c:986: Indr_Pt100_client_87EyOyHil5Uy pipe close!
2026-01-01 20:14:31 [7608] WARN  mqtt_parser.c:1339: Indr_Pt100_client_87EyOyHil5Uy offline!
2026-01-01 20:14:32 [7608] WARN  mqtt_parser.c:1335: Indr_Pt100_client_xKmxnvit7XNQ online!
2026-01-01 20:14:40 [7608] WARN  nmq_websocket.c:160:  recv aio error Object closed
2026-01-01 20:14:40 [7608] WARN  nmq_mqtt.c:986: Indr_Pt100_client_xKmxnvit7XNQ pipe close!
2026-01-01 20:14:40 [7608] WARN  mqtt_parser.c:1339: Indr_Pt100_client_xKmxnvit7XNQ offline!
2026-01-01 20:14:40 [7608] WARN  mqtt_parser.c:1335: Indr_Pt100_client_o99yERA6hbG5 online!
2026-01-01 20:14:59 [7608] WARN  nmq_websocket.c:160:  recv aio error Object closed
2026-01-01 20:14:59 [7608] WARN  nmq_mqtt.c:986: Indr_Pt100_client_o99yERA6hbG5 pipe close!
2026-01-01 20:14:59 [7608] WARN  mqtt_parser.c:1339: Indr_Pt100_client_o99yERA6hbG5 offline!
2026-01-01 20:14:59 [7608] WARN  mqtt_parser.c:1335: Indr_Pt100_client_Vtclz8r9hDa8 online!
2026-01-01 20:21:10 [7608] WARN  nmq_websocket.c:160:  recv aio error Object closed
2026-01-01 20:21:10 [7608] WARN  nmq_mqtt.c:986: Indr_Pt100_client_Vtclz8r9hDa8 pipe close!
2026-01-01 20:21:10 [7608] WARN  mqtt_parser.c:1339: Indr_Pt100_client_Vtclz8r9hDa8 offline!
2026-01-01 20:21:10 [7608] WARN  mqtt_parser.c:1335: Indr_Pt100_client_4Xg0f4s3Z7yq online!
2026-01-01 20:21:13 [7608] WARN  nmq_websocket.c:160:  recv aio error Object closed
2026-01-01 20:21:13 [7608] WARN  nmq_mqtt.c:986: Indr_Pt100_client_4Xg0f4s3Z7yq pipe close!
2026-01-01 20:21:13 [7608] WARN  mqtt_parser.c:1339: Indr_Pt100_client_4Xg0f4s3Z7yq offline!
2026-01-01 20:21:13 [7608] WARN  mqtt_parser.c:1335: Indr_Pt100_client_kLFoouXhSfe3 online!
2026-01-01 20:22:30 [7608] WARN  nmq_websocket.c:160:  recv aio error Object closed
2026-01-01 20:22:30 [7608] WARN  nmq_mqtt.c:986: Indr_Pt100_client_kLFoouXhSfe3 pipe close!
2026-01-01 20:22:30 [7608] WARN  mqtt_parser.c:1339: Indr_Pt100_client_kLFoouXhSfe3 offline!
2026-01-01 20:22:30 [7608] WARN  mqtt_parser.c:1335: Indr_Pt100_client_icNYje2ziGWd online!
2026-01-01 20:22:35 [7608] WARN  nmq_websocket.c:160:  recv aio error Object closed
2026-01-01 20:22:35 [7608] WARN  nmq_mqtt.c:986: Indr_Pt100_client_icNYje2ziGWd pipe close!
2026-01-01 20:22:35 [7608] WARN  mqtt_parser.c:1339: Indr_Pt100_client_icNYje2ziGWd offline!
2026-01-01 20:22:35 [7608] WARN  mqtt_parser.c:1335: Indr_Pt100_client_KbswBcn9tv2U online!
2026-01-01 20:22:56 [7608] WARN  nmq_websocket.c:160:  recv aio error Object closed
2026-01-01 20:22:56 [7608] WARN  nmq_mqtt.c:986: Indr_Pt100_client_KbswBcn9tv2U pipe close!
2026-01-01 20:22:56 [7608] WARN  mqtt_parser.c:1339: Indr_Pt100_client_KbswBcn9tv2U offline!
2026-01-01 20:22:56 [7608] WARN  mqtt_parser.c:1335: Indr_Pt100_client_Wp8PSPoWEFNP online!
2026-01-01 20:23:01 [7608] WARN  nmq_websocket.c:160:  recv aio error Object closed
2026-01-01 20:23:01 [7608] WARN  nmq_mqtt.c:986: Indr_Pt100_client_Wp8PSPoWEFNP pipe close!
2026-01-01 20:23:01 [7608] WARN  mqtt_parser.c:1339: Indr_Pt100_client_Wp8PSPoWEFNP offline!
2026-01-01 20:23:01 [7608] WARN  mqtt_parser.c:1335: Indr_Pt100_client_QbQnJh1B7f7R online!
2026-01-01 20:23:06 [7608] WARN  nmq_websocket.c:160:  recv aio error Object closed
2026-01-01 20:23:06 [7608] WARN  nmq_mqtt.c:986: Indr_Pt100_client_QbQnJh1B7f7R pipe close!
2026-01-01 20:23:06 [7608] WARN  mqtt_parser.c:1339: Indr_Pt100_client_QbQnJh1B7f7R offline!
2026-01-01 20:23:07 [7608] WARN  mqtt_parser.c:1335: Indr_Pt100_client_5Y0H5zJKK5XJ online!
2026-01-01 20:23:08 [7608] WARN  nmq_websocket.c:160:  recv aio error Object closed
2026-01-01 20:23:08 [7608] WARN  nmq_mqtt.c:986: Indr_Pt100_client_5Y0H5zJKK5XJ pipe close!
2026-01-01 20:23:08 [7608] WARN  mqtt_parser.c:1339: Indr_Pt100_client_5Y0H5zJKK5XJ offline!
2026-01-01 20:23:08 [7608] WARN  mqtt_parser.c:1335: Indr_Pt100_client_kLS05KT8YYHl online!
2026-01-01 20:23:09 [7608] WARN  nmq_websocket.c:160:  recv aio error Object closed
2026-01-01 20:23:09 [7608] WARN  nmq_mqtt.c:986: Indr_Pt100_client_kLS05KT8YYHl pipe close!
2026-01-01 20:23:09 [7608] WARN  mqtt_parser.c:1339: Indr_Pt100_client_kLS05KT8YYHl offline!
2026-01-01 20:23:10 [7608] WARN  mqtt_parser.c:1335: Indr_Pt100_client_N3TWO0friig8 online!
2026-01-01 20:26:23 [7608] WARN  nmq_websocket.c:160:  recv aio error Object closed
2026-01-01 20:26:23 [7608] WARN  nmq_mqtt.c:986: Indr_Pt100_client_N3TWO0friig8 pipe close!
2026-01-01 20:26:23 [7608] WARN  mqtt_parser.c:1339: Indr_Pt100_client_N3TWO0friig8 offline!
2026-01-01 20:26:24 [7608] WARN  mqtt_parser.c:1335: Indr_Pt100_client_OUDZXdNCMj2J online!
2026-01-01 20:26:27 [7608] WARN  nmq_websocket.c:160:  recv aio error Object closed
2026-01-01 20:26:27 [7608] WARN  nmq_mqtt.c:986: Indr_Pt100_client_OUDZXdNCMj2J pipe close!
2026-01-01 20:26:27 [7608] WARN  mqtt_parser.c:1339: Indr_Pt100_client_OUDZXdNCMj2J offline!
2026-01-01 20:26:27 [7608] WARN  mqtt_parser.c:1335: Indr_Pt100_client_8NEKneal6Mkq online!
2026-01-01 20:26:38 [7608] WARN  nmq_websocket.c:160:  recv aio error Object closed
2026-01-01 20:26:38 [7608] WARN  nmq_mqtt.c:986: Indr_Pt100_client_8NEKneal6Mkq pipe close!
2026-01-01 20:26:38 [7608] WARN  mqtt_parser.c:1339: Indr_Pt100_client_8NEKneal6Mkq offline!
2026-01-01 20:26:38 [7608] WARN  mqtt_parser.c:1335: Indr_Pt100_client_qHrMUMHxPgff online!
2026-01-01 20:26:41 [7608] WARN  nmq_websocket.c:160:  recv aio error Object closed
2026-01-01 20:26:41 [7608] WARN  nmq_mqtt.c:986: Indr_Pt100_client_qHrMUMHxPgff pipe close!
2026-01-01 20:26:41 [7608] WARN  mqtt_parser.c:1339: Indr_Pt100_client_qHrMUMHxPgff offline!
2026-01-01 20:26:41 [7608] WARN  mqtt_parser.c:1335: Indr_Pt100_client_J2zU7Ng0fyif online!
2026-01-01 20:26:46 [7608] WARN  nmq_websocket.c:160:  recv aio error Object closed
2026-01-01 20:26:46 [7608] WARN  nmq_mqtt.c:986: Indr_Pt100_client_J2zU7Ng0fyif pipe close!
2026-01-01 20:26:46 [7608] WARN  mqtt_parser.c:1339: Indr_Pt100_client_J2zU7Ng0fyif offline!
2026-01-01 20:26:46 [7608] WARN  mqtt_parser.c:1335: Indr_Pt100_client_s3DLBhhA5CU1 online!
2026-01-01 20:26:57 [7608] WARN  nmq_websocket.c:160:  recv aio error Object closed
2026-01-01 20:26:57 [7608] WARN  nmq_mqtt.c:986: Indr_Pt100_client_s3DLBhhA5CU1 pipe close!
2026-01-01 20:26:57 [7608] WARN  mqtt_parser.c:1339: Indr_Pt100_client_s3DLBhhA5CU1 offline!
2026-01-01 20:26:57 [7608] WARN  mqtt_parser.c:1335: Indr_Pt100_client_GVlsw4uOI8cU online!
2026-01-01 20:27:09 [7608] WARN  nmq_websocket.c:160:  recv aio error Object closed
2026-01-01 20:27:09 [7608] WARN  nmq_mqtt.c:986: Indr_Pt100_client_GVlsw4uOI8cU pipe close!
2026-01-01 20:27:09 [7608] WARN  mqtt_parser.c:1339: Indr_Pt100_client_GVlsw4uOI8cU offline!
2026-01-01 20:27:09 [7608] WARN  mqtt_parser.c:1335: Indr_Pt100_client_Uz0yCWO00K3m online!
2026-01-01 20:27:12 [7608] WARN  nmq_websocket.c:160:  recv aio error Object closed
2026-01-01 20:27:12 [7608] WARN  nmq_mqtt.c:986: Indr_Pt100_client_Uz0yCWO00K3m pipe close!
2026-01-01 20:27:12 [7608] WARN  mqtt_parser.c:1339: Indr_Pt100_client_Uz0yCWO00K3m offline!
2026-01-01 20:27:12 [7608] WARN  mqtt_parser.c:1335: Indr_Pt100_client_lqTvV77Apoko online!
2026-01-01 20:27:13 [7608] WARN  nmq_websocket.c:160:  recv aio error Object closed
2026-01-01 20:27:13 [7608] WARN  nmq_mqtt.c:986: Indr_Pt100_client_lqTvV77Apoko pipe close!
2026-01-01 20:27:13 [7608] WARN  mqtt_parser.c:1339: Indr_Pt100_client_lqTvV77Apoko offline!
2026-01-01 20:27:13 [7608] WARN  mqtt_parser.c:1335: Indr_Pt100_client_seVRUKTUuhLN online!
2026-01-01 20:27:31 [7608] WARN  nmq_websocket.c:160:  recv aio error Object closed
2026-01-01 20:27:31 [7608] WARN  nmq_mqtt.c:986: Indr_Pt100_client_seVRUKTUuhLN pipe close!
2026-01-01 20:27:31 [7608] WARN  mqtt_parser.c:1339: Indr_Pt100_client_seVRUKTUuhLN offline!
2026-01-01 20:27:31 [7608] WARN  mqtt_parser.c:1335: Indr_Pt100_client_4hpEoP9zYkcb online!
2026-01-01 20:27:33 [7608] WARN  nmq_websocket.c:160:  recv aio error Object closed
2026-01-01 20:27:33 [7608] WARN  nmq_mqtt.c:986: Indr_Pt100_client_4hpEoP9zYkcb pipe close!
2026-01-01 20:27:33 [7608] WARN  mqtt_parser.c:1339: Indr_Pt100_client_4hpEoP9zYkcb offline!
2026-01-01 20:27:33 [7608] WARN  mqtt_parser.c:1335: Indr_Pt100_client_spEglK0O8gie online!
2026-01-01 20:30:23 [7608] WARN  nmq_websocket.c:160:  recv aio error Object closed
2026-01-01 20:30:23 [7608] WARN  nmq_mqtt.c:986: Indr_Pt100_client_spEglK0O8gie pipe close!
2026-01-01 20:30:23 [7608] WARN  mqtt_parser.c:1339: Indr_Pt100_client_spEglK0O8gie offline!
2026-01-01 20:30:23 [7608] WARN  mqtt_parser.c:1335: Indr_Pt100_client_FKkon12ymW4Y online!
2026-01-01 20:30:25 [7608] WARN  nmq_websocket.c:160:  recv aio error Object closed
2026-01-01 20:30:25 [7608] WARN  nmq_mqtt.c:986: Indr_Pt100_client_FKkon12ymW4Y pipe close!
2026-01-01 20:30:25 [7608] WARN  mqtt_parser.c:1339: Indr_Pt100_client_FKkon12ymW4Y offline!
2026-01-01 20:30:25 [7608] WARN  mqtt_parser.c:1335: Indr_Pt100_client_NRxCZSX5GQtl online!
2026-01-01 20:30:35 [7608] WARN  nmq_websocket.c:160:  recv aio error Object closed
2026-01-01 20:30:35 [7608] WARN  nmq_mqtt.c:986: Indr_Pt100_client_NRxCZSX5GQtl pipe close!
2026-01-01 20:30:35 [7608] WARN  mqtt_parser.c:1339: Indr_Pt100_client_NRxCZSX5GQtl offline!
2026-01-01 20:30:35 [7608] WARN  mqtt_parser.c:1335: Indr_Pt100_client_oVPy1Xfcy7f1 online!
2026-01-01 20:30:37 [7608] WARN  nmq_websocket.c:160:  recv aio error Object closed
2026-01-01 20:30:37 [7608] WARN  nmq_mqtt.c:986: Indr_Pt100_client_oVPy1Xfcy7f1 pipe close!
2026-01-01 20:30:37 [7608] WARN  mqtt_parser.c:1339: Indr_Pt100_client_oVPy1Xfcy7f1 offline!
2026-01-01 20:30:37 [7608] WARN  mqtt_parser.c:1335: Indr_Pt100_client_oKqZCAYDaUj5 online!
2026-01-01 20:30:43 [7608] WARN  nmq_websocket.c:160:  recv aio error Object closed
2026-01-01 20:30:43 [7608] WARN  nmq_mqtt.c:986: Indr_Pt100_client_oKqZCAYDaUj5 pipe close!
2026-01-01 20:30:43 [7608] WARN  mqtt_parser.c:1339: Indr_Pt100_client_oKqZCAYDaUj5 offline!
2026-01-01 20:30:43 [7608] WARN  mqtt_parser.c:1335: Indr_Pt100_client_wzYzEoRGbLj7 online!
2026-01-01 20:31:08 [7608] WARN  nmq_websocket.c:160:  recv aio error Object closed
2026-01-01 20:31:08 [7608] WARN  nmq_mqtt.c:986: Indr_Pt100_client_wzYzEoRGbLj7 pipe close!
2026-01-01 20:31:08 [7608] WARN  mqtt_parser.c:1339: Indr_Pt100_client_wzYzEoRGbLj7 offline!
2026-01-01 20:31:08 [7608] WARN  mqtt_parser.c:1335: Indr_Pt100_client_KmSWvVGt5hAj online!
2026-01-01 20:31:21 [7608] WARN  nmq_websocket.c:160:  recv aio error Object closed
2026-01-01 20:31:21 [7608] WARN  nmq_mqtt.c:986: Indr_Pt100_client_KmSWvVGt5hAj pipe close!
2026-01-01 20:31:21 [7608] WARN  mqtt_parser.c:1339: Indr_Pt100_client_KmSWvVGt5hAj offline!
2026-01-01 20:31:21 [7608] WARN  mqtt_parser.c:1335: Indr_Pt100_client_GqytO4tDyTKj online!
2026-01-01 20:31:23 [7608] WARN  nmq_websocket.c:160:  recv aio error Object closed
2026-01-01 20:31:23 [7608] WARN  nmq_mqtt.c:986: Indr_Pt100_client_GqytO4tDyTKj pipe close!
2026-01-01 20:31:23 [7608] WARN  mqtt_parser.c:1339: Indr_Pt100_client_GqytO4tDyTKj offline!
2026-01-01 20:31:23 [7608] WARN  mqtt_parser.c:1335: Indr_Pt100_client_4xEE42ncZ7aU online!
2026-01-01 20:31:24 [7608] WARN  nmq_websocket.c:160:  recv aio error Object closed
2026-01-01 20:31:24 [7608] WARN  nmq_mqtt.c:986: Indr_Pt100_client_4xEE42ncZ7aU pipe close!
2026-01-01 20:31:24 [7608] WARN  mqtt_parser.c:1339: Indr_Pt100_client_4xEE42ncZ7aU offline!
2026-01-01 20:31:25 [7608] WARN  mqtt_parser.c:1335: Indr_Pt100_client_oskfSkRGDB4J online!
2026-01-01 20:31:28 [7608] WARN  nmq_websocket.c:160:  recv aio error Object closed
2026-01-01 20:31:28 [7608] WARN  nmq_mqtt.c:986: Indr_Pt100_client_oskfSkRGDB4J pipe close!
2026-01-01 20:31:28 [7608] WARN  mqtt_parser.c:1339: Indr_Pt100_client_oskfSkRGDB4J offline!
2026-01-01 20:31:28 [7608] WARN  mqtt_parser.c:1335: Indr_Pt100_client_iL9zJcbHFaWb online!
2026-01-01 20:31:32 [7608] WARN  nmq_websocket.c:160:  recv aio error Object closed
2026-01-01 20:31:32 [7608] WARN  nmq_mqtt.c:986: Indr_Pt100_client_iL9zJcbHFaWb pipe close!
2026-01-01 20:31:32 [7608] WARN  mqtt_parser.c:1339: Indr_Pt100_client_iL9zJcbHFaWb offline!
2026-01-01 20:31:32 [7608] WARN  mqtt_parser.c:1335: Indr_Pt100_client_Hyf4ZVuQIB6X online!
2026-01-01 20:31:35 [7608] WARN  nmq_websocket.c:160:  recv aio error Object closed
2026-01-01 20:31:35 [7608] WARN  nmq_mqtt.c:986: Indr_Pt100_client_Hyf4ZVuQIB6X pipe close!
2026-01-01 20:31:35 [7608] WARN  mqtt_parser.c:1339: Indr_Pt100_client_Hyf4ZVuQIB6X offline!
2026-01-01 20:31:35 [7608] WARN  mqtt_parser.c:1335: Indr_Pt100_client_NOUyvQT7j4aQ online!
2026-01-01 20:31:37 [7608] WARN  nmq_websocket.c:160:  recv aio error Object closed
2026-01-01 20:31:37 [7608] WARN  nmq_mqtt.c:986: Indr_Pt100_client_NOUyvQT7j4aQ pipe close!
2026-01-01 20:31:37 [7608] WARN  mqtt_parser.c:1339: Indr_Pt100_client_NOUyvQT7j4aQ offline!
2026-01-01 20:31:37 [7608] WARN  mqtt_parser.c:1335: Indr_Pt100_client_l0Rk7Qmk6IoW online!
2026-01-01 20:31:39 [7608] WARN  nmq_websocket.c:160:  recv aio error Object closed
2026-01-01 20:31:39 [7608] WARN  nmq_mqtt.c:986: Indr_Pt100_client_l0Rk7Qmk6IoW pipe close!
2026-01-01 20:31:39 [7608] WARN  mqtt_parser.c:1339: Indr_Pt100_client_l0Rk7Qmk6IoW offline!
2026-01-01 20:31:40 [7608] WARN  mqtt_parser.c:1335: Indr_Pt100_client_RywP0qeegMoW online!
2026-01-01 20:31:47 [7608] WARN  nmq_websocket.c:160:  recv aio error Object closed
2026-01-01 20:31:47 [7608] WARN  nmq_mqtt.c:986: Indr_Pt100_client_RywP0qeegMoW pipe close!
2026-01-01 20:31:47 [7608] WARN  mqtt_parser.c:1339: Indr_Pt100_client_RywP0qeegMoW offline!
2026-01-01 20:31:48 [7608] WARN  mqtt_parser.c:1335: Indr_Pt100_client_nZZ1HcS0ft6S online!
2026-01-01 20:31:54 [7608] WARN  nmq_websocket.c:160:  recv aio error Object closed
2026-01-01 20:31:54 [7608] WARN  nmq_mqtt.c:986: Indr_Pt100_client_nZZ1HcS0ft6S pipe close!
2026-01-01 20:31:54 [7608] WARN  mqtt_parser.c:1339: Indr_Pt100_client_nZZ1HcS0ft6S offline!
2026-01-01 20:31:54 [7608] WARN  mqtt_parser.c:1335: Indr_Pt100_client_RzX8goxBC3yW online!
2026-01-01 20:31:59 [7608] WARN  nmq_websocket.c:160:  recv aio error Object closed
2026-01-01 20:31:59 [7608] WARN  nmq_mqtt.c:986: Indr_Pt100_client_RzX8goxBC3yW pipe close!
2026-01-01 20:31:59 [7608] WARN  mqtt_parser.c:1339: Indr_Pt100_client_RzX8goxBC3yW offline!
2026-01-01 20:31:59 [7608] WARN  mqtt_parser.c:1335: Indr_Pt100_client_sq43RQ8RHFmT online!
2026-01-01 20:32:04 [7608] WARN  nmq_websocket.c:160:  recv aio error Object closed
2026-01-01 20:32:04 [7608] WARN  nmq_mqtt.c:986: Indr_Pt100_client_sq43RQ8RHFmT pipe close!
2026-01-01 20:32:04 [7608] WARN  mqtt_parser.c:1339: Indr_Pt100_client_sq43RQ8RHFmT offline!
2026-01-01 20:32:04 [7608] WARN  mqtt_parser.c:1335: Indr_Pt100_client_Ctmfg3raoK7G online!
2026-01-01 20:36:18 [7608] WARN  nmq_websocket.c:160:  recv aio error Object closed
2026-01-01 20:36:18 [7608] WARN  nmq_mqtt.c:986: Indr_Pt100_client_Ctmfg3raoK7G pipe close!
2026-01-01 20:36:18 [7608] WARN  mqtt_parser.c:1339: Indr_Pt100_client_Ctmfg3raoK7G offline!
2026-01-01 20:39:28 [7608] WARN  broker_tcp.c:683: nni aio recv error!! Unknown error #64

2026-01-01 20:39:28 [7608] WARN  broker_tcp.c:974: tcptran_pipe_recv_cb: recv_error rv: 128

2026-01-01 20:39:28 [7608] WARN  nmq_mqtt.c:986: mqtt-explorer-8f78055a pipe close!
2026-01-01 20:39:28 [7608] WARN  mqtt_parser.c:1339: mqtt-explorer-8f78055a offline!
2026-01-01 20:39:28 [7608] WARN  nmq_mqtt.c:431: pipe id 2016390686 is gone, pub failed
2026-01-01 20:40:04 [7272] WARN  broker.c:2149: Default bridging Clientid is nanomq-7e8c96e6
2026-01-01 20:40:04 [7272] WARN  broker.c:1262: EMQX Edge (ver 1.2.0) Serving MQTT TCP on nmq-tcp://0.0.0.0:1883
2026-01-01 20:40:04 [7272] WARN  broker.c:1290: EMQX Edge (ver 1.2.0) Serving MQTT over WebSocket on nmq-ws://0.0.0.0:8083/mqtt
2026-01-01 20:40:04 [7272] WARN  web_server.c:313: Http Server folder set to D:\Indruino_Projects\indruino\company_project\PT100_Logger_esp32\server_win\emqx-edge-1.2.0-windows-x86_64/dist
2026-01-01 20:40:04 [7272] WARN  broker.c:1376: EMQX Edge (ver 1.2.0) Serving HTTP Server on http://0.0.0.0:8081
2026-01-01 20:40:04 [7272] WARN  broker.c:1458: NanoMQ Broker is started successfully!

2026-01-01 20:56:42 [7272] WARN  mqtt_parser.c:1335: Indr_Pt100_client_zVPhmc6smGsD online!
2026-01-01 20:56:53 [7272] WARN  nmq_websocket.c:160:  recv aio error Object closed
2026-01-01 20:56:53 [7272] WARN  nmq_mqtt.c:986: Indr_Pt100_client_zVPhmc6smGsD pipe close!
2026-01-01 20:56:53 [7272] WARN  mqtt_parser.c:1339: Indr_Pt100_client_zVPhmc6smGsD offline!
2026-01-02 08:52:15 [7776] WARN  broker.c:2149: Default bridging Clientid is nanomq-6ce1196c
2026-01-02 08:52:15 [7776] WARN  broker.c:1262: EMQX Edge (ver 1.2.0) Serving MQTT TCP on nmq-tcp://0.0.0.0:1883
2026-01-02 08:52:15 [7776] WARN  broker.c:1290: EMQX Edge (ver 1.2.0) Serving MQTT over WebSocket on nmq-ws://0.0.0.0:8083/mqtt
2026-01-02 08:52:15 [7776] WARN  web_server.c:313: Http Server folder set to D:\Indruino_Projects\indruino\company_project\PT100_Logger_esp32\server_win\emqx-edge-1.2.0-windows-x86_64/dist
2026-01-02 08:52:15 [7776] WARN  broker.c:1376: EMQX Edge (ver 1.2.0) Serving HTTP Server on http://0.0.0.0:8081
2026-01-02 08:52:15 [7776] WARN  broker.c:1458: NanoMQ Broker is started successfully!

2026-01-02 08:55:40 [7776] WARN  mqtt_parser.c:1335: Indr_Pt100_client_KSWPDAjJIval online!
2026-01-02 08:55:57 [7776] WARN  mqtt_parser.c:1335: mqtt-explorer-8f78055a online!
2026-01-02 08:56:40 [7776] WARN  nmq_websocket.c:160:  recv aio error Object closed
2026-01-02 08:56:40 [7776] WARN  nmq_mqtt.c:986: Indr_Pt100_client_KSWPDAjJIval pipe close!
2026-01-02 08:56:40 [7776] WARN  mqtt_parser.c:1339: Indr_Pt100_client_KSWPDAjJIval offline!
2026-01-02 08:56:40 [7776] WARN  mqtt_parser.c:1335: Indr_Pt100_client_nUQQAf8WxRe7 online!
2026-01-02 08:59:43 [7776] WARN  nmq_mqtt.c:986: mqtt-explorer-8f78055a pipe close!
2026-01-02 08:59:43 [7776] WARN  mqtt_parser.c:1339: mqtt-explorer-8f78055a offline!
2026-01-02 08:59:43 [7776] WARN  nmq_mqtt.c:431: pipe id 2016390686 is gone, pub failed
2026-01-02 08:59:46 [7776] WARN  mqtt_parser.c:1335: PT100_Logger30AEA4985918 online!
2026-01-02 08:59:47 [7776] WARN  mqtt_parser.c:1335: PT100_LoggerB8D61A6A65C0 online!
2026-01-02 09:00:15 [7776] WARN  mqtt_parser.c:1335: mqtt-explorer-8f78055a online!
2026-01-02 09:02:21 [7776] WARN  nmq_mqtt.c:245: Warning: close pipe & kick client due to KeepAlive timeout!
2026-01-02 09:02:21 [7776] WARN  nmq_mqtt.c:986: PT100_Logger30AEA4985918 pipe close!
2026-01-02 09:02:21 [7776] WARN  broker_tcp.c:683: nni aio recv error!! Object closed

2026-01-02 09:02:21 [7776] WARN  mqtt_parser.c:1339: PT100_Logger30AEA4985918 offline!
2026-01-02 09:02:21 [7776] WARN  broker_tcp.c:974: tcptran_pipe_recv_cb: recv_error rv: 139

2026-01-02 09:02:23 [7776] WARN  nmq_mqtt.c:245: Warning: close pipe & kick client due to KeepAlive timeout!
2026-01-02 09:02:23 [7776] WARN  nmq_mqtt.c:986: PT100_LoggerB8D61A6A65C0 pipe close!
2026-01-02 09:02:23 [7776] WARN  broker_tcp.c:683: nni aio recv error!! Object closed

2026-01-02 09:02:23 [7776] WARN  mqtt_parser.c:1339: PT100_LoggerB8D61A6A65C0 offline!
2026-01-02 09:02:23 [7776] WARN  broker_tcp.c:974: tcptran_pipe_recv_cb: recv_error rv: 139

2026-01-02 09:16:39 [7776] WARN  broker_tcp.c:683: nni aio recv error!! Unknown error #212

2026-01-02 09:16:39 [7776] WARN  nmq_mqtt.c:986: mqtt-explorer-8f78055a pipe close!
2026-01-02 09:16:39 [7776] WARN  nmq_websocket.c:160:  recv aio error Object closed
2026-01-02 09:16:39 [7776] WARN  broker_tcp.c:974: tcptran_pipe_recv_cb: recv_error rv: 128

2026-01-02 09:16:39 [7776] WARN  mqtt_parser.c:1339: mqtt-explorer-8f78055a offline!
2026-01-02 09:16:39 [7776] WARN  nmq_mqtt.c:431: pipe id 2016390686 is gone, pub failed
2026-01-02 09:16:39 [7776] WARN  nmq_mqtt.c:986: Indr_Pt100_client_nUQQAf8WxRe7 pipe close!
2026-01-02 09:16:39 [7776] WARN  mqtt_parser.c:1339: Indr_Pt100_client_nUQQAf8WxRe7 offline!
2026-01-02 09:20:07 [7776] WARN  mqtt_parser.c:1335: mqtt-explorer-8f78055a online!
2026-01-02 09:20:26 [7776] WARN  broker_tcp.c:683: nni aio recv error!! Unknown error #212

2026-01-02 09:20:26 [7776] WARN  broker_tcp.c:974: tcptran_pipe_recv_cb: recv_error rv: 128

2026-01-02 09:20:26 [7776] WARN  nmq_mqtt.c:986: mqtt-explorer-8f78055a pipe close!
2026-01-02 09:20:26 [7776] WARN  mqtt_parser.c:1339: mqtt-explorer-8f78055a offline!
2026-01-02 09:20:26 [7776] WARN  nmq_mqtt.c:431: pipe id 2016390686 is gone, pub failed
2026-01-02 09:25:49 [7776] WARN  mqtt_parser.c:1335: mqtt-explorer-8f78055a online!
2026-01-02 09:27:51 [7776] WARN  mqtt_parser.c:1335: Indr_Pt100_client_nUQQAf8WxRe7 online!
2026-01-02 09:28:26 [7776] WARN  nmq_websocket.c:160:  recv aio error Object closed
2026-01-02 09:28:26 [7776] WARN  nmq_mqtt.c:986: Indr_Pt100_client_nUQQAf8WxRe7 pipe close!
2026-01-02 09:28:26 [7776] WARN  mqtt_parser.c:1339: Indr_Pt100_client_nUQQAf8WxRe7 offline!
2026-01-02 09:28:27 [7776] WARN  mqtt_parser.c:1335: Indr_Pt100_client_nUQQAf8WxRe7 online!
2026-01-02 09:28:41 [7776] WARN  mqtt_parser.c:1335: PT100_LoggerB8D61A6A65C0 online!
2026-01-02 09:28:42 [7776] WARN  mqtt_parser.c:1335: PT100_Logger30AEA4985918 online!
2026-01-02 09:31:26 [7776] WARN  nmq_mqtt.c:245: Warning: close pipe & kick client due to KeepAlive timeout!
2026-01-02 09:31:26 [7776] WARN  nmq_mqtt.c:986: PT100_LoggerB8D61A6A65C0 pipe close!
2026-01-02 09:31:26 [7776] WARN  broker_tcp.c:683: nni aio recv error!! Object closed

2026-01-02 09:31:26 [7776] WARN  mqtt_parser.c:1339: PT100_LoggerB8D61A6A65C0 offline!
2026-01-02 09:31:26 [7776] WARN  broker_tcp.c:974: tcptran_pipe_recv_cb: recv_error rv: 139

2026-01-02 09:31:27 [7776] WARN  nmq_mqtt.c:245: Warning: close pipe & kick client due to KeepAlive timeout!
2026-01-02 09:31:27 [7776] WARN  nmq_mqtt.c:986: PT100_Logger30AEA4985918 pipe close!
2026-01-02 09:31:27 [7776] WARN  broker_tcp.c:683: nni aio recv error!! Object closed

2026-01-02 09:31:27 [7776] WARN  broker_tcp.c:974: tcptran_pipe_recv_cb: recv_error rv: 139

2026-01-02 09:31:27 [7776] WARN  mqtt_parser.c:1339: PT100_Logger30AEA4985918 offline!
2026-01-02 09:31:46 [7776] WARN  mqtt_parser.c:1335: PT100_Logger30AEA4985918 online!
2026-01-02 09:31:47 [7776] WARN  mqtt_parser.c:1335: PT100_LoggerB8D61A6A65C0 online!
2026-01-02 10:09:55 [7776] WARN  nmq_mqtt.c:245: Warning: close pipe & kick client due to KeepAlive timeout!
2026-01-02 10:09:55 [7776] WARN  broker_tcp.c:683: nni aio recv error!! Object closed

2026-01-02 10:09:55 [7776] WARN  nmq_mqtt.c:986: PT100_Logger30AEA4985918 pipe close!
2026-01-02 10:09:55 [7776] WARN  broker_tcp.c:974: tcptran_pipe_recv_cb: recv_error rv: 139

2026-01-02 10:09:55 [7776] WARN  mqtt_parser.c:1339: PT100_Logger30AEA4985918 offline!
2026-01-02 10:09:55 [7776] WARN  nmq_mqtt.c:245: Warning: close pipe & kick client due to KeepAlive timeout!
2026-01-02 10:09:55 [7776] WARN  broker_tcp.c:683: nni aio recv error!! Object closed

2026-01-02 10:09:55 [7776] WARN  nmq_mqtt.c:986: PT100_LoggerB8D61A6A65C0 pipe close!
2026-01-02 10:09:55 [7776] WARN  mqtt_parser.c:1339: PT100_LoggerB8D61A6A65C0 offline!
2026-01-02 10:09:55 [7776] WARN  broker_tcp.c:974: tcptran_pipe_recv_cb: recv_error rv: 139

2026-01-02 17:30:05 [7776] WARN  nmq_websocket.c:160:  recv aio error Object closed
2026-01-02 17:30:05 [7776] WARN  nmq_mqtt.c:986: Indr_Pt100_client_nUQQAf8WxRe7 pipe close!
2026-01-02 17:30:05 [7776] WARN  mqtt_parser.c:1339: Indr_Pt100_client_nUQQAf8WxRe7 offline!
2026-01-02 17:30:10 [7776] WARN  nmq_mqtt.c:986: mqtt-explorer-8f78055a pipe close!
2026-01-02 17:30:10 [7776] WARN  mqtt_parser.c:1339: mqtt-explorer-8f78055a offline!
2026-01-02 17:30:10 [7776] WARN  nmq_mqtt.c:431: pipe id 2016390686 is gone, pub failed
2026-01-05 15:51:22 [7776] WARN  mqtt_parser.c:1335: Indr_Pt100_client_t1rX0EW1LLaS online!
2026-01-05 17:03:52 [7776] WARN  nmq_websocket.c:160:  recv aio error Object closed
2026-01-05 17:03:52 [7776] WARN  nmq_mqtt.c:986: Indr_Pt100_client_t1rX0EW1LLaS pipe close!
2026-01-05 17:03:52 [7776] WARN  mqtt_parser.c:1339: Indr_Pt100_client_t1rX0EW1LLaS offline!
2026-01-05 17:15:09 [7776] WARN  mqtt_parser.c:1335: Indr_Pt100_client_JmsufosXDqEc online!
2026-01-05 17:15:24 [7776] WARN  nmq_websocket.c:160:  recv aio error Object closed
2026-01-05 17:15:24 [7776] WARN  nmq_mqtt.c:986: Indr_Pt100_client_JmsufosXDqEc pipe close!
2026-01-05 17:15:24 [7776] WARN  mqtt_parser.c:1339: Indr_Pt100_client_JmsufosXDqEc offline!
2026-01-05 17:15:24 [7776] WARN  mqtt_parser.c:1335: Indr_Pt100_client_IJy7KI1u9gSx online!
2026-01-05 17:16:02 [7776] WARN  nmq_websocket.c:160:  recv aio error Object closed
2026-01-05 17:16:02 [7776] WARN  nmq_mqtt.c:986: Indr_Pt100_client_IJy7KI1u9gSx pipe close!
2026-01-05 17:16:02 [7776] WARN  mqtt_parser.c:1339: Indr_Pt100_client_IJy7KI1u9gSx offline!
2026-01-05 17:16:03 [7776] WARN  mqtt_parser.c:1335: Indr_Pt100_client_YH7nQMoM016k online!
2026-01-05 17:16:06 [7776] WARN  nmq_websocket.c:160:  recv aio error Object closed
2026-01-05 17:16:06 [7776] WARN  nmq_mqtt.c:986: Indr_Pt100_client_YH7nQMoM016k pipe close!
2026-01-05 17:16:06 [7776] WARN  mqtt_parser.c:1339: Indr_Pt100_client_YH7nQMoM016k offline!
2026-01-05 17:16:06 [7776] WARN  mqtt_parser.c:1335: Indr_Pt100_client_u21rUE5AMjM8 online!
2026-01-05 17:16:07 [7776] WARN  nmq_websocket.c:160:  recv aio error Object closed
2026-01-05 17:16:07 [7776] WARN  nmq_mqtt.c:986: Indr_Pt100_client_u21rUE5AMjM8 pipe close!
2026-01-05 17:16:07 [7776] WARN  mqtt_parser.c:1339: Indr_Pt100_client_u21rUE5AMjM8 offline!
2026-01-05 17:16:08 [7776] WARN  mqtt_parser.c:1335: Indr_Pt100_client_LT8KDUYoVr6G online!
2026-01-05 17:16:08 [7776] WARN  nmq_websocket.c:160:  recv aio error Object closed
2026-01-05 17:16:08 [7776] WARN  nmq_mqtt.c:986: Indr_Pt100_client_LT8KDUYoVr6G pipe close!
2026-01-05 17:16:08 [7776] WARN  mqtt_parser.c:1339: Indr_Pt100_client_LT8KDUYoVr6G offline!
2026-01-05 17:16:09 [7776] WARN  mqtt_parser.c:1335: Indr_Pt100_client_i4G91ot9uuqJ online!
2026-01-05 17:16:09 [7776] WARN  nmq_websocket.c:160:  recv aio error Object closed
2026-01-05 17:16:09 [7776] WARN  nmq_mqtt.c:986: Indr_Pt100_client_i4G91ot9uuqJ pipe close!
2026-01-05 17:16:09 [7776] WARN  mqtt_parser.c:1339: Indr_Pt100_client_i4G91ot9uuqJ offline!
2026-01-05 17:16:10 [7776] WARN  mqtt_parser.c:1335: Indr_Pt100_client_2plIQXHvvdre online!
2026-01-05 17:16:10 [7776] WARN  nmq_websocket.c:160:  recv aio error Object closed
2026-01-05 17:16:10 [7776] WARN  nmq_mqtt.c:986: Indr_Pt100_client_2plIQXHvvdre pipe close!
2026-01-05 17:16:10 [7776] WARN  mqtt_parser.c:1339: Indr_Pt100_client_2plIQXHvvdre offline!
2026-01-05 17:16:10 [7776] WARN  mqtt_parser.c:1335: Indr_Pt100_client_vmFX3u3ngFkj online!
2026-01-05 17:16:11 [7776] WARN  nmq_websocket.c:160:  recv aio error Object closed
2026-01-05 17:16:11 [7776] WARN  nmq_mqtt.c:986: Indr_Pt100_client_vmFX3u3ngFkj pipe close!
2026-01-05 17:16:11 [7776] WARN  mqtt_parser.c:1339: Indr_Pt100_client_vmFX3u3ngFkj offline!
2026-01-05 17:16:11 [7776] WARN  mqtt_parser.c:1335: Indr_Pt100_client_NRnhBywyj42W online!
2026-01-05 17:16:12 [7776] WARN  nmq_websocket.c:160:  recv aio error Object closed
2026-01-05 17:16:12 [7776] WARN  nmq_mqtt.c:986: Indr_Pt100_client_NRnhBywyj42W pipe close!
2026-01-05 17:16:12 [7776] WARN  mqtt_parser.c:1339: Indr_Pt100_client_NRnhBywyj42W offline!
2026-01-05 17:16:12 [7776] WARN  mqtt_parser.c:1335: Indr_Pt100_client_gfdCxgAxsrzd online!
2026-01-05 17:16:21 [7776] WARN  nmq_websocket.c:160:  recv aio error Object closed
2026-01-05 17:16:21 [7776] WARN  nmq_mqtt.c:986: Indr_Pt100_client_gfdCxgAxsrzd pipe close!
2026-01-05 17:16:21 [7776] WARN  mqtt_parser.c:1339: Indr_Pt100_client_gfdCxgAxsrzd offline!
2026-01-05 17:16:22 [7776] WARN  mqtt_parser.c:1335: Indr_Pt100_client_UG8B7QSrTDhF online!
2026-01-05 17:16:32 [7776] WARN  nmq_websocket.c:160:  recv aio error Object closed
2026-01-05 17:16:32 [7776] WARN  nmq_mqtt.c:986: Indr_Pt100_client_UG8B7QSrTDhF pipe close!
2026-01-05 17:16:32 [7776] WARN  mqtt_parser.c:1339: Indr_Pt100_client_UG8B7QSrTDhF offline!
2026-01-05 17:16:32 [7776] WARN  mqtt_parser.c:1335: Indr_Pt100_client_PZLHJvB0H1FL online!
2026-01-05 17:17:07 [7776] WARN  nmq_websocket.c:160:  recv aio error Object closed
2026-01-05 17:17:07 [7776] WARN  nmq_mqtt.c:986: Indr_Pt100_client_PZLHJvB0H1FL pipe close!
2026-01-05 17:17:07 [7776] WARN  mqtt_parser.c:1339: Indr_Pt100_client_PZLHJvB0H1FL offline!
2026-01-05 17:17:08 [7776] WARN  mqtt_parser.c:1335: Indr_Pt100_client_uLpxMA8wIVKL online!
2026-01-05 17:17:23 [7776] WARN  nmq_websocket.c:160:  recv aio error Object closed
2026-01-05 17:17:23 [7776] WARN  nmq_mqtt.c:986: Indr_Pt100_client_uLpxMA8wIVKL pipe close!
2026-01-05 17:17:23 [7776] WARN  mqtt_parser.c:1339: Indr_Pt100_client_uLpxMA8wIVKL offline!
2026-01-05 17:17:31 [7776] WARN  mqtt_parser.c:1335: Indr_Pt100_client_Dql0GRjq7rOo online!
2026-01-05 17:17:35 [7776] WARN  nmq_websocket.c:160:  recv aio error Object closed
2026-01-05 17:17:35 [7776] WARN  nmq_mqtt.c:986: Indr_Pt100_client_Dql0GRjq7rOo pipe close!
2026-01-05 17:17:35 [7776] WARN  mqtt_parser.c:1339: Indr_Pt100_client_Dql0GRjq7rOo offline!
2026-01-05 17:22:31 [7776] WARN  mqtt_parser.c:1335: Indr_Pt100_client_pjWAJPCtzhhW online!
2026-01-05 17:28:25 [7776] WARN  nmq_websocket.c:160:  recv aio error Object closed
2026-01-05 17:28:25 [7776] WARN  nmq_mqtt.c:986: Indr_Pt100_client_pjWAJPCtzhhW pipe close!
2026-01-05 17:28:25 [7776] WARN  mqtt_parser.c:1339: Indr_Pt100_client_pjWAJPCtzhhW offline!
2026-01-05 17:28:27 [7776] WARN  mqtt_parser.c:1335: Indr_Pt100_client_va3928WEVzmw online!
2026-01-05 17:30:06 [7776] WARN  nmq_websocket.c:160:  recv aio error Object closed
2026-01-05 17:30:06 [7776] WARN  nmq_mqtt.c:986: Indr_Pt100_client_va3928WEVzmw pipe close!
2026-01-05 17:30:06 [7776] WARN  mqtt_parser.c:1339: Indr_Pt100_client_va3928WEVzmw offline!
2026-01-05 17:30:11 [7776] WARN  mqtt_parser.c:1335: Indr_Pt100_client_P8AOs3QO2NM8 online!
2026-01-05 17:30:32 [7776] WARN  nmq_websocket.c:160:  recv aio error Object closed
2026-01-05 17:30:32 [7776] WARN  nmq_mqtt.c:986: Indr_Pt100_client_P8AOs3QO2NM8 pipe close!
2026-01-05 17:30:32 [7776] WARN  mqtt_parser.c:1339: Indr_Pt100_client_P8AOs3QO2NM8 offline!
2026-01-05 17:30:39 [7776] WARN  nmq_websocket.c:160:  recv aio error Object closed
2026-01-05 17:30:39 [7776] WARN  mqtt_parser.c:1335: Indr_Pt100_client_8nNGK0wAAaYm online!
2026-01-05 17:30:56 [7776] WARN  nmq_websocket.c:160:  recv aio error Object closed
2026-01-05 17:30:56 [7776] WARN  nmq_mqtt.c:986: Indr_Pt100_client_8nNGK0wAAaYm pipe close!
2026-01-05 17:30:56 [7776] WARN  mqtt_parser.c:1339: Indr_Pt100_client_8nNGK0wAAaYm offline!
2026-01-05 17:31:02 [7776] WARN  nmq_websocket.c:160:  recv aio error Object closed
2026-01-05 17:31:02 [7776] WARN  nmq_websocket.c:160:  recv aio error Object closed
2026-01-05 17:31:02 [7776] WARN  mqtt_parser.c:1335: Indr_Pt100_client_d8gX6Q2hzwwt online!
2026-01-05 17:35:01 [7776] WARN  nmq_websocket.c:160:  recv aio error Object closed
2026-01-05 17:35:01 [7776] WARN  nmq_mqtt.c:986: Indr_Pt100_client_d8gX6Q2hzwwt pipe close!
2026-01-05 17:35:01 [7776] WARN  mqtt_parser.c:1339: Indr_Pt100_client_d8gX6Q2hzwwt offline!
2026-01-06 08:33:56 [7776] WARN  mqtt_parser.c:1335: Indr_Pt100_client_FzMiV48cCcuv online!
2026-01-06 08:35:20 [7776] WARN  nmq_websocket.c:160:  recv aio error Object closed
2026-01-06 08:35:20 [7776] WARN  nmq_mqtt.c:986: Indr_Pt100_client_FzMiV48cCcuv pipe close!
2026-01-06 08:35:20 [7776] WARN  mqtt_parser.c:1339: Indr_Pt100_client_FzMiV48cCcuv offline!
2026-01-06 08:35:22 [7776] WARN  mqtt_parser.c:1335: Indr_Pt100_client_2TBKT3XA3FBa online!
2026-01-06 08:35:27 [7776] WARN  nmq_websocket.c:160:  recv aio error Object closed
2026-01-06 08:35:27 [7776] WARN  nmq_mqtt.c:986: Indr_Pt100_client_2TBKT3XA3FBa pipe close!
2026-01-06 08:35:27 [7776] WARN  mqtt_parser.c:1339: Indr_Pt100_client_2TBKT3XA3FBa offline!
2026-01-06 11:21:42 [7776] WARN  mqtt_parser.c:1335: Indr_Pt100_client_cYkKcAMC2RMk online!
2026-01-06 11:25:11 [7776] WARN  nmq_websocket.c:160:  recv aio error Object closed
2026-01-06 11:25:11 [7776] WARN  nmq_mqtt.c:986: Indr_Pt100_client_cYkKcAMC2RMk pipe close!
2026-01-06 11:25:11 [7776] WARN  mqtt_parser.c:1339: Indr_Pt100_client_cYkKcAMC2RMk offline!
2026-01-06 11:25:47 [7776] WARN  mqtt_parser.c:1335: Indr_Pt100_client_pC1Hzjb2K4op online!
2026-01-06 11:26:30 [7776] WARN  nmq_websocket.c:160:  recv aio error Object closed
2026-01-06 11:26:30 [7776] WARN  nmq_mqtt.c:986: Indr_Pt100_client_pC1Hzjb2K4op pipe close!
2026-01-06 11:26:30 [7776] WARN  mqtt_parser.c:1339: Indr_Pt100_client_pC1Hzjb2K4op offline!
2026-01-06 11:26:36 [7776] WARN  mqtt_parser.c:1335: Indr_Pt100_client_FSvc8Xjdfifj online!
2026-01-06 11:27:14 [7776] WARN  nmq_websocket.c:160:  recv aio error Object closed
2026-01-06 11:27:14 [7776] WARN  nmq_mqtt.c:986: Indr_Pt100_client_FSvc8Xjdfifj pipe close!
2026-01-06 11:27:14 [7776] WARN  mqtt_parser.c:1339: Indr_Pt100_client_FSvc8Xjdfifj offline!
2026-01-06 11:27:21 [7776] WARN  mqtt_parser.c:1335: Indr_Pt100_client_7U6hSBTy2TPL online!
2026-01-06 11:28:11 [7776] WARN  nmq_websocket.c:160:  recv aio error Object closed
2026-01-06 11:28:11 [7776] WARN  nmq_mqtt.c:986: Indr_Pt100_client_7U6hSBTy2TPL pipe close!
2026-01-06 11:28:11 [7776] WARN  mqtt_parser.c:1339: Indr_Pt100_client_7U6hSBTy2TPL offline!
2026-01-06 11:28:11 [7776] WARN  mqtt_parser.c:1335: Indr_Pt100_client_gt4BlY4RzWUl online!
2026-01-06 11:28:31 [7776] WARN  nmq_websocket.c:160:  recv aio error Object closed
2026-01-06 11:28:31 [7776] WARN  nmq_mqtt.c:986: Indr_Pt100_client_gt4BlY4RzWUl pipe close!
2026-01-06 11:28:31 [7776] WARN  mqtt_parser.c:1339: Indr_Pt100_client_gt4BlY4RzWUl offline!
2026-01-06 11:28:31 [7776] WARN  mqtt_parser.c:1335: Indr_Pt100_client_VdPCQn26J8l9 online!
2026-01-06 11:29:46 [7776] WARN  mqtt_parser.c:1335: PT100_LoggerB8D61A6A65C0 online!
2026-01-06 11:31:21 [7776] WARN  nmq_mqtt.c:245: Warning: close pipe & kick client due to KeepAlive timeout!
2026-01-06 11:31:21 [7776] WARN  nmq_mqtt.c:986: PT100_LoggerB8D61A6A65C0 pipe close!
2026-01-06 11:31:21 [7776] WARN  broker_tcp.c:683: nni aio recv error!! Object closed

2026-01-06 11:31:21 [7776] WARN  mqtt_parser.c:1339: PT100_LoggerB8D61A6A65C0 offline!
2026-01-06 11:31:21 [7776] WARN  broker_tcp.c:974: tcptran_pipe_recv_cb: recv_error rv: 139

2026-01-06 11:31:52 [7776] WARN  mqtt_parser.c:1335: PT100_LoggerB8D61A6A65C0 online!
2026-01-06 11:32:57 [7776] WARN  nmq_websocket.c:160:  recv aio error Object closed
2026-01-06 11:32:57 [7776] WARN  nmq_mqtt.c:986: Indr_Pt100_client_VdPCQn26J8l9 pipe close!
2026-01-06 11:32:57 [7776] WARN  mqtt_parser.c:1339: Indr_Pt100_client_VdPCQn26J8l9 offline!
2026-01-06 11:33:03 [7776] WARN  mqtt_parser.c:1335: Indr_Pt100_client_RWRN8qTOZDVi online!
2026-01-06 11:33:47 [7776] WARN  nmq_mqtt.c:245: Warning: close pipe & kick client due to KeepAlive timeout!
2026-01-06 11:33:47 [7776] WARN  nmq_mqtt.c:986: PT100_LoggerB8D61A6A65C0 pipe close!
2026-01-06 11:33:47 [7776] WARN  mqtt_parser.c:1339: PT100_LoggerB8D61A6A65C0 offline!
2026-01-06 11:33:47 [7776] WARN  broker_tcp.c:683: nni aio recv error!! Object closed

2026-01-06 11:33:47 [7776] WARN  broker_tcp.c:974: tcptran_pipe_recv_cb: recv_error rv: 139

2026-01-06 11:34:00 [7776] WARN  mqtt_parser.c:1335: PT100_LoggerB8D61A6A65C0 online!
2026-01-06 11:51:27 [7776] WARN  nmq_mqtt.c:245: Warning: close pipe & kick client due to KeepAlive timeout!
2026-01-06 11:51:27 [7776] WARN  nmq_mqtt.c:986: PT100_LoggerB8D61A6A65C0 pipe close!
2026-01-06 11:51:27 [7776] WARN  mqtt_parser.c:1339: PT100_LoggerB8D61A6A65C0 offline!
2026-01-06 11:51:27 [7776] WARN  broker_tcp.c:683: nni aio recv error!! Object closed

2026-01-06 11:51:27 [7776] WARN  broker_tcp.c:974: tcptran_pipe_recv_cb: recv_error rv: 139

2026-01-06 11:51:28 [7776] WARN  mqtt_parser.c:1335: PT100_LoggerB8D61A6A65C0 online!
2026-01-06 11:56:01 [7776] WARN  nmq_websocket.c:160:  recv aio error Object closed
2026-01-06 11:56:01 [7776] WARN  nmq_mqtt.c:986: Indr_Pt100_client_RWRN8qTOZDVi pipe close!
2026-01-06 11:56:01 [7776] WARN  mqtt_parser.c:1339: Indr_Pt100_client_RWRN8qTOZDVi offline!
2026-01-06 11:56:01 [7776] WARN  mqtt_parser.c:1335: Indr_Pt100_client_PM1vFtvl4UxM online!
2026-01-06 11:56:48 [7776] WARN  nmq_websocket.c:160:  recv aio error Object closed
2026-01-06 11:56:48 [7776] WARN  nmq_mqtt.c:986: Indr_Pt100_client_PM1vFtvl4UxM pipe close!
2026-01-06 11:56:48 [7776] WARN  mqtt_parser.c:1339: Indr_Pt100_client_PM1vFtvl4UxM offline!
2026-01-06 11:56:54 [7776] WARN  mqtt_parser.c:1335: Indr_Pt100_client_oLEnU4bQOXEd online!
2026-01-06 11:57:00 [7776] WARN  nmq_websocket.c:160:  recv aio error Object closed
2026-01-06 11:57:00 [7776] WARN  nmq_mqtt.c:986: Indr_Pt100_client_oLEnU4bQOXEd pipe close!
2026-01-06 11:57:00 [7776] WARN  mqtt_parser.c:1339: Indr_Pt100_client_oLEnU4bQOXEd offline!
2026-01-06 11:57:00 [7776] WARN  mqtt_parser.c:1335: Indr_Pt100_client_xe3JS8jAyAlC online!
2026-01-06 11:58:35 [7776] WARN  nmq_mqtt.c:245: Warning: close pipe & kick client due to KeepAlive timeout!
2026-01-06 11:58:35 [7776] WARN  nmq_mqtt.c:986: Indr_Pt100_client_xe3JS8jAyAlC pipe close!
2026-01-06 11:58:35 [7776] WARN  nmq_websocket.c:160:  recv aio error Object closed
2026-01-06 11:58:35 [7776] WARN  mqtt_parser.c:1339: Indr_Pt100_client_xe3JS8jAyAlC offline!
2026-01-06 11:58:52 [7776] WARN  mqtt_parser.c:1335: Indr_Pt100_client_fDUaRzEtc0Ee online!
2026-01-06 11:59:56 [7776] WARN  nmq_websocket.c:160:  recv aio error Object closed
2026-01-06 11:59:56 [7776] WARN  nmq_mqtt.c:986: Indr_Pt100_client_fDUaRzEtc0Ee pipe close!
2026-01-06 11:59:56 [7776] WARN  mqtt_parser.c:1339: Indr_Pt100_client_fDUaRzEtc0Ee offline!
2026-01-06 12:00:05 [7776] WARN  mqtt_parser.c:1335: Indr_Pt100_client_m6LAKRXPfdBW online!
2026-01-06 12:01:14 [7776] WARN  nmq_mqtt.c:245: Warning: close pipe & kick client due to KeepAlive timeout!
2026-01-06 12:01:14 [7776] WARN  nmq_mqtt.c:986: PT100_LoggerB8D61A6A65C0 pipe close!
2026-01-06 12:01:14 [7776] WARN  broker_tcp.c:683: nni aio recv error!! Object closed

2026-01-06 12:01:14 [7776] WARN  mqtt_parser.c:1339: PT100_LoggerB8D61A6A65C0 offline!
2026-01-06 12:01:14 [7776] WARN  broker_tcp.c:974: tcptran_pipe_recv_cb: recv_error rv: 139

2026-01-06 13:35:57 [7776] WARN  nmq_websocket.c:160:  recv aio error Object closed
2026-01-06 13:35:57 [7776] WARN  nmq_mqtt.c:986: Indr_Pt100_client_m6LAKRXPfdBW pipe close!
2026-01-06 13:35:57 [7776] WARN  mqtt_parser.c:1339: Indr_Pt100_client_m6LAKRXPfdBW offline!
2026-01-06 13:35:57 [7776] WARN  mqtt_parser.c:1335: Indr_Pt100_client_pmkgKQIrU1zn online!
2026-01-06 13:38:00 [7776] WARN  nmq_websocket.c:160:  recv aio error Object closed
2026-01-06 13:38:00 [7776] WARN  nmq_mqtt.c:986: Indr_Pt100_client_pmkgKQIrU1zn pipe close!
2026-01-06 13:38:00 [7776] WARN  mqtt_parser.c:1339: Indr_Pt100_client_pmkgKQIrU1zn offline!
2026-01-06 13:38:18 [7776] WARN  mqtt_parser.c:1335: Indr_Pt100_client_pmkgKQIrU1zn online!
2026-01-06 14:11:09 [7776] WARN  mqtt_parser.c:1335: PT100_LoggerB8D61A6A65C0 online!
2026-01-06 14:11:54 [7776] WARN  nmq_mqtt.c:245: Warning: close pipe & kick client due to KeepAlive timeout!
2026-01-06 14:11:54 [7776] WARN  broker_tcp.c:683: nni aio recv error!! Object closed

2026-01-06 14:11:54 [7776] WARN  broker_tcp.c:974: tcptran_pipe_recv_cb: recv_error rv: 139

2026-01-06 14:11:54 [7776] WARN  nmq_mqtt.c:986: PT100_LoggerB8D61A6A65C0 pipe close!
2026-01-06 14:11:54 [7776] WARN  mqtt_parser.c:1339: PT100_LoggerB8D61A6A65C0 offline!
2026-01-06 14:11:59 [7776] WARN  mqtt_parser.c:1335: PT100_LoggerB8D61A6A65C0 online!
2026-01-06 14:19:17 [7776] WARN  nmq_websocket.c:160:  recv aio error Object closed
2026-01-06 14:19:17 [7776] WARN  nmq_mqtt.c:986: Indr_Pt100_client_pmkgKQIrU1zn pipe close!
2026-01-06 14:19:17 [7776] WARN  mqtt_parser.c:1339: Indr_Pt100_client_pmkgKQIrU1zn offline!
2026-01-06 14:19:24 [7776] WARN  mqtt_parser.c:1335: Indr_Pt100_client_jJoWrPy6zjd1 online!
2026-01-06 14:25:28 [7776] WARN  nmq_websocket.c:160:  recv aio error Object closed
2026-01-06 14:25:28 [7776] WARN  nmq_mqtt.c:986: Indr_Pt100_client_jJoWrPy6zjd1 pipe close!
2026-01-06 14:25:28 [7776] WARN  mqtt_parser.c:1339: Indr_Pt100_client_jJoWrPy6zjd1 offline!
2026-01-06 14:25:33 [7776] WARN  mqtt_parser.c:1335: Indr_Pt100_client_oYPE0jP2nVpl online!
2026-01-06 14:29:08 [7776] WARN  nmq_websocket.c:160:  recv aio error Object closed
2026-01-06 14:29:08 [7776] WARN  nmq_mqtt.c:986: Indr_Pt100_client_oYPE0jP2nVpl pipe close!
2026-01-06 14:29:08 [7776] WARN  mqtt_parser.c:1339: Indr_Pt100_client_oYPE0jP2nVpl offline!
2026-01-06 14:29:08 [7776] WARN  mqtt_parser.c:1335: Indr_Pt100_client_zeA0tKMIv0sX online!
2026-01-06 14:29:51 [7776] WARN  nmq_websocket.c:160:  recv aio error Object closed
2026-01-06 14:29:51 [7776] WARN  nmq_mqtt.c:986: Indr_Pt100_client_zeA0tKMIv0sX pipe close!
2026-01-06 14:29:51 [7776] WARN  mqtt_parser.c:1339: Indr_Pt100_client_zeA0tKMIv0sX offline!
2026-01-06 14:29:51 [7776] WARN  mqtt_parser.c:1335: Indr_Pt100_client_wGv2DS4ynYkJ online!
2026-01-06 14:31:30 [7776] WARN  nmq_websocket.c:160:  recv aio error Object closed
2026-01-06 14:31:30 [7776] WARN  nmq_mqtt.c:986: Indr_Pt100_client_wGv2DS4ynYkJ pipe close!
2026-01-06 14:31:30 [7776] WARN  mqtt_parser.c:1339: Indr_Pt100_client_wGv2DS4ynYkJ offline!
2026-01-06 14:31:30 [7776] WARN  mqtt_parser.c:1335: Indr_Pt100_client_pVuPOexGRCaC online!
2026-01-06 14:31:58 [7776] WARN  nmq_websocket.c:160:  recv aio error Object closed
2026-01-06 14:31:58 [7776] WARN  nmq_mqtt.c:986: Indr_Pt100_client_pVuPOexGRCaC pipe close!
2026-01-06 14:31:58 [7776] WARN  mqtt_parser.c:1339: Indr_Pt100_client_pVuPOexGRCaC offline!
2026-01-06 14:32:07 [7776] WARN  mqtt_parser.c:1335: Indr_Pt100_client_T58KHVYj7rjq online!
2026-01-06 14:32:33 [7776] WARN  broker_tcp.c:683: nni aio recv error!! Unknown error #64

2026-01-06 14:32:33 [7776] WARN  nmq_mqtt.c:986: PT100_LoggerB8D61A6A65C0 pipe close!
2026-01-06 14:32:33 [7776] WARN  broker_tcp.c:974: tcptran_pipe_recv_cb: recv_error rv: 128

2026-01-06 14:32:33 [7776] WARN  mqtt_parser.c:1339: PT100_LoggerB8D61A6A65C0 offline!
2026-01-06 14:32:44 [7776] WARN  mqtt_parser.c:1335: PT100_LoggerB8D61A6A65C0 online!
2026-01-06 14:39:02 [7776] WARN  nmq_websocket.c:160:  recv aio error Object closed
2026-01-06 14:39:02 [7776] WARN  nmq_mqtt.c:986: Indr_Pt100_client_T58KHVYj7rjq pipe close!
2026-01-06 14:39:02 [7776] WARN  mqtt_parser.c:1339: Indr_Pt100_client_T58KHVYj7rjq offline!
2026-01-06 14:39:02 [7776] WARN  mqtt_parser.c:1335: Indr_Pt100_client_v6r6sv5hNp66 online!
2026-01-06 14:39:53 [7776] WARN  nmq_websocket.c:160:  recv aio error Object closed
2026-01-06 14:39:53 [7776] WARN  nmq_mqtt.c:986: Indr_Pt100_client_v6r6sv5hNp66 pipe close!
2026-01-06 14:39:53 [7776] WARN  mqtt_parser.c:1339: Indr_Pt100_client_v6r6sv5hNp66 offline!
2026-01-06 14:39:53 [7776] WARN  mqtt_parser.c:1335: Indr_Pt100_client_uO5yvCd6Pdzm online!
2026-01-06 14:41:46 [7776] WARN  nmq_websocket.c:160:  recv aio error Object closed
2026-01-06 14:41:46 [7776] WARN  nmq_mqtt.c:986: Indr_Pt100_client_uO5yvCd6Pdzm pipe close!
2026-01-06 14:41:46 [7776] WARN  mqtt_parser.c:1339: Indr_Pt100_client_uO5yvCd6Pdzm offline!
2026-01-06 14:41:46 [7776] WARN  mqtt_parser.c:1335: Indr_Pt100_client_lxDbRKPyHCD2 online!
2026-01-06 14:43:00 [7776] WARN  nmq_mqtt.c:245: Warning: close pipe & kick client due to KeepAlive timeout!
2026-01-06 14:43:00 [7776] WARN  nmq_mqtt.c:986: PT100_LoggerB8D61A6A65C0 pipe close!
2026-01-06 14:43:00 [7776] WARN  mqtt_parser.c:1339: PT100_LoggerB8D61A6A65C0 offline!
2026-01-06 14:43:00 [7776] WARN  broker_tcp.c:683: nni aio recv error!! Object closed

2026-01-06 14:43:00 [7776] WARN  broker_tcp.c:974: tcptran_pipe_recv_cb: recv_error rv: 139

2026-01-06 14:43:09 [7776] WARN  mqtt_parser.c:1335: PT100_LoggerB8D61A6A65C0 online!
2026-01-06 14:54:47 [7776] WARN  mqtt_parser.c:1335: PT100_Logger30AEA4985918 online!
2026-01-06 14:56:02 [7776] ERROR pipe.c:520: Client ID collision or set ID failed!
2026-01-06 14:56:02 [7776] WARN  nmq_mqtt.c:986: PT100_Logger30AEA4985918 pipe close!
2026-01-06 14:56:02 [7776] WARN  broker_tcp.c:683: nni aio recv error!! Object closed

2026-01-06 14:56:02 [7776] WARN  mqtt_parser.c:1339: PT100_Logger30AEA4985918 offline!
2026-01-06 14:56:02 [7776] WARN  broker_tcp.c:974: tcptran_pipe_recv_cb: recv_error rv: 139

2026-01-06 14:56:02 [7776] WARN  mqtt_parser.c:1335: PT100_Logger30AEA4985918 online!
2026-01-06 14:58:15 [7776] WARN  nmq_mqtt.c:245: Warning: close pipe & kick client due to KeepAlive timeout!
2026-01-06 14:58:15 [7776] WARN  nmq_mqtt.c:986: PT100_LoggerB8D61A6A65C0 pipe close!
2026-01-06 14:58:15 [7776] WARN  broker_tcp.c:683: nni aio recv error!! Object closed

2026-01-06 14:58:15 [7776] WARN  mqtt_parser.c:1339: PT100_LoggerB8D61A6A65C0 offline!
2026-01-06 14:58:15 [7776] WARN  broker_tcp.c:974: tcptran_pipe_recv_cb: recv_error rv: 139

2026-01-06 14:58:17 [7776] WARN  nmq_mqtt.c:245: Warning: close pipe & kick client due to KeepAlive timeout!
2026-01-06 14:58:17 [7776] WARN  nmq_mqtt.c:986: PT100_Logger30AEA4985918 pipe close!
2026-01-06 14:58:17 [7776] WARN  broker_tcp.c:683: nni aio recv error!! Object closed

2026-01-06 14:58:17 [7776] WARN  broker_tcp.c:974: tcptran_pipe_recv_cb: recv_error rv: 139

2026-01-06 14:58:17 [7776] WARN  mqtt_parser.c:1339: PT100_Logger30AEA4985918 offline!
2026-01-06 15:04:17 [7776] WARN  mqtt_parser.c:1335: Indr_Pt100_client_MZnT354tgW7Q online!
2026-01-06 15:04:19 [7776] WARN  nmq_websocket.c:160:  recv aio error Object closed
2026-01-06 15:04:19 [7776] WARN  nmq_mqtt.c:986: Indr_Pt100_client_MZnT354tgW7Q pipe close!
2026-01-06 15:04:19 [7776] WARN  mqtt_parser.c:1339: Indr_Pt100_client_MZnT354tgW7Q offline!
2026-01-06 15:04:19 [7776] WARN  mqtt_parser.c:1335: Indr_Pt100_client_nuB1T6XLysRd online!
2026-01-06 15:04:21 [7776] WARN  nmq_websocket.c:160:  recv aio error Object closed
2026-01-06 15:04:21 [7776] WARN  nmq_mqtt.c:986: Indr_Pt100_client_nuB1T6XLysRd pipe close!
2026-01-06 15:04:21 [7776] WARN  mqtt_parser.c:1339: Indr_Pt100_client_nuB1T6XLysRd offline!
2026-01-06 15:04:23 [7776] WARN  mqtt_parser.c:1335: Indr_Pt100_client_YOS8SHIE18Li online!
2026-01-06 15:04:25 [7776] WARN  nmq_websocket.c:160:  recv aio error Object closed
2026-01-06 15:04:25 [7776] WARN  nmq_mqtt.c:986: Indr_Pt100_client_YOS8SHIE18Li pipe close!
2026-01-06 15:04:25 [7776] WARN  mqtt_parser.c:1339: Indr_Pt100_client_YOS8SHIE18Li offline!
2026-01-06 15:04:26 [7776] WARN  mqtt_parser.c:1335: Indr_Pt100_client_XrTEtMtBHC7u online!
2026-01-06 15:04:28 [7776] WARN  nmq_websocket.c:160:  recv aio error Object closed
2026-01-06 15:04:28 [7776] WARN  nmq_mqtt.c:986: Indr_Pt100_client_XrTEtMtBHC7u pipe close!
2026-01-06 15:04:28 [7776] WARN  mqtt_parser.c:1339: Indr_Pt100_client_XrTEtMtBHC7u offline!
2026-01-06 15:31:44 [7776] WARN  mqtt_parser.c:1335: Indr_Pt100_client_t8kPn6mSaTB7 online!
2026-01-06 15:31:52 [7776] WARN  nmq_websocket.c:160:  recv aio error Object closed
2026-01-06 15:31:52 [7776] WARN  nmq_mqtt.c:986: Indr_Pt100_client_t8kPn6mSaTB7 pipe close!
2026-01-06 15:31:52 [7776] WARN  mqtt_parser.c:1339: Indr_Pt100_client_t8kPn6mSaTB7 offline!
2026-01-06 15:35:59 [7776] WARN  nmq_websocket.c:160:  recv aio error Object closed
2026-01-06 15:36:00 [7776] WARN  nmq_mqtt.c:986: Indr_Pt100_client_lxDbRKPyHCD2 pipe close!
2026-01-06 15:36:00 [7776] WARN  mqtt_parser.c:1339: Indr_Pt100_client_lxDbRKPyHCD2 offline!
2026-01-06 15:40:47 [7776] WARN  mqtt_parser.c:1335: Indr_Pt100_client_lxDbRKPyHCD2 online!
2026-01-06 15:41:47 [7776] WARN  nmq_websocket.c:160:  recv aio error Object closed
2026-01-06 15:41:47 [7776] WARN  nmq_mqtt.c:986: Indr_Pt100_client_lxDbRKPyHCD2 pipe close!
2026-01-06 15:41:47 [7776] WARN  mqtt_parser.c:1339: Indr_Pt100_client_lxDbRKPyHCD2 offline!
2026-01-06 15:45:47 [7776] WARN  mqtt_parser.c:1335: Indr_Pt100_client_lxDbRKPyHCD2 online!
2026-01-06 15:46:33 [7776] WARN  nmq_websocket.c:160:  recv aio error Object closed
2026-01-06 15:46:33 [7776] WARN  nmq_mqtt.c:986: Indr_Pt100_client_lxDbRKPyHCD2 pipe close!
2026-01-06 15:46:34 [7776] WARN  mqtt_parser.c:1339: Indr_Pt100_client_lxDbRKPyHCD2 offline!
2026-01-06 15:48:47 [7776] WARN  mqtt_parser.c:1335: Indr_Pt100_client_lxDbRKPyHCD2 online!
2026-01-06 15:49:47 [7776] WARN  nmq_websocket.c:160:  recv aio error Object closed
2026-01-06 15:49:47 [7776] WARN  nmq_mqtt.c:986: Indr_Pt100_client_lxDbRKPyHCD2 pipe close!
2026-01-06 15:49:47 [7776] WARN  mqtt_parser.c:1339: Indr_Pt100_client_lxDbRKPyHCD2 offline!
2026-01-06 15:49:52 [7776] WARN  mqtt_parser.c:1335: Indr_Pt100_client_lxDbRKPyHCD2 online!
2026-01-06 15:49:57 [7776] WARN  nmq_websocket.c:160:  recv aio error Object closed
2026-01-06 15:49:57 [7776] WARN  nmq_mqtt.c:986: Indr_Pt100_client_lxDbRKPyHCD2 pipe close!
2026-01-06 15:49:57 [7776] WARN  mqtt_parser.c:1339: Indr_Pt100_client_lxDbRKPyHCD2 offline!
2026-01-06 15:49:58 [7776] WARN  mqtt_parser.c:1335: Indr_Pt100_client_aF6iFEcNrs4b online!
2026-01-06 15:50:52 [7776] WARN  nmq_websocket.c:160:  recv aio error Object closed
2026-01-06 15:50:52 [7776] WARN  nmq_mqtt.c:986: Indr_Pt100_client_aF6iFEcNrs4b pipe close!
2026-01-06 15:50:52 [7776] WARN  mqtt_parser.c:1339: Indr_Pt100_client_aF6iFEcNrs4b offline!
2026-01-06 15:50:52 [7776] WARN  mqtt_parser.c:1335: Indr_Pt100_client_tscl8OHf3dTe online!
2026-01-06 15:51:08 [7776] WARN  mqtt_parser.c:1335: PT100_LoggerA0DD6CADBBBC online!
2026-01-06 15:51:09 [7776] WARN  mqtt_parser.c:1335: PT100_Logger68FE7187D3B4 online!
2026-01-06 15:51:09 [7776] WARN  mqtt_parser.c:1335: PT100_LoggerB8D61A6A65C0 online!
2026-01-06 15:51:09 [7776] WARN  mqtt_parser.c:1335: PT100_Logger30AEA4985918 online!
2026-01-06 16:01:25 [7776] WARN  nmq_mqtt.c:245: Warning: close pipe & kick client due to KeepAlive timeout!
2026-01-06 16:01:25 [7776] WARN  nmq_mqtt.c:986: PT100_LoggerB8D61A6A65C0 pipe close!
2026-01-06 16:01:25 [7776] WARN  broker_tcp.c:683: nni aio recv error!! Object closed

2026-01-06 16:01:25 [7776] WARN  broker_tcp.c:974: tcptran_pipe_recv_cb: recv_error rv: 139

2026-01-06 16:01:25 [7776] WARN  mqtt_parser.c:1339: PT100_LoggerB8D61A6A65C0 offline!
2026-01-06 16:01:25 [7776] WARN  nmq_mqtt.c:245: Warning: close pipe & kick client due to KeepAlive timeout!
2026-01-06 16:01:25 [7776] WARN  nmq_mqtt.c:986: PT100_Logger30AEA4985918 pipe close!
2026-01-06 16:01:25 [7776] WARN  broker_tcp.c:683: nni aio recv error!! Object closed

2026-01-06 16:01:25 [7776] WARN  mqtt_parser.c:1339: PT100_Logger30AEA4985918 offline!
2026-01-06 16:01:25 [7776] WARN  broker_tcp.c:974: tcptran_pipe_recv_cb: recv_error rv: 139

2026-01-06 16:01:34 [7776] WARN  nmq_mqtt.c:245: Warning: close pipe & kick client due to KeepAlive timeout!
2026-01-06 16:01:34 [7776] WARN  nmq_mqtt.c:986: PT100_LoggerA0DD6CADBBBC pipe close!
2026-01-06 16:01:34 [7776] WARN  broker_tcp.c:683: nni aio recv error!! Object closed

2026-01-06 16:01:34 [7776] WARN  mqtt_parser.c:1339: PT100_LoggerA0DD6CADBBBC offline!
2026-01-06 16:01:34 [7776] WARN  broker_tcp.c:974: tcptran_pipe_recv_cb: recv_error rv: 139

2026-01-06 16:01:35 [7776] WARN  nmq_mqtt.c:245: Warning: close pipe & kick client due to KeepAlive timeout!
2026-01-06 16:01:35 [7776] WARN  nmq_mqtt.c:986: PT100_Logger68FE7187D3B4 pipe close!
2026-01-06 16:01:35 [7776] WARN  broker_tcp.c:683: nni aio recv error!! Object closed

2026-01-06 16:01:35 [7776] WARN  mqtt_parser.c:1339: PT100_Logger68FE7187D3B4 offline!
2026-01-06 16:01:35 [7776] WARN  broker_tcp.c:974: tcptran_pipe_recv_cb: recv_error rv: 139

2026-01-06 16:05:50 [7776] WARN  nmq_websocket.c:160:  recv aio error Object closed
2026-01-06 16:05:50 [7776] WARN  nmq_mqtt.c:986: Indr_Pt100_client_tscl8OHf3dTe pipe close!
2026-01-06 16:05:50 [7776] WARN  mqtt_parser.c:1339: Indr_Pt100_client_tscl8OHf3dTe offline!
2026-01-06 16:07:37 [7776] WARN  mqtt_parser.c:1335: Indr_Pt100_client_tscl8OHf3dTe online!
2026-01-06 16:09:08 [7776] WARN  nmq_websocket.c:160:  recv aio error Object closed
2026-01-06 16:09:08 [7776] WARN  nmq_mqtt.c:986: Indr_Pt100_client_tscl8OHf3dTe pipe close!
2026-01-06 16:09:08 [7776] WARN  mqtt_parser.c:1339: Indr_Pt100_client_tscl8OHf3dTe offline!
2026-01-06 16:11:47 [7776] WARN  mqtt_parser.c:1335: Indr_Pt100_client_tscl8OHf3dTe online!
2026-01-06 16:12:47 [7776] WARN  nmq_websocket.c:160:  recv aio error Object closed
2026-01-06 16:12:47 [7776] WARN  nmq_mqtt.c:986: Indr_Pt100_client_tscl8OHf3dTe pipe close!
2026-01-06 16:12:47 [7776] WARN  mqtt_parser.c:1339: Indr_Pt100_client_tscl8OHf3dTe offline!
2026-01-06 16:14:47 [7776] WARN  mqtt_parser.c:1335: Indr_Pt100_client_tscl8OHf3dTe online!
2026-01-06 16:15:47 [7776] WARN  nmq_websocket.c:160:  recv aio error Object closed
2026-01-06 16:15:47 [7776] WARN  nmq_mqtt.c:986: Indr_Pt100_client_tscl8OHf3dTe pipe close!
2026-01-06 16:15:47 [7776] WARN  mqtt_parser.c:1339: Indr_Pt100_client_tscl8OHf3dTe offline!
2026-01-06 16:17:41 [7776] WARN  mqtt_parser.c:1335: Indr_Pt100_client_tscl8OHf3dTe online!
2026-01-06 16:17:41 [7776] WARN  nmq_websocket.c:160:  recv aio error Object closed
2026-01-06 16:17:41 [7776] WARN  nmq_mqtt.c:986: Indr_Pt100_client_tscl8OHf3dTe pipe close!
2026-01-06 16:17:41 [7776] WARN  mqtt_parser.c:1339: Indr_Pt100_client_tscl8OHf3dTe offline!
2026-01-06 16:17:42 [7776] WARN  mqtt_parser.c:1335: Indr_Pt100_client_tscl8OHf3dTe online!
2026-01-06 16:17:42 [7776] WARN  nmq_websocket.c:160:  recv aio error Object closed
2026-01-06 16:17:42 [7776] WARN  nmq_mqtt.c:986: Indr_Pt100_client_tscl8OHf3dTe pipe close!
2026-01-06 16:17:42 [7776] WARN  mqtt_parser.c:1339: Indr_Pt100_client_tscl8OHf3dTe offline!
2026-01-06 16:17:42 [7776] WARN  mqtt_parser.c:1335: Indr_Pt100_client_a7Z7r490HmXE online!
2026-01-06 16:17:59 [7776] WARN  mqtt_parser.c:1335: PT100_Logger30AEA4985918 online!
2026-01-06 16:17:59 [7776] WARN  mqtt_parser.c:1335: PT100_Logger68FE7187D3B4 online!
2026-01-06 16:17:59 [7776] WARN  mqtt_parser.c:1335: PT100_LoggerA0DD6CADBBBC online!
2026-01-06 16:18:00 [7776] WARN  mqtt_parser.c:1335: PT100_Logger68FE7187800C online!
2026-01-06 16:18:01 [7776] WARN  mqtt_parser.c:1335: PT100_Logger68FE711277AC online!
2026-01-06 16:18:02 [7776] WARN  mqtt_parser.c:1335: PT100_Logger68FE71881F6C online!
2026-01-06 16:18:03 [7776] WARN  mqtt_parser.c:1335: PT100_LoggerB8D61A6A65C0 online!
2026-01-06 16:21:37 [7776] WARN  nmq_mqtt.c:245: Warning: close pipe & kick client due to KeepAlive timeout!
2026-01-06 16:21:37 [7776] WARN  broker_tcp.c:683: nni aio recv error!! Object closed

2026-01-06 16:21:37 [7776] WARN  nmq_mqtt.c:986: PT100_Logger68FE71881F6C pipe close!
2026-01-06 16:21:37 [7776] WARN  broker_tcp.c:974: tcptran_pipe_recv_cb: recv_error rv: 139

2026-01-06 16:21:37 [7776] WARN  mqtt_parser.c:1339: PT100_Logger68FE71881F6C offline!
2026-01-06 16:21:38 [7776] WARN  nmq_mqtt.c:245: Warning: close pipe & kick client due to KeepAlive timeout!
2026-01-06 16:21:38 [7776] WARN  nmq_mqtt.c:986: PT100_LoggerB8D61A6A65C0 pipe close!
2026-01-06 16:21:38 [7776] WARN  broker_tcp.c:683: nni aio recv error!! Object closed

2026-01-06 16:21:38 [7776] WARN  mqtt_parser.c:1339: PT100_LoggerB8D61A6A65C0 offline!
2026-01-06 16:21:38 [7776] WARN  broker_tcp.c:974: tcptran_pipe_recv_cb: recv_error rv: 139

2026-01-06 16:21:44 [7776] WARN  nmq_mqtt.c:245: Warning: close pipe & kick client due to KeepAlive timeout!
2026-01-06 16:21:44 [7776] WARN  broker_tcp.c:683: nni aio recv error!! Object closed

2026-01-06 16:21:44 [7776] WARN  nmq_mqtt.c:986: PT100_Logger30AEA4985918 pipe close!
2026-01-06 16:21:44 [7776] WARN  mqtt_parser.c:1339: PT100_Logger30AEA4985918 offline!
2026-01-06 16:21:44 [7776] WARN  broker_tcp.c:974: tcptran_pipe_recv_cb: recv_error rv: 139

2026-01-06 16:21:44 [7776] WARN  nmq_mqtt.c:245: Warning: close pipe & kick client due to KeepAlive timeout!
2026-01-06 16:21:44 [7776] WARN  nmq_mqtt.c:986: PT100_Logger68FE7187D3B4 pipe close!
2026-01-06 16:21:44 [7776] WARN  broker_tcp.c:683: nni aio recv error!! Object closed

2026-01-06 16:21:44 [7776] WARN  mqtt_parser.c:1339: PT100_Logger68FE7187D3B4 offline!
2026-01-06 16:21:44 [7776] WARN  broker_tcp.c:974: tcptran_pipe_recv_cb: recv_error rv: 139

2026-01-06 16:21:45 [7776] WARN  nmq_mqtt.c:245: Warning: close pipe & kick client due to KeepAlive timeout!
2026-01-06 16:21:45 [7776] WARN  nmq_mqtt.c:986: PT100_LoggerA0DD6CADBBBC pipe close!
2026-01-06 16:21:45 [7776] WARN  mqtt_parser.c:1339: PT100_LoggerA0DD6CADBBBC offline!
2026-01-06 16:21:45 [7776] WARN  broker_tcp.c:683: nni aio recv error!! Object closed

2026-01-06 16:21:45 [7776] WARN  broker_tcp.c:974: tcptran_pipe_recv_cb: recv_error rv: 139

2026-01-06 16:21:46 [7776] WARN  nmq_mqtt.c:245: Warning: close pipe & kick client due to KeepAlive timeout!
2026-01-06 16:21:46 [7776] WARN  broker_tcp.c:683: nni aio recv error!! Object closed

2026-01-06 16:21:46 [7776] WARN  nmq_mqtt.c:986: PT100_Logger68FE7187800C pipe close!
2026-01-06 16:21:46 [7776] WARN  broker_tcp.c:974: tcptran_pipe_recv_cb: recv_error rv: 139

2026-01-06 16:21:46 [7776] WARN  mqtt_parser.c:1339: PT100_Logger68FE7187800C offline!
2026-01-06 16:21:46 [7776] WARN  nmq_mqtt.c:245: Warning: close pipe & kick client due to KeepAlive timeout!
2026-01-06 16:21:46 [7776] WARN  nmq_mqtt.c:986: PT100_Logger68FE711277AC pipe close!
2026-01-06 16:21:46 [7776] WARN  broker_tcp.c:683: nni aio recv error!! Object closed

2026-01-06 16:21:46 [7776] WARN  mqtt_parser.c:1339: PT100_Logger68FE711277AC offline!
2026-01-06 16:21:46 [7776] WARN  broker_tcp.c:974: tcptran_pipe_recv_cb: recv_error rv: 139

2026-01-06 16:23:07 [7776] WARN  mqtt_parser.c:1335: PT100_Logger68FE7187D3B4 online!
2026-01-06 16:23:08 [7776] WARN  mqtt_parser.c:1335: PT100_LoggerB8D61A6A65C0 online!
2026-01-06 16:23:08 [7776] WARN  mqtt_parser.c:1335: PT100_Logger68FE7187800C online!
2026-01-06 16:23:09 [7776] WARN  mqtt_parser.c:1335: PT100_Logger30AEA4985918 online!
2026-01-06 16:23:09 [7776] WARN  mqtt_parser.c:1335: PT100_Logger68FE71881F6C online!
2026-01-06 16:23:11 [7776] WARN  mqtt_parser.c:1335: PT100_Logger68FE711277AC online!
2026-01-06 16:23:55 [7776] WARN  mqtt_parser.c:1335: PT100_LoggerA0DD6CADBBBC online!
2026-01-06 16:25:52 [7776] WARN  mqtt_parser.c:1335: mqtt-explorer-8f78055a online!
2026-01-06 16:25:52 [7776] WARN  nmq_mqtt.c:245: Warning: close pipe & kick client due to KeepAlive timeout!
2026-01-06 16:25:52 [7776] WARN  nmq_mqtt.c:986: PT100_Logger68FE7187D3B4 pipe close!
2026-01-06 16:25:52 [7776] WARN  broker_tcp.c:683: nni aio recv error!! Object closed

2026-01-06 16:25:52 [7776] WARN  mqtt_parser.c:1339: PT100_Logger68FE7187D3B4 offline!
2026-01-06 16:25:52 [7776] WARN  broker_tcp.c:974: tcptran_pipe_recv_cb: recv_error rv: 139

2026-01-06 16:25:53 [7776] WARN  nmq_mqtt.c:245: Warning: close pipe & kick client due to KeepAlive timeout!
2026-01-06 16:25:53 [7776] WARN  broker_tcp.c:683: nni aio recv error!! Object closed

2026-01-06 16:25:53 [7776] WARN  nmq_mqtt.c:986: PT100_LoggerB8D61A6A65C0 pipe close!
2026-01-06 16:25:53 [7776] WARN  mqtt_parser.c:1339: PT100_LoggerB8D61A6A65C0 offline!
2026-01-06 16:25:53 [7776] WARN  broker_tcp.c:974: tcptran_pipe_recv_cb: recv_error rv: 139

2026-01-06 16:25:53 [7776] WARN  nmq_mqtt.c:245: Warning: close pipe & kick client due to KeepAlive timeout!
2026-01-06 16:25:53 [7776] WARN  nmq_mqtt.c:986: PT100_Logger68FE7187800C pipe close!
2026-01-06 16:25:53 [7776] WARN  broker_tcp.c:683: nni aio recv error!! Object closed

2026-01-06 16:25:53 [7776] WARN  mqtt_parser.c:1339: PT100_Logger68FE7187800C offline!
2026-01-06 16:25:53 [7776] WARN  broker_tcp.c:974: tcptran_pipe_recv_cb: recv_error rv: 139

2026-01-06 16:25:55 [7776] WARN  nmq_mqtt.c:245: Warning: close pipe & kick client due to KeepAlive timeout!
2026-01-06 16:25:55 [7776] WARN  broker_tcp.c:683: nni aio recv error!! Object closed

2026-01-06 16:25:55 [7776] WARN  nmq_mqtt.c:986: PT100_Logger30AEA4985918 pipe close!
2026-01-06 16:25:55 [7776] WARN  broker_tcp.c:974: tcptran_pipe_recv_cb: recv_error rv: 139

2026-01-06 16:25:55 [7776] WARN  mqtt_parser.c:1339: PT100_Logger30AEA4985918 offline!
2026-01-06 16:25:55 [7776] WARN  nmq_mqtt.c:245: Warning: close pipe & kick client due to KeepAlive timeout!
2026-01-06 16:25:55 [7776] WARN  nmq_mqtt.c:986: PT100_Logger68FE71881F6C pipe close!
2026-01-06 16:25:55 [7776] WARN  broker_tcp.c:683: nni aio recv error!! Object closed

2026-01-06 16:25:55 [7776] WARN  mqtt_parser.c:1339: PT100_Logger68FE71881F6C offline!
2026-01-06 16:25:55 [7776] WARN  broker_tcp.c:974: tcptran_pipe_recv_cb: recv_error rv: 139

2026-01-06 16:25:56 [7776] WARN  nmq_mqtt.c:245: Warning: close pipe & kick client due to KeepAlive timeout!
2026-01-06 16:25:56 [7776] WARN  broker_tcp.c:683: nni aio recv error!! Object closed

2026-01-06 16:25:56 [7776] WARN  nmq_mqtt.c:986: PT100_Logger68FE711277AC pipe close!
2026-01-06 16:25:56 [7776] WARN  broker_tcp.c:974: tcptran_pipe_recv_cb: recv_error rv: 139

2026-01-06 16:25:56 [7776] WARN  mqtt_parser.c:1339: PT100_Logger68FE711277AC offline!
2026-01-06 16:26:00 [7776] WARN  nmq_mqtt.c:245: Warning: close pipe & kick client due to KeepAlive timeout!
2026-01-06 16:26:00 [7776] WARN  nmq_mqtt.c:986: PT100_LoggerA0DD6CADBBBC pipe close!
2026-01-06 16:26:00 [7776] WARN  broker_tcp.c:683: nni aio recv error!! Object closed

2026-01-06 16:26:00 [7776] WARN  mqtt_parser.c:1339: PT100_LoggerA0DD6CADBBBC offline!
2026-01-06 16:26:00 [7776] WARN  broker_tcp.c:974: tcptran_pipe_recv_cb: recv_error rv: 139

2026-01-06 16:26:10 [7776] WARN  mqtt_parser.c:1335: PT100_Logger68FE7187D3B4 online!
2026-01-06 16:26:10 [7776] WARN  mqtt_parser.c:1335: PT100_Logger68FE7187800C online!
2026-01-06 16:26:10 [7776] WARN  mqtt_parser.c:1335: PT100_Logger30AEA4985918 online!
2026-01-06 16:26:10 [7776] WARN  mqtt_parser.c:1335: PT100_Logger68FE71881F6C online!
2026-01-06 16:26:11 [7776] WARN  mqtt_parser.c:1335: PT100_Logger68FE711277AC online!
2026-01-06 16:26:11 [7776] WARN  mqtt_parser.c:1335: PT100_LoggerB8D61A6A65C0 online!
2026-01-06 16:26:21 [7776] WARN  mqtt_parser.c:1335: PT100_LoggerA0DD6CADBBBC online!
2026-01-06 16:26:26 [7776] WARN  broker_tcp.c:683: nni aio recv error!! Connection shutdown

2026-01-06 16:26:26 [7776] WARN  nmq_mqtt.c:986: PT100_Logger68FE711277AC pipe close!
2026-01-06 16:26:26 [7776] WARN  broker_tcp.c:974: tcptran_pipe_recv_cb: recv_error rv: 139

2026-01-06 16:26:26 [7776] WARN  mqtt_parser.c:1339: PT100_Logger68FE711277AC offline!
2026-01-06 16:26:27 [7776] WARN  mqtt_parser.c:1335: PT100_Logger68FE711277AC online!
2026-01-06 17:12:29 [7776] WARN  nmq_mqtt.c:245: Warning: close pipe & kick client due to KeepAlive timeout!
2026-01-06 17:12:29 [7776] WARN  nmq_mqtt.c:986: PT100_Logger30AEA4985918 pipe close!
2026-01-06 17:12:29 [7776] WARN  broker_tcp.c:683: nni aio recv error!! Object closed

2026-01-06 17:12:29 [7776] WARN  mqtt_parser.c:1339: PT100_Logger30AEA4985918 offline!
2026-01-06 17:12:29 [7776] WARN  broker_tcp.c:974: tcptran_pipe_recv_cb: recv_error rv: 139

2026-01-06 17:12:30 [7776] WARN  nmq_mqtt.c:245: Warning: close pipe & kick client due to KeepAlive timeout!
2026-01-06 17:12:30 [7776] WARN  nmq_mqtt.c:986: PT100_LoggerB8D61A6A65C0 pipe close!
2026-01-06 17:12:30 [7776] WARN  broker_tcp.c:683: nni aio recv error!! Object closed

2026-01-06 17:12:30 [7776] WARN  mqtt_parser.c:1339: PT100_LoggerB8D61A6A65C0 offline!
2026-01-06 17:12:30 [7776] WARN  broker_tcp.c:974: tcptran_pipe_recv_cb: recv_error rv: 139

2026-01-06 17:12:30 [7776] WARN  nmq_mqtt.c:245: Warning: close pipe & kick client due to KeepAlive timeout!
2026-01-06 17:12:30 [7776] WARN  nmq_mqtt.c:986: PT100_LoggerA0DD6CADBBBC pipe close!
2026-01-06 17:12:30 [7776] WARN  broker_tcp.c:683: nni aio recv error!! Object closed

2026-01-06 17:12:30 [7776] WARN  mqtt_parser.c:1339: PT100_LoggerA0DD6CADBBBC offline!
2026-01-06 17:12:30 [7776] WARN  broker_tcp.c:974: tcptran_pipe_recv_cb: recv_error rv: 139

2026-01-06 17:12:36 [7776] WARN  nmq_mqtt.c:245: Warning: close pipe & kick client due to KeepAlive timeout!
2026-01-06 17:12:36 [7776] WARN  nmq_mqtt.c:986: PT100_Logger68FE711277AC pipe close!
2026-01-06 17:12:36 [7776] WARN  broker_tcp.c:683: nni aio recv error!! Object closed

2026-01-06 17:12:36 [7776] WARN  mqtt_parser.c:1339: PT100_Logger68FE711277AC offline!
2026-01-06 17:12:36 [7776] WARN  broker_tcp.c:974: tcptran_pipe_recv_cb: recv_error rv: 139

2026-01-06 17:12:38 [7776] WARN  nmq_mqtt.c:986: mqtt-explorer-8f78055a pipe close!
2026-01-06 17:12:38 [7776] WARN  mqtt_parser.c:1339: mqtt-explorer-8f78055a offline!
2026-01-06 17:12:38 [7776] WARN  nmq_mqtt.c:431: pipe id 2016390686 is gone, pub failed
2026-01-06 17:12:39 [7776] WARN  nmq_mqtt.c:245: Warning: close pipe & kick client due to KeepAlive timeout!
2026-01-06 17:12:39 [7776] WARN  nmq_mqtt.c:986: PT100_Logger68FE7187800C pipe close!
2026-01-06 17:12:39 [7776] WARN  mqtt_parser.c:1339: PT100_Logger68FE7187800C offline!
2026-01-06 17:12:39 [7776] WARN  broker_tcp.c:683: nni aio recv error!! Object closed

2026-01-06 17:12:39 [7776] WARN  broker_tcp.c:974: tcptran_pipe_recv_cb: recv_error rv: 139

2026-01-06 17:12:40 [7776] WARN  nmq_mqtt.c:245: Warning: close pipe & kick client due to KeepAlive timeout!
2026-01-06 17:12:40 [7776] WARN  nmq_mqtt.c:986: PT100_Logger68FE71881F6C pipe close!
2026-01-06 17:12:40 [7776] WARN  broker_tcp.c:683: nni aio recv error!! Object closed

2026-01-06 17:12:40 [7776] WARN  mqtt_parser.c:1339: PT100_Logger68FE71881F6C offline!
2026-01-06 17:12:40 [7776] WARN  broker_tcp.c:974: tcptran_pipe_recv_cb: recv_error rv: 139

2026-01-06 17:12:58 [7776] ERROR pipe.c:520: Client ID collision or set ID failed!
2026-01-06 17:12:58 [7776] WARN  nmq_mqtt.c:986: PT100_Logger68FE7187D3B4 pipe close!
2026-01-06 17:12:58 [7776] WARN  broker_tcp.c:683: nni aio recv error!! Object closed

2026-01-06 17:12:58 [7776] WARN  broker_tcp.c:974: tcptran_pipe_recv_cb: recv_error rv: 139

2026-01-06 17:12:58 [7776] WARN  mqtt_parser.c:1339: PT100_Logger68FE7187D3B4 offline!
2026-01-06 17:12:58 [7776] WARN  mqtt_parser.c:1335: PT100_Logger68FE7187D3B4 online!
2026-01-06 17:13:02 [7776] WARN  nmq_websocket.c:160:  recv aio error Object closed
2026-01-06 17:13:02 [7776] WARN  nmq_mqtt.c:986: Indr_Pt100_client_a7Z7r490HmXE pipe close!
2026-01-06 17:13:02 [7776] WARN  mqtt_parser.c:1339: Indr_Pt100_client_a7Z7r490HmXE offline!
2026-01-06 18:18:57 [7776] WARN  nmq_mqtt.c:245: Warning: close pipe & kick client due to KeepAlive timeout!
2026-01-06 18:18:57 [7776] WARN  nmq_mqtt.c:986: PT100_Logger68FE7187D3B4 pipe close!
2026-01-06 18:18:57 [7776] WARN  broker_tcp.c:683: nni aio recv error!! Object closed

2026-01-06 18:18:57 [7776] WARN  mqtt_parser.c:1339: PT100_Logger68FE7187D3B4 offline!
2026-01-06 18:18:57 [7776] WARN  broker_tcp.c:974: tcptran_pipe_recv_cb: recv_error rv: 139

2026-01-06 22:03:53 [7776] WARN  mqtt_parser.c:1335: Indr_Pt100_client_FTTrRlPxAQtL online!
2026-01-06 22:22:24 [7776] WARN  mqtt_parser.c:1335: Indr_Pt100_client_3Prq72eprcrX online!
2026-01-06 22:22:26 [7776] WARN  nmq_websocket.c:160:  recv aio error Object closed
2026-01-06 22:22:26 [7776] WARN  nmq_mqtt.c:986: Indr_Pt100_client_3Prq72eprcrX pipe close!
2026-01-06 22:22:26 [7776] WARN  mqtt_parser.c:1339: Indr_Pt100_client_3Prq72eprcrX offline!
2026-01-06 22:30:21 [7776] WARN  mqtt_parser.c:1335: Indr_Pt100_client_V8n9lWUv48Ye online!
2026-01-06 22:30:29 [7776] WARN  nmq_websocket.c:160:  recv aio error Object closed
2026-01-06 22:30:29 [7776] WARN  nmq_mqtt.c:986: Indr_Pt100_client_V8n9lWUv48Ye pipe close!
2026-01-06 22:30:29 [7776] WARN  mqtt_parser.c:1339: Indr_Pt100_client_V8n9lWUv48Ye offline!
2026-01-06 22:30:29 [7776] WARN  mqtt_parser.c:1335: Indr_Pt100_client_Cpi22SutYQlV online!
2026-01-06 22:30:41 [7776] WARN  nmq_websocket.c:160:  recv aio error Object closed
2026-01-06 22:30:41 [7776] WARN  nmq_mqtt.c:986: Indr_Pt100_client_Cpi22SutYQlV pipe close!
2026-01-06 22:30:41 [7776] WARN  mqtt_parser.c:1339: Indr_Pt100_client_Cpi22SutYQlV offline!
2026-01-06 22:31:02 [7776] WARN  mqtt_parser.c:1335: Indr_Pt100_client_Cpi22SutYQlV online!
2026-01-06 22:31:02 [7776] WARN  nmq_websocket.c:160:  recv aio error Object closed
2026-01-06 22:31:02 [7776] WARN  nmq_mqtt.c:986: Indr_Pt100_client_Cpi22SutYQlV pipe close!
2026-01-06 22:31:02 [7776] WARN  mqtt_parser.c:1339: Indr_Pt100_client_Cpi22SutYQlV offline!
2026-01-06 22:31:07 [7776] WARN  mqtt_parser.c:1335: Indr_Pt100_client_KLjQDaxfZFGE online!
2026-01-06 22:31:08 [7776] WARN  nmq_websocket.c:160:  recv aio error Object closed
2026-01-06 22:31:08 [7776] WARN  nmq_mqtt.c:986: Indr_Pt100_client_KLjQDaxfZFGE pipe close!
2026-01-06 22:31:08 [7776] WARN  mqtt_parser.c:1339: Indr_Pt100_client_KLjQDaxfZFGE offline!
2026-01-06 22:31:08 [7776] WARN  mqtt_parser.c:1335: Indr_Pt100_client_yJwHslE03TBp online!
2026-01-06 22:31:42 [7776] WARN  nmq_websocket.c:160:  recv aio error Object closed
2026-01-06 22:31:42 [7776] WARN  nmq_mqtt.c:986: Indr_Pt100_client_yJwHslE03TBp pipe close!
2026-01-06 22:31:42 [7776] WARN  mqtt_parser.c:1339: Indr_Pt100_client_yJwHslE03TBp offline!
2026-01-06 22:32:15 [7776] WARN  mqtt_parser.c:1335: Indr_Pt100_client_6tx8uyOvCG82 online!
2026-01-06 22:32:38 [7776] WARN  nmq_websocket.c:160:  recv aio error Object closed
2026-01-06 22:32:38 [7776] WARN  nmq_mqtt.c:986: Indr_Pt100_client_6tx8uyOvCG82 pipe close!
2026-01-06 22:32:38 [7776] WARN  mqtt_parser.c:1339: Indr_Pt100_client_6tx8uyOvCG82 offline!
2026-01-06 22:34:38 [7776] WARN  nmq_websocket.c:160:  recv aio error Object closed
2026-01-06 22:34:38 [7776] WARN  nmq_mqtt.c:986: Indr_Pt100_client_FTTrRlPxAQtL pipe close!
2026-01-06 22:34:38 [7776] WARN  mqtt_parser.c:1339: Indr_Pt100_client_FTTrRlPxAQtL offline!
2026-01-06 22:34:38 [7776] WARN  mqtt_parser.c:1335: Indr_Pt100_client_yY046ufMDAL6 online!
2026-01-06 22:35:29 [7776] WARN  nmq_websocket.c:160:  recv aio error Object closed
2026-01-06 22:35:29 [7776] WARN  nmq_mqtt.c:986: Indr_Pt100_client_yY046ufMDAL6 pipe close!
2026-01-06 22:35:29 [7776] WARN  mqtt_parser.c:1339: Indr_Pt100_client_yY046ufMDAL6 offline!
2026-01-06 22:35:33 [7776] WARN  mqtt_parser.c:1335: Indr_Pt100_client_lJveEiECmSIz online!
2026-01-06 22:36:44 [7776] WARN  nmq_websocket.c:160:  recv aio error Object closed
2026-01-06 22:36:44 [7776] WARN  nmq_mqtt.c:986: Indr_Pt100_client_lJveEiECmSIz pipe close!
2026-01-06 22:36:44 [7776] WARN  mqtt_parser.c:1339: Indr_Pt100_client_lJveEiECmSIz offline!
2026-01-06 22:36:45 [7776] WARN  mqtt_parser.c:1335: Indr_Pt100_client_NgzDxbciZMeW online!
2026-01-06 22:37:16 [7776] WARN  nmq_websocket.c:160:  recv aio error Object closed
2026-01-06 22:37:16 [7776] WARN  nmq_mqtt.c:986: Indr_Pt100_client_NgzDxbciZMeW pipe close!
2026-01-06 22:37:16 [7776] WARN  mqtt_parser.c:1339: Indr_Pt100_client_NgzDxbciZMeW offline!
2026-01-06 22:37:31 [7776] WARN  mqtt_parser.c:1335: Indr_Pt100_client_cNJiEHgoLOoK online!
2026-01-06 22:38:17 [7776] WARN  nmq_websocket.c:160:  recv aio error Object closed
2026-01-06 22:38:17 [7776] WARN  nmq_mqtt.c:986: Indr_Pt100_client_cNJiEHgoLOoK pipe close!
2026-01-06 22:38:17 [7776] WARN  mqtt_parser.c:1339: Indr_Pt100_client_cNJiEHgoLOoK offline!
2026-01-06 22:38:27 [7776] WARN  mqtt_parser.c:1335: Indr_Pt100_client_X1AjAd8diIlv online!
2026-01-06 22:44:26 [7776] WARN  nmq_websocket.c:160:  recv aio error Object closed
2026-01-06 22:44:26 [7776] WARN  nmq_mqtt.c:986: Indr_Pt100_client_X1AjAd8diIlv pipe close!
2026-01-06 22:44:26 [7776] WARN  mqtt_parser.c:1339: Indr_Pt100_client_X1AjAd8diIlv offline!
2026-01-06 22:44:27 [7776] WARN  mqtt_parser.c:1335: Indr_Pt100_client_f01ihvplO1BQ online!
2026-01-06 22:44:52 [7776] WARN  mqtt_parser.c:1335: mqtt-explorer-8f78055a online!
2026-01-06 22:47:09 [7776] WARN  nmq_websocket.c:160:  recv aio error Object closed
2026-01-06 22:47:09 [7776] WARN  nmq_mqtt.c:986: Indr_Pt100_client_f01ihvplO1BQ pipe close!
2026-01-06 22:47:09 [7776] WARN  mqtt_parser.c:1339: Indr_Pt100_client_f01ihvplO1BQ offline!
2026-01-06 22:47:14 [7776] WARN  mqtt_parser.c:1335: Indr_Pt100_client_pvo312SAv6dF online!
2026-01-06 22:50:18 [7776] WARN  nmq_websocket.c:160:  recv aio error Object closed
2026-01-06 22:50:18 [7776] WARN  nmq_mqtt.c:986: Indr_Pt100_client_pvo312SAv6dF pipe close!
2026-01-06 22:50:18 [7776] WARN  mqtt_parser.c:1339: Indr_Pt100_client_pvo312SAv6dF offline!
2026-01-06 22:50:18 [7776] WARN  mqtt_parser.c:1335: Indr_Pt100_client_ubzN5c9VdtNR online!
2026-01-06 22:50:58 [7776] WARN  nmq_websocket.c:160:  recv aio error Object closed
2026-01-06 22:50:58 [7776] WARN  nmq_mqtt.c:986: Indr_Pt100_client_ubzN5c9VdtNR pipe close!
2026-01-06 22:50:58 [7776] WARN  mqtt_parser.c:1339: Indr_Pt100_client_ubzN5c9VdtNR offline!
2026-01-06 22:50:58 [7776] WARN  mqtt_parser.c:1335: Indr_Pt100_client_Q3gBKOEkV4fE online!
2026-01-06 23:04:11 [7776] WARN  nmq_websocket.c:160:  recv aio error Object closed
2026-01-06 23:04:11 [7776] WARN  nmq_mqtt.c:986: Indr_Pt100_client_Q3gBKOEkV4fE pipe close!
2026-01-06 23:04:11 [7776] WARN  mqtt_parser.c:1339: Indr_Pt100_client_Q3gBKOEkV4fE offline!
2026-01-06 23:04:12 [7776] WARN  mqtt_parser.c:1335: Indr_Pt100_client_Q4VvIRr18ELz online!
2026-01-06 23:05:02 [7776] WARN  nmq_websocket.c:160:  recv aio error Object closed
2026-01-06 23:05:02 [7776] WARN  nmq_mqtt.c:986: Indr_Pt100_client_Q4VvIRr18ELz pipe close!
2026-01-06 23:05:02 [7776] WARN  mqtt_parser.c:1339: Indr_Pt100_client_Q4VvIRr18ELz offline!
2026-01-06 23:05:03 [7776] WARN  mqtt_parser.c:1335: Indr_Pt100_client_ze0YI3rqjtx9 online!
2026-01-06 23:06:25 [7776] WARN  nmq_websocket.c:160:  recv aio error Object closed
2026-01-06 23:06:25 [7776] WARN  nmq_mqtt.c:986: Indr_Pt100_client_ze0YI3rqjtx9 pipe close!
2026-01-06 23:06:25 [7776] WARN  mqtt_parser.c:1339: Indr_Pt100_client_ze0YI3rqjtx9 offline!
2026-01-06 23:06:40 [7776] WARN  mqtt_parser.c:1335: Indr_Pt100_client_AkrMTbmsQBah online!
2026-01-06 23:08:19 [7776] WARN  nmq_websocket.c:160:  recv aio error Object closed
2026-01-06 23:08:19 [7776] WARN  nmq_mqtt.c:986: Indr_Pt100_client_AkrMTbmsQBah pipe close!
2026-01-06 23:08:19 [7776] WARN  mqtt_parser.c:1339: Indr_Pt100_client_AkrMTbmsQBah offline!
2026-01-06 23:08:20 [7776] WARN  mqtt_parser.c:1335: Indr_Pt100_client_xsGT39K4m9iJ online!
2026-01-06 23:09:35 [7776] WARN  nmq_websocket.c:160:  recv aio error Object closed
2026-01-06 23:09:35 [7776] WARN  nmq_mqtt.c:986: Indr_Pt100_client_xsGT39K4m9iJ pipe close!
2026-01-06 23:09:35 [7776] WARN  mqtt_parser.c:1339: Indr_Pt100_client_xsGT39K4m9iJ offline!
2026-01-06 23:09:35 [7776] WARN  mqtt_parser.c:1335: Indr_Pt100_client_rqKk8qG12eh1 online!
2026-01-06 23:16:42 [7776] WARN  nmq_websocket.c:160:  recv aio error Object closed
2026-01-06 23:16:42 [7776] WARN  nmq_mqtt.c:986: Indr_Pt100_client_rqKk8qG12eh1 pipe close!
2026-01-06 23:16:42 [7776] WARN  mqtt_parser.c:1339: Indr_Pt100_client_rqKk8qG12eh1 offline!
2026-01-06 23:17:08 [7776] WARN  mqtt_parser.c:1335: Indr_Pt100_client_q95whbbH94d3 online!
2026-01-06 23:25:47 [7776] WARN  nmq_websocket.c:160:  recv aio error Object closed
2026-01-06 23:25:47 [7776] WARN  nmq_mqtt.c:986: Indr_Pt100_client_q95whbbH94d3 pipe close!
2026-01-06 23:25:47 [7776] WARN  mqtt_parser.c:1339: Indr_Pt100_client_q95whbbH94d3 offline!
2026-01-06 23:25:48 [7776] WARN  mqtt_parser.c:1335: Indr_Pt100_client_mGjLLVqjL1FJ online!
2026-01-06 23:30:54 [7776] WARN  mqtt_parser.c:1335: Indr_Pt100_client_yJwHslE03TBp online!
2026-01-06 23:31:26 [7776] WARN  nmq_websocket.c:160:  recv aio error Object closed
2026-01-06 23:31:26 [7776] WARN  nmq_mqtt.c:986: Indr_Pt100_client_yJwHslE03TBp pipe close!
2026-01-06 23:31:26 [7776] WARN  mqtt_parser.c:1339: Indr_Pt100_client_yJwHslE03TBp offline!
2026-01-06 23:32:51 [7776] WARN  broker_tcp.c:683: nni aio recv error!! Unknown error #212

2026-01-06 23:32:51 [7776] WARN  broker_tcp.c:974: tcptran_pipe_recv_cb: recv_error rv: 128

2026-01-06 23:32:51 [7776] WARN  nmq_mqtt.c:986: mqtt-explorer-8f78055a pipe close!
2026-01-06 23:32:51 [7776] WARN  mqtt_parser.c:1339: mqtt-explorer-8f78055a offline!
2026-01-06 23:32:51 [7776] WARN  nmq_mqtt.c:431: pipe id 2016390686 is gone, pub failed
2026-01-06 23:34:18 [7776] WARN  nmq_websocket.c:160:  recv aio error Object closed
2026-01-06 23:34:18 [7776] WARN  nmq_mqtt.c:986: Indr_Pt100_client_mGjLLVqjL1FJ pipe close!
2026-01-06 23:34:18 [7776] WARN  mqtt_parser.c:1339: Indr_Pt100_client_mGjLLVqjL1FJ offline!
2026-01-06 23:34:19 [7776] WARN  mqtt_parser.c:1335: Indr_Pt100_client_d4r5SmgRJntv online!
2026-01-06 23:34:21 [7776] WARN  mqtt_parser.c:1335: PT100_LoggerB8D61A6A65C0 online!
2026-01-06 23:34:24 [7776] WARN  mqtt_parser.c:1335: mqtt-explorer-8f78055a online!
2026-01-06 23:35:27 [7776] WARN  nmq_mqtt.c:245: Warning: close pipe & kick client due to KeepAlive timeout!
2026-01-06 23:35:27 [7776] WARN  nmq_mqtt.c:986: PT100_LoggerB8D61A6A65C0 pipe close!
2026-01-06 23:35:27 [7776] WARN  broker_tcp.c:683: nni aio recv error!! Object closed

2026-01-06 23:35:27 [7776] WARN  mqtt_parser.c:1339: PT100_LoggerB8D61A6A65C0 offline!
2026-01-06 23:35:27 [7776] WARN  broker_tcp.c:974: tcptran_pipe_recv_cb: recv_error rv: 139

2026-01-06 23:35:32 [7776] WARN  mqtt_parser.c:1335: PT100_LoggerB8D61A6A65C0 online!
2026-01-06 23:36:42 [7776] ERROR pipe.c:520: Client ID collision or set ID failed!
2026-01-06 23:36:42 [7776] WARN  nmq_mqtt.c:986: PT100_LoggerB8D61A6A65C0 pipe close!
2026-01-06 23:36:42 [7776] WARN  broker_tcp.c:683: nni aio recv error!! Object closed

2026-01-06 23:36:42 [7776] WARN  mqtt_parser.c:1339: PT100_LoggerB8D61A6A65C0 offline!
2026-01-06 23:36:42 [7776] WARN  broker_tcp.c:974: tcptran_pipe_recv_cb: recv_error rv: 139

2026-01-06 23:36:42 [7776] WARN  mqtt_parser.c:1335: PT100_LoggerB8D61A6A65C0 online!
2026-01-06 23:38:17 [7776] WARN  nmq_mqtt.c:245: Warning: close pipe & kick client due to KeepAlive timeout!
2026-01-06 23:38:17 [7776] WARN  nmq_mqtt.c:986: PT100_LoggerB8D61A6A65C0 pipe close!
2026-01-06 23:38:17 [7776] WARN  mqtt_parser.c:1339: PT100_LoggerB8D61A6A65C0 offline!
2026-01-06 23:38:17 [7776] WARN  broker_tcp.c:683: nni aio recv error!! Object closed

2026-01-06 23:38:17 [7776] WARN  broker_tcp.c:974: tcptran_pipe_recv_cb: recv_error rv: 139

2026-01-06 23:39:04 [7776] WARN  mqtt_parser.c:1335: PT100_LoggerB8D61A6A65C0 online!
2026-01-06 23:41:35 [7776] ERROR pipe.c:520: Client ID collision or set ID failed!
2026-01-06 23:41:35 [7776] WARN  nmq_mqtt.c:986: PT100_LoggerB8D61A6A65C0 pipe close!
2026-01-06 23:41:35 [7776] WARN  broker_tcp.c:683: nni aio recv error!! Object closed

2026-01-06 23:41:35 [7776] WARN  broker_tcp.c:974: tcptran_pipe_recv_cb: recv_error rv: 139

2026-01-06 23:41:35 [7776] WARN  mqtt_parser.c:1339: PT100_LoggerB8D61A6A65C0 offline!
2026-01-06 23:41:35 [7776] WARN  mqtt_parser.c:1335: PT100_LoggerB8D61A6A65C0 online!
2026-01-06 23:42:50 [7776] WARN  nmq_mqtt.c:245: Warning: close pipe & kick client due to KeepAlive timeout!
2026-01-06 23:42:50 [7776] WARN  nmq_mqtt.c:986: PT100_LoggerB8D61A6A65C0 pipe close!
2026-01-06 23:42:50 [7776] WARN  broker_tcp.c:683: nni aio recv error!! Object closed

2026-01-06 23:42:50 [7776] WARN  mqtt_parser.c:1339: PT100_LoggerB8D61A6A65C0 offline!
2026-01-06 23:42:50 [7776] WARN  broker_tcp.c:974: tcptran_pipe_recv_cb: recv_error rv: 139

2026-01-06 23:46:14 [7776] WARN  mqtt_parser.c:1335: PT100_LoggerB8D61A6A65C0 online!
2026-01-06 23:47:56 [7776] WARN  nmq_mqtt.c:986: mqtt-explorer-8f78055a pipe close!
2026-01-06 23:47:56 [7776] WARN  mqtt_parser.c:1339: mqtt-explorer-8f78055a offline!
2026-01-06 23:47:56 [7776] WARN  nmq_mqtt.c:431: pipe id 2016390686 is gone, pub failed
2026-01-06 23:48:13 [7776] WARN  nmq_websocket.c:160:  recv aio error Object closed
2026-01-06 23:48:13 [7776] WARN  nmq_mqtt.c:986: Indr_Pt100_client_d4r5SmgRJntv pipe close!
2026-01-06 23:48:13 [7776] WARN  mqtt_parser.c:1339: Indr_Pt100_client_d4r5SmgRJntv offline!
2026-01-07 09:13:56 [7776] WARN  broker_tcp.c:683: nni aio recv error!! Unknown error #212

2026-01-07 09:13:56 [7776] WARN  broker_tcp.c:974: tcptran_pipe_recv_cb: recv_error rv: 128

2026-01-07 09:13:56 [7776] WARN  nmq_mqtt.c:986: PT100_LoggerB8D61A6A65C0 pipe close!
2026-01-07 09:13:56 [7776] WARN  mqtt_parser.c:1339: PT100_LoggerB8D61A6A65C0 offline!
2026-01-07 11:06:34 [7776] WARN  mqtt_parser.c:1335: Indr_Pt100_client_82IlmdiPuCmS online!
2026-01-07 11:06:46 [7776] WARN  mqtt_parser.c:1335: PT100_LoggerA0DD6CADBBBC online!
2026-01-07 11:06:47 [7776] WARN  mqtt_parser.c:1335: PT100_LoggerB8D61A6A65C0 online!
2026-01-07 11:06:48 [7776] WARN  mqtt_parser.c:1335: PT100_Logger68FE71881F6C online!
2026-01-07 11:09:13 [7776] WARN  nmq_mqtt.c:245: Warning: close pipe & kick client due to KeepAlive timeout!
2026-01-07 11:09:13 [7776] WARN  nmq_mqtt.c:986: PT100_Logger68FE71881F6C pipe close!
2026-01-07 11:09:13 [7776] WARN  broker_tcp.c:683: nni aio recv error!! Object closed

2026-01-07 11:09:13 [7776] WARN  mqtt_parser.c:1339: PT100_Logger68FE71881F6C offline!
2026-01-07 11:09:13 [7776] WARN  broker_tcp.c:974: tcptran_pipe_recv_cb: recv_error rv: 139

2026-01-07 11:09:14 [7776] WARN  mqtt_parser.c:1335: PT100_Logger68FE71881F6C online!
2026-01-07 11:09:51 [7776] WARN  nmq_mqtt.c:245: Warning: close pipe & kick client due to KeepAlive timeout!
2026-01-07 11:09:51 [7776] WARN  nmq_mqtt.c:986: PT100_LoggerA0DD6CADBBBC pipe close!
2026-01-07 11:09:51 [7776] WARN  broker_tcp.c:683: nni aio recv error!! Object closed

2026-01-07 11:09:51 [7776] WARN  mqtt_parser.c:1339: PT100_LoggerA0DD6CADBBBC offline!
2026-01-07 11:09:51 [7776] WARN  broker_tcp.c:974: tcptran_pipe_recv_cb: recv_error rv: 139

2026-01-07 11:09:56 [7776] WARN  mqtt_parser.c:1335: PT100_LoggerA0DD6CADBBBC online!
2026-01-07 11:10:39 [7776] WARN  nmq_mqtt.c:245: Warning: close pipe & kick client due to KeepAlive timeout!
2026-01-07 11:10:39 [7776] WARN  nmq_mqtt.c:986: PT100_Logger68FE71881F6C pipe close!
2026-01-07 11:10:39 [7776] WARN  broker_tcp.c:683: nni aio recv error!! Object closed

2026-01-07 11:10:39 [7776] WARN  mqtt_parser.c:1339: PT100_Logger68FE71881F6C offline!
2026-01-07 11:10:39 [7776] WARN  broker_tcp.c:974: tcptran_pipe_recv_cb: recv_error rv: 139

2026-01-07 11:10:41 [7776] WARN  nmq_mqtt.c:245: Warning: close pipe & kick client due to KeepAlive timeout!
2026-01-07 11:10:41 [7776] WARN  nmq_mqtt.c:986: PT100_LoggerA0DD6CADBBBC pipe close!
2026-01-07 11:10:41 [7776] WARN  broker_tcp.c:683: nni aio recv error!! Object closed

2026-01-07 11:10:41 [7776] WARN  mqtt_parser.c:1339: PT100_LoggerA0DD6CADBBBC offline!
2026-01-07 11:10:41 [7776] WARN  broker_tcp.c:974: tcptran_pipe_recv_cb: recv_error rv: 139

2026-01-07 11:10:43 [7776] WARN  nmq_mqtt.c:245: Warning: close pipe & kick client due to KeepAlive timeout!
2026-01-07 11:10:43 [7776] WARN  nmq_mqtt.c:986: PT100_LoggerB8D61A6A65C0 pipe close!
2026-01-07 11:10:43 [7776] WARN  broker_tcp.c:683: nni aio recv error!! Object closed

2026-01-07 11:10:43 [7776] WARN  mqtt_parser.c:1339: PT100_LoggerB8D61A6A65C0 offline!
2026-01-07 11:10:43 [7776] WARN  broker_tcp.c:974: tcptran_pipe_recv_cb: recv_error rv: 139

2026-01-07 11:14:36 [7776] WARN  mqtt_parser.c:1335: PT100_LoggerB8D61A6A65C0 online!
2026-01-07 11:14:36 [7776] WARN  mqtt_parser.c:1335: PT100_Logger68FE71881F6C online!
2026-01-07 11:14:37 [7776] WARN  mqtt_parser.c:1335: PT100_LoggerA0DD6CADBBBC online!
2026-01-07 11:23:52 [7776] WARN  nmq_mqtt.c:245: Warning: close pipe & kick client due to KeepAlive timeout!
2026-01-07 11:23:52 [7776] WARN  nmq_mqtt.c:986: PT100_Logger68FE71881F6C pipe close!
2026-01-07 11:23:52 [7776] WARN  broker_tcp.c:683: nni aio recv error!! Object closed

2026-01-07 11:23:52 [7776] WARN  mqtt_parser.c:1339: PT100_Logger68FE71881F6C offline!
2026-01-07 11:23:52 [7776] WARN  broker_tcp.c:974: tcptran_pipe_recv_cb: recv_error rv: 139

2026-01-07 11:24:06 [7776] WARN  nmq_websocket.c:160:  recv aio error Object closed
2026-01-07 11:24:06 [7776] WARN  nmq_mqtt.c:986: Indr_Pt100_client_82IlmdiPuCmS pipe close!
2026-01-07 11:24:06 [7776] WARN  mqtt_parser.c:1339: Indr_Pt100_client_82IlmdiPuCmS offline!
2026-01-07 11:24:06 [7776] WARN  mqtt_parser.c:1335: Indr_Pt100_client_Nzkxx2rVeo18 online!
2026-01-07 11:24:43 [7776] WARN  nmq_mqtt.c:245: Warning: close pipe & kick client due to KeepAlive timeout!
2026-01-07 11:24:43 [7776] WARN  nmq_mqtt.c:986: PT100_LoggerA0DD6CADBBBC pipe close!
2026-01-07 11:24:43 [7776] WARN  broker_tcp.c:683: nni aio recv error!! Object closed

2026-01-07 11:24:43 [7776] WARN  mqtt_parser.c:1339: PT100_LoggerA0DD6CADBBBC offline!
2026-01-07 11:24:43 [7776] WARN  broker_tcp.c:974: tcptran_pipe_recv_cb: recv_error rv: 139

2026-01-07 11:27:47 [7776] WARN  nmq_websocket.c:160:  recv aio error Object closed
2026-01-07 11:27:47 [7776] WARN  nmq_mqtt.c:986: Indr_Pt100_client_Nzkxx2rVeo18 pipe close!
2026-01-07 11:27:47 [7776] WARN  mqtt_parser.c:1339: Indr_Pt100_client_Nzkxx2rVeo18 offline!
2026-01-07 11:27:48 [7776] WARN  mqtt_parser.c:1335: Indr_Pt100_client_DiIamLQsoOk2 online!
2026-01-07 11:28:06 [7776] WARN  mqtt_parser.c:1335: PT100_LoggerA0DD6CADBBBC online!
2026-01-07 11:29:31 [7776] WARN  nmq_mqtt.c:245: Warning: close pipe & kick client due to KeepAlive timeout!
2026-01-07 11:29:31 [7776] WARN  nmq_mqtt.c:986: PT100_LoggerA0DD6CADBBBC pipe close!
2026-01-07 11:29:31 [7776] WARN  broker_tcp.c:683: nni aio recv error!! Object closed

2026-01-07 11:29:31 [7776] WARN  broker_tcp.c:974: tcptran_pipe_recv_cb: recv_error rv: 139

2026-01-07 11:29:31 [7776] WARN  mqtt_parser.c:1339: PT100_LoggerA0DD6CADBBBC offline!
2026-01-07 11:29:32 [7776] WARN  nmq_mqtt.c:245: Warning: close pipe & kick client due to KeepAlive timeout!
2026-01-07 11:29:32 [7776] WARN  nmq_mqtt.c:986: PT100_LoggerB8D61A6A65C0 pipe close!
2026-01-07 11:29:32 [7776] WARN  broker_tcp.c:683: nni aio recv error!! Object closed

2026-01-07 11:29:32 [7776] WARN  broker_tcp.c:974: tcptran_pipe_recv_cb: recv_error rv: 139

2026-01-07 11:29:32 [7776] WARN  mqtt_parser.c:1339: PT100_LoggerB8D61A6A65C0 offline!
2026-01-07 11:30:09 [7776] WARN  mqtt_parser.c:1335: PT100_LoggerA0DD6CADBBBC online!
2026-01-07 11:30:10 [7776] WARN  mqtt_parser.c:1335: PT100_LoggerB8D61A6A65C0 online!
2026-01-07 11:30:54 [7776] WARN  nmq_mqtt.c:245: Warning: close pipe & kick client due to KeepAlive timeout!
2026-01-07 11:30:54 [7776] WARN  nmq_mqtt.c:986: PT100_LoggerA0DD6CADBBBC pipe close!
2026-01-07 11:30:54 [7776] WARN  mqtt_parser.c:1339: PT100_LoggerA0DD6CADBBBC offline!
2026-01-07 11:30:54 [7776] WARN  broker_tcp.c:683: nni aio recv error!! Object closed

2026-01-07 11:30:54 [7776] WARN  broker_tcp.c:974: tcptran_pipe_recv_cb: recv_error rv: 139

2026-01-07 11:30:55 [7776] WARN  nmq_mqtt.c:245: Warning: close pipe & kick client due to KeepAlive timeout!
2026-01-07 11:30:55 [7776] WARN  nmq_mqtt.c:986: PT100_LoggerB8D61A6A65C0 pipe close!
2026-01-07 11:30:55 [7776] WARN  mqtt_parser.c:1339: PT100_LoggerB8D61A6A65C0 offline!
2026-01-07 11:30:55 [7776] WARN  broker_tcp.c:683: nni aio recv error!! Object closed

2026-01-07 11:30:55 [7776] WARN  broker_tcp.c:974: tcptran_pipe_recv_cb: recv_error rv: 139

2026-01-07 11:31:13 [7776] WARN  mqtt_parser.c:1335: PT100_LoggerA0DD6CADBBBC online!
2026-01-07 11:31:30 [7776] WARN  mqtt_parser.c:1335: PT100_LoggerB8D61A6A65C0 online!
2026-01-07 11:57:41 [7776] WARN  nmq_mqtt.c:245: Warning: close pipe & kick client due to KeepAlive timeout!
2026-01-07 11:57:41 [7776] WARN  nmq_mqtt.c:986: PT100_LoggerA0DD6CADBBBC pipe close!
2026-01-07 11:57:41 [7776] WARN  broker_tcp.c:683: nni aio recv error!! Object closed

2026-01-07 11:57:41 [7776] WARN  mqtt_parser.c:1339: PT100_LoggerA0DD6CADBBBC offline!
2026-01-07 11:57:41 [7776] WARN  broker_tcp.c:974: tcptran_pipe_recv_cb: recv_error rv: 139

2026-01-07 11:57:48 [7776] WARN  nmq_mqtt.c:245: Warning: close pipe & kick client due to KeepAlive timeout!
2026-01-07 11:57:48 [7776] WARN  nmq_mqtt.c:986: PT100_LoggerB8D61A6A65C0 pipe close!
2026-01-07 11:57:48 [7776] WARN  broker_tcp.c:683: nni aio recv error!! Object closed

2026-01-07 11:57:48 [7776] WARN  mqtt_parser.c:1339: PT100_LoggerB8D61A6A65C0 offline!
2026-01-07 11:57:48 [7776] WARN  broker_tcp.c:974: tcptran_pipe_recv_cb: recv_error rv: 139

2026-01-07 13:26:40 [7776] WARN  nmq_websocket.c:160:  recv aio error Object closed
2026-01-07 13:26:40 [7776] WARN  nmq_mqtt.c:986: Indr_Pt100_client_DiIamLQsoOk2 pipe close!
2026-01-07 13:26:40 [7776] WARN  mqtt_parser.c:1339: Indr_Pt100_client_DiIamLQsoOk2 offline!
2026-01-07 13:26:40 [7776] WARN  mqtt_parser.c:1335: Indr_Pt100_client_uZGVFT5AyjqG online!
2026-01-07 13:27:41 [7776] WARN  mqtt_parser.c:1335: PT100_Logger68FE71881F6C online!
2026-01-07 13:27:42 [7776] WARN  mqtt_parser.c:1335: PT100_LoggerB8D61A6A65C0 online!
2026-01-07 13:27:48 [7776] WARN  mqtt_parser.c:1335: PT100_LoggerA0DD6CADBBBC online!
2026-01-07 13:28:08 [7776] WARN  mqtt_parser.c:1335: mqtt-explorer-8f78055a online!
2026-01-07 13:29:19 [7776] WARN  mqtt_parser.c:1335: PT100_Logger30AEA4985918 online!
2026-01-07 13:29:39 [7776] WARN  mqtt_parser.c:1335: PT100_Logger68FE7187D3B4 online!
2026-01-07 13:29:54 [7776] WARN  mqtt_parser.c:1335: PT100_Logger68FE711277AC online!
2026-01-07 13:44:13 [7776] ERROR pipe.c:520: Client ID collision or set ID failed!
2026-01-07 13:44:13 [7776] WARN  nmq_mqtt.c:986: PT100_Logger30AEA4985918 pipe close!
2026-01-07 13:44:13 [7776] WARN  broker_tcp.c:683: nni aio recv error!! Object closed

2026-01-07 13:44:13 [7776] WARN  mqtt_parser.c:1339: PT100_Logger30AEA4985918 offline!
2026-01-07 13:44:13 [7776] WARN  broker_tcp.c:974: tcptran_pipe_recv_cb: recv_error rv: 139

2026-01-07 13:44:13 [7776] WARN  mqtt_parser.c:1335: PT100_Logger30AEA4985918 online!
2026-01-07 13:46:14 [7776] WARN  nmq_websocket.c:160:  recv aio error Object closed
2026-01-07 13:46:14 [7776] WARN  nmq_mqtt.c:986: Indr_Pt100_client_uZGVFT5AyjqG pipe close!
2026-01-07 13:46:14 [7776] WARN  mqtt_parser.c:1339: Indr_Pt100_client_uZGVFT5AyjqG offline!
2026-01-07 13:46:15 [7776] WARN  mqtt_parser.c:1335: Indr_Pt100_client_IhU6Q37bmrOM online!
2026-01-07 13:49:59 [7776] WARN  nmq_websocket.c:160:  recv aio error Object closed
2026-01-07 13:49:59 [7776] WARN  nmq_mqtt.c:986: Indr_Pt100_client_IhU6Q37bmrOM pipe close!
2026-01-07 13:49:59 [7776] WARN  mqtt_parser.c:1339: Indr_Pt100_client_IhU6Q37bmrOM offline!
2026-01-07 13:50:07 [7776] WARN  mqtt_parser.c:1335: Indr_Pt100_client_KfWqWqvbC1p8 online!
2026-01-07 13:50:12 [7776] WARN  nmq_websocket.c:160:  recv aio error Object closed
2026-01-07 13:50:12 [7776] WARN  nmq_mqtt.c:986: Indr_Pt100_client_KfWqWqvbC1p8 pipe close!
2026-01-07 13:50:12 [7776] WARN  mqtt_parser.c:1339: Indr_Pt100_client_KfWqWqvbC1p8 offline!
2026-01-07 13:50:14 [7776] WARN  mqtt_parser.c:1335: Indr_Pt100_client_PvioHzX4Vutl online!
2026-01-07 13:51:57 [7776] WARN  nmq_websocket.c:160:  recv aio error Object closed
2026-01-07 13:51:57 [7776] WARN  nmq_mqtt.c:986: Indr_Pt100_client_PvioHzX4Vutl pipe close!
2026-01-07 13:51:57 [7776] WARN  mqtt_parser.c:1339: Indr_Pt100_client_PvioHzX4Vutl offline!
2026-01-07 13:52:28 [7776] WARN  mqtt_parser.c:1335: Indr_Pt100_client_fonuoVS29Jg8 online!
2026-01-07 13:54:45 [7776] WARN  nmq_mqtt.c:245: Warning: close pipe & kick client due to KeepAlive timeout!
2026-01-07 13:54:45 [7776] WARN  nmq_mqtt.c:986: PT100_LoggerA0DD6CADBBBC pipe close!
2026-01-07 13:54:45 [7776] WARN  broker_tcp.c:683: nni aio recv error!! Object closed

2026-01-07 13:54:45 [7776] WARN  mqtt_parser.c:1339: PT100_LoggerA0DD6CADBBBC offline!
2026-01-07 13:54:45 [7776] WARN  broker_tcp.c:974: tcptran_pipe_recv_cb: recv_error rv: 139

2026-01-07 13:54:47 [7776] WARN  nmq_mqtt.c:245: Warning: close pipe & kick client due to KeepAlive timeout!
2026-01-07 13:54:47 [7776] WARN  nmq_mqtt.c:986: PT100_Logger68FE7187D3B4 pipe close!
2026-01-07 13:54:47 [7776] WARN  broker_tcp.c:683: nni aio recv error!! Object closed

2026-01-07 13:54:47 [7776] WARN  mqtt_parser.c:1339: PT100_Logger68FE7187D3B4 offline!
2026-01-07 13:54:47 [7776] WARN  broker_tcp.c:974: tcptran_pipe_recv_cb: recv_error rv: 139

2026-01-07 13:54:49 [7776] WARN  nmq_mqtt.c:245: Warning: close pipe & kick client due to KeepAlive timeout!
2026-01-07 13:54:49 [7776] WARN  nmq_mqtt.c:986: PT100_Logger30AEA4985918 pipe close!
2026-01-07 13:54:49 [7776] WARN  mqtt_parser.c:1339: PT100_Logger30AEA4985918 offline!
2026-01-07 13:54:49 [7776] WARN  broker_tcp.c:683: nni aio recv error!! Object closed

2026-01-07 13:54:49 [7776] WARN  broker_tcp.c:974: tcptran_pipe_recv_cb: recv_error rv: 139

2026-01-07 13:54:49 [7776] WARN  nmq_mqtt.c:245: Warning: close pipe & kick client due to KeepAlive timeout!
2026-01-07 13:54:49 [7776] WARN  nmq_mqtt.c:986: PT100_Logger68FE71881F6C pipe close!
2026-01-07 13:54:49 [7776] WARN  broker_tcp.c:683: nni aio recv error!! Object closed

2026-01-07 13:54:49 [7776] WARN  mqtt_parser.c:1339: PT100_Logger68FE71881F6C offline!
2026-01-07 13:54:49 [7776] WARN  broker_tcp.c:974: tcptran_pipe_recv_cb: recv_error rv: 139

2026-01-07 13:54:49 [7776] WARN  nmq_mqtt.c:245: Warning: close pipe & kick client due to KeepAlive timeout!
2026-01-07 13:54:49 [7776] WARN  nmq_mqtt.c:986: PT100_LoggerB8D61A6A65C0 pipe close!
2026-01-07 13:54:49 [7776] WARN  broker_tcp.c:683: nni aio recv error!! Object closed

2026-01-07 13:54:49 [7776] WARN  mqtt_parser.c:1339: PT100_LoggerB8D61A6A65C0 offline!
2026-01-07 13:54:49 [7776] WARN  broker_tcp.c:974: tcptran_pipe_recv_cb: recv_error rv: 139

2026-01-07 13:54:51 [7776] WARN  nmq_mqtt.c:245: Warning: close pipe & kick client due to KeepAlive timeout!
2026-01-07 13:54:51 [7776] WARN  nmq_mqtt.c:986: PT100_Logger68FE711277AC pipe close!
2026-01-07 13:54:51 [7776] WARN  broker_tcp.c:683: nni aio recv error!! Object closed

2026-01-07 13:54:51 [7776] WARN  broker_tcp.c:974: tcptran_pipe_recv_cb: recv_error rv: 139

2026-01-07 13:54:51 [7776] WARN  mqtt_parser.c:1339: PT100_Logger68FE711277AC offline!
2026-01-07 13:56:27 [7776] WARN  mqtt_parser.c:1335: PT100_Logger68FE71881F6C online!
2026-01-07 13:56:28 [7776] WARN  mqtt_parser.c:1335: PT100_LoggerB8D61A6A65C0 online!
2026-01-07 13:56:28 [7776] WARN  mqtt_parser.c:1335: PT100_Logger30AEA4985918 online!
2026-01-07 13:56:28 [7776] WARN  mqtt_parser.c:1335: PT100_LoggerA0DD6CADBBBC online!
2026-01-07 13:56:28 [7776] WARN  mqtt_parser.c:1335: PT100_Logger68FE7187D3B4 online!
2026-01-07 13:56:29 [7776] WARN  mqtt_parser.c:1335: PT100_Logger68FE711277AC online!
2026-01-07 14:04:15 [7776] WARN  nmq_mqtt.c:245: Warning: close pipe & kick client due to KeepAlive timeout!
2026-01-07 14:04:15 [7776] WARN  nmq_mqtt.c:986: PT100_Logger68FE711277AC pipe close!
2026-01-07 14:04:15 [7776] WARN  broker_tcp.c:683: nni aio recv error!! Object closed

2026-01-07 14:04:15 [7776] WARN  mqtt_parser.c:1339: PT100_Logger68FE711277AC offline!
2026-01-07 14:04:15 [7776] WARN  broker_tcp.c:974: tcptran_pipe_recv_cb: recv_error rv: 139

2026-01-07 14:04:43 [7776] WARN  nmq_mqtt.c:245: Warning: close pipe & kick client due to KeepAlive timeout!
2026-01-07 14:04:43 [7776] WARN  broker_tcp.c:683: nni aio recv error!! Object closed

2026-01-07 14:04:43 [7776] WARN  nmq_mqtt.c:986: PT100_Logger68FE71881F6C pipe close!
2026-01-07 14:04:43 [7776] WARN  broker_tcp.c:974: tcptran_pipe_recv_cb: recv_error rv: 139

2026-01-07 14:04:43 [7776] WARN  mqtt_parser.c:1339: PT100_Logger68FE71881F6C offline!
2026-01-07 14:04:48 [7776] WARN  mqtt_parser.c:1335: PT100_Logger68FE71881F6C online!
2026-01-07 14:05:01 [7776] ERROR pipe.c:520: Client ID collision or set ID failed!
2026-01-07 14:05:01 [7776] WARN  nmq_mqtt.c:986: PT100_LoggerB8D61A6A65C0 pipe close!
2026-01-07 14:05:01 [7776] WARN  broker_tcp.c:683: nni aio recv error!! Object closed

2026-01-07 14:05:01 [7776] WARN  mqtt_parser.c:1339: PT100_LoggerB8D61A6A65C0 offline!
2026-01-07 14:05:01 [7776] WARN  broker_tcp.c:974: tcptran_pipe_recv_cb: recv_error rv: 139

2026-01-07 14:05:01 [7776] WARN  mqtt_parser.c:1335: PT100_LoggerB8D61A6A65C0 online!
2026-01-07 14:06:13 [7776] WARN  nmq_websocket.c:160:  recv aio error Object closed
2026-01-07 14:06:13 [7776] WARN  nmq_mqtt.c:986: Indr_Pt100_client_fonuoVS29Jg8 pipe close!
2026-01-07 14:06:13 [7776] WARN  mqtt_parser.c:1339: Indr_Pt100_client_fonuoVS29Jg8 offline!
2026-01-07 14:06:26 [7776] WARN  mqtt_parser.c:1335: Indr_Pt100_client_egPU029Yih8X online!
2026-01-07 14:07:42 [7776] WARN  mqtt_parser.c:1335: PT100_Logger68FE711277AC online!
2026-01-07 14:08:17 [7776] WARN  nmq_mqtt.c:245: Warning: close pipe & kick client due to KeepAlive timeout!
2026-01-07 14:08:17 [7776] WARN  nmq_mqtt.c:986: PT100_Logger68FE711277AC pipe close!
2026-01-07 14:08:17 [7776] WARN  broker_tcp.c:683: nni aio recv error!! Object closed

2026-01-07 14:08:17 [7776] WARN  mqtt_parser.c:1339: PT100_Logger68FE711277AC offline!
2026-01-07 14:08:17 [7776] WARN  broker_tcp.c:974: tcptran_pipe_recv_cb: recv_error rv: 139

2026-01-07 14:11:00 [7776] WARN  mqtt_parser.c:1335: PT100_Logger68FE711277AC online!
2026-01-07 14:23:57 [7776] WARN  nmq_mqtt.c:245: Warning: close pipe & kick client due to KeepAlive timeout!
2026-01-07 14:23:57 [7776] WARN  nmq_mqtt.c:986: PT100_Logger68FE711277AC pipe close!
2026-01-07 14:23:57 [7776] WARN  mqtt_parser.c:1339: PT100_Logger68FE711277AC offline!
2026-01-07 14:23:57 [7776] WARN  broker_tcp.c:683: nni aio recv error!! Object closed

2026-01-07 14:23:57 [7776] WARN  broker_tcp.c:974: tcptran_pipe_recv_cb: recv_error rv: 139

2026-01-07 14:24:59 [7776] WARN  mqtt_parser.c:1335: PT100_Logger68FE711277AC online!
2026-01-07 14:47:10 [7776] WARN  nmq_mqtt.c:245: Warning: close pipe & kick client due to KeepAlive timeout!
2026-01-07 14:47:10 [7776] WARN  nmq_mqtt.c:986: PT100_LoggerB8D61A6A65C0 pipe close!
2026-01-07 14:47:10 [7776] WARN  broker_tcp.c:683: nni aio recv error!! Object closed

2026-01-07 14:47:10 [7776] WARN  mqtt_parser.c:1339: PT100_LoggerB8D61A6A65C0 offline!
2026-01-07 14:47:10 [7776] WARN  broker_tcp.c:974: tcptran_pipe_recv_cb: recv_error rv: 139

2026-01-07 14:47:16 [7776] WARN  nmq_mqtt.c:245: Warning: close pipe & kick client due to KeepAlive timeout!
2026-01-07 14:47:16 [7776] WARN  nmq_mqtt.c:986: PT100_Logger68FE711277AC pipe close!
2026-01-07 14:47:16 [7776] WARN  mqtt_parser.c:1339: PT100_Logger68FE711277AC offline!
2026-01-07 14:47:16 [7776] WARN  broker_tcp.c:683: nni aio recv error!! Object closed

2026-01-07 14:47:16 [7776] WARN  broker_tcp.c:974: tcptran_pipe_recv_cb: recv_error rv: 139

2026-01-07 14:47:17 [7776] WARN  nmq_mqtt.c:245: Warning: close pipe & kick client due to KeepAlive timeout!
2026-01-07 14:47:17 [7776] WARN  nmq_mqtt.c:986: PT100_Logger68FE71881F6C pipe close!
2026-01-07 14:47:17 [7776] WARN  broker_tcp.c:683: nni aio recv error!! Object closed

2026-01-07 14:47:17 [7776] WARN  mqtt_parser.c:1339: PT100_Logger68FE71881F6C offline!
2026-01-07 14:47:17 [7776] WARN  broker_tcp.c:974: tcptran_pipe_recv_cb: recv_error rv: 139

2026-01-07 14:47:18 [7776] WARN  nmq_mqtt.c:245: Warning: close pipe & kick client due to KeepAlive timeout!
2026-01-07 14:47:18 [7776] WARN  nmq_mqtt.c:986: PT100_Logger30AEA4985918 pipe close!
2026-01-07 14:47:18 [7776] WARN  broker_tcp.c:683: nni aio recv error!! Object closed

2026-01-07 14:47:18 [7776] WARN  broker_tcp.c:974: tcptran_pipe_recv_cb: recv_error rv: 139

2026-01-07 14:47:18 [7776] WARN  mqtt_parser.c:1339: PT100_Logger30AEA4985918 offline!
2026-01-07 14:47:18 [7776] WARN  nmq_mqtt.c:245: Warning: close pipe & kick client due to KeepAlive timeout!
2026-01-07 14:47:18 [7776] WARN  nmq_mqtt.c:986: PT100_LoggerA0DD6CADBBBC pipe close!
2026-01-07 14:47:18 [7776] WARN  mqtt_parser.c:1339: PT100_LoggerA0DD6CADBBBC offline!
2026-01-07 14:47:18 [7776] WARN  broker_tcp.c:683: nni aio recv error!! Object closed

2026-01-07 14:47:18 [7776] WARN  broker_tcp.c:974: tcptran_pipe_recv_cb: recv_error rv: 139

2026-01-07 14:47:18 [7776] WARN  nmq_mqtt.c:245: Warning: close pipe & kick client due to KeepAlive timeout!
2026-01-07 14:47:18 [7776] WARN  nmq_mqtt.c:986: PT100_Logger68FE7187D3B4 pipe close!
2026-01-07 14:47:18 [7776] WARN  broker_tcp.c:683: nni aio recv error!! Object closed

2026-01-07 14:47:18 [7776] WARN  mqtt_parser.c:1339: PT100_Logger68FE7187D3B4 offline!
2026-01-07 14:47:18 [7776] WARN  broker_tcp.c:974: tcptran_pipe_recv_cb: recv_error rv: 139

2026-01-07 14:47:59 [7776] WARN  mqtt_parser.c:1335: PT100_Logger68FE7187D3B4 online!
2026-01-07 14:47:59 [7776] WARN  mqtt_parser.c:1335: PT100_Logger30AEA4985918 online!
2026-01-07 14:48:02 [7776] WARN  mqtt_parser.c:1335: PT100_Logger68FE711277AC online!
2026-01-07 14:48:06 [7776] WARN  mqtt_parser.c:1335: PT100_Logger68FE71881F6C online!
2026-01-07 14:48:07 [7776] WARN  mqtt_parser.c:1335: PT100_LoggerA0DD6CADBBBC online!
2026-01-07 14:48:07 [7776] WARN  mqtt_parser.c:1335: PT100_LoggerB8D61A6A65C0 online!
2026-01-07 14:49:57 [7776] WARN  nmq_mqtt.c:245: Warning: close pipe & kick client due to KeepAlive timeout!
2026-01-07 14:49:57 [7776] WARN  nmq_mqtt.c:986: PT100_Logger68FE711277AC pipe close!
2026-01-07 14:49:57 [7776] WARN  broker_tcp.c:683: nni aio recv error!! Object closed

2026-01-07 14:49:57 [7776] WARN  mqtt_parser.c:1339: PT100_Logger68FE711277AC offline!
2026-01-07 14:49:57 [7776] WARN  broker_tcp.c:974: tcptran_pipe_recv_cb: recv_error rv: 139

2026-01-07 15:09:21 [7776] ERROR pipe.c:520: Client ID collision or set ID failed!
2026-01-07 15:09:21 [7776] WARN  nmq_mqtt.c:986: PT100_Logger30AEA4985918 pipe close!
2026-01-07 15:09:21 [7776] WARN  broker_tcp.c:683: nni aio recv error!! Object closed

2026-01-07 15:09:21 [7776] WARN  mqtt_parser.c:1339: PT100_Logger30AEA4985918 offline!
2026-01-07 15:09:21 [7776] WARN  broker_tcp.c:974: tcptran_pipe_recv_cb: recv_error rv: 139

2026-01-07 15:09:21 [7776] WARN  mqtt_parser.c:1335: PT100_Logger30AEA4985918 online!
2026-01-07 15:09:34 [7776] ERROR pipe.c:520: Client ID collision or set ID failed!
2026-01-07 15:09:34 [7776] WARN  nmq_mqtt.c:986: PT100_Logger30AEA4985918 pipe close!
2026-01-07 15:09:34 [7776] WARN  broker_tcp.c:683: nni aio recv error!! Object closed

2026-01-07 15:09:34 [7776] WARN  mqtt_parser.c:1339: PT100_Logger30AEA4985918 offline!
2026-01-07 15:09:34 [7776] WARN  broker_tcp.c:974: tcptran_pipe_recv_cb: recv_error rv: 139

2026-01-07 15:09:34 [7776] WARN  mqtt_parser.c:1335: PT100_Logger30AEA4985918 online!
2026-01-07 15:22:40 [7776] WARN  nmq_mqtt.c:245: Warning: close pipe & kick client due to KeepAlive timeout!
2026-01-07 15:22:40 [7776] WARN  nmq_mqtt.c:986: PT100_Logger30AEA4985918 pipe close!
2026-01-07 15:22:40 [7776] WARN  mqtt_parser.c:1339: PT100_Logger30AEA4985918 offline!
2026-01-07 15:22:40 [7776] WARN  broker_tcp.c:683: nni aio recv error!! Object closed

2026-01-07 15:22:40 [7776] WARN  broker_tcp.c:974: tcptran_pipe_recv_cb: recv_error rv: 139

2026-01-07 17:06:38 [7776] WARN  mqtt_parser.c:1335: PT100_Logger30AEA4985918 online!
2026-01-07 17:06:55 [7776] ERROR pipe.c:520: Client ID collision or set ID failed!
2026-01-07 17:06:55 [7776] WARN  nmq_mqtt.c:986: PT100_Logger30AEA4985918 pipe close!
2026-01-07 17:06:55 [7776] WARN  broker_tcp.c:683: nni aio recv error!! Object closed

2026-01-07 17:06:55 [7776] WARN  mqtt_parser.c:1339: PT100_Logger30AEA4985918 offline!
2026-01-07 17:06:55 [7776] WARN  broker_tcp.c:974: tcptran_pipe_recv_cb: recv_error rv: 139

2026-01-07 17:06:55 [7776] WARN  mqtt_parser.c:1335: PT100_Logger30AEA4985918 online!
2026-01-07 17:06:57 [7776] WARN  nmq_mqtt.c:245: Warning: close pipe & kick client due to KeepAlive timeout!
2026-01-07 17:06:57 [7776] WARN  nmq_mqtt.c:986: PT100_Logger68FE7187D3B4 pipe close!
2026-01-07 17:06:57 [7776] WARN  broker_tcp.c:683: nni aio recv error!! Object closed

2026-01-07 17:06:57 [7776] WARN  mqtt_parser.c:1339: PT100_Logger68FE7187D3B4 offline!
2026-01-07 17:06:57 [7776] WARN  broker_tcp.c:974: tcptran_pipe_recv_cb: recv_error rv: 139

2026-01-07 17:08:00 [7776] WARN  nmq_mqtt.c:245: Warning: close pipe & kick client due to KeepAlive timeout!
2026-01-07 17:08:00 [7776] WARN  nmq_mqtt.c:986: PT100_Logger30AEA4985918 pipe close!
2026-01-07 17:08:00 [7776] WARN  mqtt_parser.c:1339: PT100_Logger30AEA4985918 offline!
2026-01-07 17:08:00 [7776] WARN  broker_tcp.c:683: nni aio recv error!! Object closed

2026-01-07 17:08:00 [7776] WARN  broker_tcp.c:974: tcptran_pipe_recv_cb: recv_error rv: 139

2026-01-07 17:16:23 [7776] WARN  mqtt_parser.c:1335: PT100_Logger30AEA4985918 online!
2026-01-07 17:26:52 [7776] ERROR pipe.c:520: Client ID collision or set ID failed!
2026-01-07 17:26:52 [7776] WARN  nmq_mqtt.c:986: PT100_Logger30AEA4985918 pipe close!
2026-01-07 17:26:52 [7776] WARN  broker_tcp.c:683: nni aio recv error!! Object closed

2026-01-07 17:26:52 [7776] WARN  broker_tcp.c:974: tcptran_pipe_recv_cb: recv_error rv: 139

2026-01-07 17:26:52 [7776] WARN  mqtt_parser.c:1339: PT100_Logger30AEA4985918 offline!
2026-01-07 17:26:52 [7776] WARN  mqtt_parser.c:1335: PT100_Logger30AEA4985918 online!
2026-01-07 17:26:58 [7776] ERROR pipe.c:520: Client ID collision or set ID failed!
2026-01-07 17:26:58 [7776] WARN  nmq_mqtt.c:986: PT100_Logger30AEA4985918 pipe close!
2026-01-07 17:26:58 [7776] WARN  broker_tcp.c:683: nni aio recv error!! Object closed

2026-01-07 17:26:58 [7776] WARN  mqtt_parser.c:1339: PT100_Logger30AEA4985918 offline!
2026-01-07 17:26:58 [7776] WARN  broker_tcp.c:974: tcptran_pipe_recv_cb: recv_error rv: 139

2026-01-07 17:26:58 [7776] WARN  mqtt_parser.c:1335: PT100_Logger30AEA4985918 online!
2026-01-07 17:27:03 [7776] WARN  nmq_websocket.c:160:  recv aio error Object closed
2026-01-07 17:27:03 [7776] WARN  nmq_mqtt.c:986: Indr_Pt100_client_egPU029Yih8X pipe close!
2026-01-07 17:27:03 [7776] WARN  mqtt_parser.c:1339: Indr_Pt100_client_egPU029Yih8X offline!
2026-01-07 17:27:16 [7776] WARN  nmq_mqtt.c:245: Warning: close pipe & kick client due to KeepAlive timeout!
2026-01-07 17:27:16 [7776] WARN  nmq_mqtt.c:986: PT100_Logger68FE71881F6C pipe close!
2026-01-07 17:27:16 [7776] WARN  broker_tcp.c:683: nni aio recv error!! Object closed

2026-01-07 17:27:16 [7776] WARN  mqtt_parser.c:1339: PT100_Logger68FE71881F6C offline!
2026-01-07 17:27:16 [7776] WARN  broker_tcp.c:974: tcptran_pipe_recv_cb: recv_error rv: 139

2026-01-07 17:27:17 [7776] WARN  nmq_mqtt.c:245: Warning: close pipe & kick client due to KeepAlive timeout!
2026-01-07 17:27:17 [7776] WARN  nmq_mqtt.c:986: PT100_LoggerA0DD6CADBBBC pipe close!
2026-01-07 17:27:17 [7776] WARN  broker_tcp.c:683: nni aio recv error!! Object closed

2026-01-07 17:27:17 [7776] WARN  mqtt_parser.c:1339: PT100_LoggerA0DD6CADBBBC offline!
2026-01-07 17:27:17 [7776] WARN  broker_tcp.c:974: tcptran_pipe_recv_cb: recv_error rv: 139

2026-01-07 17:27:18 [7776] WARN  nmq_mqtt.c:245: Warning: close pipe & kick client due to KeepAlive timeout!
2026-01-07 17:27:18 [7776] WARN  nmq_mqtt.c:986: PT100_LoggerB8D61A6A65C0 pipe close!
2026-01-07 17:27:18 [7776] WARN  broker_tcp.c:683: nni aio recv error!! Object closed

2026-01-07 17:27:18 [7776] WARN  mqtt_parser.c:1339: PT100_LoggerB8D61A6A65C0 offline!
2026-01-07 17:27:18 [7776] WARN  broker_tcp.c:974: tcptran_pipe_recv_cb: recv_error rv: 139

2026-01-07 17:27:22 [7776] ERROR pipe.c:520: Client ID collision or set ID failed!
2026-01-07 17:27:22 [7776] WARN  nmq_mqtt.c:986: PT100_Logger30AEA4985918 pipe close!
2026-01-07 17:27:22 [7776] WARN  mqtt_parser.c:1339: PT100_Logger30AEA4985918 offline!
2026-01-07 17:27:22 [7776] WARN  broker_tcp.c:683: nni aio recv error!! Object closed

2026-01-07 17:27:22 [7776] WARN  broker_tcp.c:974: tcptran_pipe_recv_cb: recv_error rv: 139

2026-01-07 17:27:22 [7776] WARN  mqtt_parser.c:1335: PT100_Logger30AEA4985918 online!
2026-01-07 17:28:07 [7776] WARN  nmq_mqtt.c:245: Warning: close pipe & kick client due to KeepAlive timeout!
2026-01-07 17:28:07 [7776] WARN  nmq_mqtt.c:986: PT100_Logger30AEA4985918 pipe close!
2026-01-07 17:28:07 [7776] WARN  broker_tcp.c:683: nni aio recv error!! Object closed

2026-01-07 17:28:07 [7776] WARN  mqtt_parser.c:1339: PT100_Logger30AEA4985918 offline!
2026-01-07 17:28:07 [7776] WARN  broker_tcp.c:974: tcptran_pipe_recv_cb: recv_error rv: 139

2026-01-07 17:37:51 [7776] WARN  broker_tcp.c:683: nni aio recv error!! Unknown error #212

2026-01-07 17:37:51 [7776] WARN  broker_tcp.c:974: tcptran_pipe_recv_cb: recv_error rv: 128

2026-01-07 17:37:51 [7776] WARN  nmq_mqtt.c:986: mqtt-explorer-8f78055a pipe close!
2026-01-07 17:37:51 [7776] WARN  mqtt_parser.c:1339: mqtt-explorer-8f78055a offline!
2026-01-07 17:37:51 [7776] WARN  nmq_mqtt.c:431: pipe id 2016390686 is gone, pub failed
2026-01-08 09:05:57 [7108] WARN  broker.c:2149: Default bridging Clientid is nanomq-9dfefc17
2026-01-08 09:05:57 [7108] WARN  broker.c:1262: EMQX Edge (ver 1.2.0) Serving MQTT TCP on nmq-tcp://0.0.0.0:1883
2026-01-08 09:05:57 [7108] WARN  broker.c:1290: EMQX Edge (ver 1.2.0) Serving MQTT over WebSocket on nmq-ws://0.0.0.0:8083/mqtt
2026-01-08 09:05:57 [7108] WARN  web_server.c:313: Http Server folder set to D:\Indruino_Projects\indruino\company_project\PT100_Logger_esp32\server_win\emqx-edge-1.2.0-windows-x86_64/dist
2026-01-08 09:05:57 [7108] WARN  broker.c:1376: EMQX Edge (ver 1.2.0) Serving HTTP Server on http://0.0.0.0:8081
2026-01-08 09:05:57 [7108] WARN  broker.c:1458: NanoMQ Broker is started successfully!

2026-01-08 22:19:52 [7488] WARN  broker.c:2149: Default bridging Clientid is nanomq-0208eb7c
2026-01-08 22:19:52 [7488] WARN  broker.c:1262: EMQX Edge (ver 1.2.0) Serving MQTT TCP on nmq-tcp://0.0.0.0:1883
2026-01-08 22:19:52 [7488] WARN  broker.c:1290: EMQX Edge (ver 1.2.0) Serving MQTT over WebSocket on nmq-ws://0.0.0.0:8083/mqtt
2026-01-08 22:19:52 [7488] WARN  web_server.c:313: Http Server folder set to D:\Indruino_Projects\indruino\company_project\PT100_Logger_esp32\server_win\emqx-edge-1.2.0-windows-x86_64/dist
2026-01-08 22:19:52 [7488] WARN  broker.c:1376: EMQX Edge (ver 1.2.0) Serving HTTP Server on http://0.0.0.0:8081
2026-01-08 22:19:52 [7488] WARN  broker.c:1458: NanoMQ Broker is started successfully!

2026-01-08 22:26:44 [7488] WARN  mqtt_parser.c:1335: Indr_Pt100_client_68DEjmkmBnXu online!
2026-01-08 22:30:52 [7488] WARN  nmq_websocket.c:160:  recv aio error Object closed
2026-01-08 22:30:52 [7488] WARN  nmq_mqtt.c:986: Indr_Pt100_client_68DEjmkmBnXu pipe close!
2026-01-08 22:30:52 [7488] WARN  mqtt_parser.c:1339: Indr_Pt100_client_68DEjmkmBnXu offline!
2026-01-08 22:30:52 [7488] WARN  mqtt_parser.c:1335: Indr_Pt100_client_tTVucM2OyY73 online!
2026-01-08 22:30:53 [7488] WARN  nmq_websocket.c:160:  recv aio error Object closed
2026-01-08 22:30:53 [7488] WARN  nmq_mqtt.c:986: Indr_Pt100_client_tTVucM2OyY73 pipe close!
2026-01-08 22:30:53 [7488] WARN  mqtt_parser.c:1339: Indr_Pt100_client_tTVucM2OyY73 offline!
2026-01-08 22:30:54 [7488] WARN  mqtt_parser.c:1335: Indr_Pt100_client_gXrAmN94up6w online!
2026-01-08 22:30:54 [7488] WARN  nmq_websocket.c:160:  recv aio error Object closed
2026-01-08 22:30:54 [7488] WARN  nmq_mqtt.c:986: Indr_Pt100_client_gXrAmN94up6w pipe close!
2026-01-08 22:30:54 [7488] WARN  mqtt_parser.c:1339: Indr_Pt100_client_gXrAmN94up6w offline!
2026-01-08 22:30:55 [7488] WARN  mqtt_parser.c:1335: Indr_Pt100_client_SXCamzGYtmTK online!
2026-01-08 22:30:55 [7488] WARN  nmq_websocket.c:160:  recv aio error Object closed
2026-01-08 22:30:55 [7488] WARN  nmq_mqtt.c:986: Indr_Pt100_client_SXCamzGYtmTK pipe close!
2026-01-08 22:30:55 [7488] WARN  mqtt_parser.c:1339: Indr_Pt100_client_SXCamzGYtmTK offline!
2026-01-08 22:30:55 [7488] WARN  mqtt_parser.c:1335: Indr_Pt100_client_f1yD8EyOLuBA online!
2026-01-08 22:30:56 [7488] WARN  nmq_websocket.c:160:  recv aio error Object closed
2026-01-08 22:30:56 [7488] WARN  nmq_mqtt.c:986: Indr_Pt100_client_f1yD8EyOLuBA pipe close!
2026-01-08 22:30:56 [7488] WARN  mqtt_parser.c:1339: Indr_Pt100_client_f1yD8EyOLuBA offline!
2026-01-08 22:31:19 [7488] WARN  mqtt_parser.c:1335: Indr_Pt100_client_Hkxji0GW46eg online!
2026-01-08 22:35:21 [7488] WARN  nmq_websocket.c:160:  recv aio error Object closed
2026-01-08 22:35:21 [7488] WARN  nmq_mqtt.c:986: Indr_Pt100_client_Hkxji0GW46eg pipe close!
2026-01-08 22:35:21 [7488] WARN  mqtt_parser.c:1339: Indr_Pt100_client_Hkxji0GW46eg offline!
2026-01-08 22:35:21 [7488] WARN  mqtt_parser.c:1335: Indr_Pt100_client_tpwLKggMTy6v online!
2026-01-08 22:35:28 [7488] WARN  nmq_websocket.c:160:  recv aio error Object closed
2026-01-08 22:35:28 [7488] WARN  nmq_mqtt.c:986: Indr_Pt100_client_tpwLKggMTy6v pipe close!
2026-01-08 22:35:28 [7488] WARN  mqtt_parser.c:1339: Indr_Pt100_client_tpwLKggMTy6v offline!
2026-01-08 22:35:28 [7488] WARN  mqtt_parser.c:1335: Indr_Pt100_client_iiVrXRkgz94x online!
2026-01-08 22:36:47 [7488] WARN  nmq_websocket.c:160:  recv aio error Object closed
2026-01-08 22:36:47 [7488] WARN  nmq_mqtt.c:986: Indr_Pt100_client_iiVrXRkgz94x pipe close!
2026-01-08 22:36:47 [7488] WARN  mqtt_parser.c:1339: Indr_Pt100_client_iiVrXRkgz94x offline!
2026-01-08 22:36:47 [7488] WARN  mqtt_parser.c:1335: Indr_Pt100_client_SiGjaO9Jmx3Y online!
2026-01-08 22:39:28 [7488] WARN  nmq_websocket.c:160:  recv aio error Object closed
2026-01-08 22:39:28 [7488] WARN  nmq_mqtt.c:986: Indr_Pt100_client_SiGjaO9Jmx3Y pipe close!
2026-01-08 22:39:28 [7488] WARN  mqtt_parser.c:1339: Indr_Pt100_client_SiGjaO9Jmx3Y offline!
2026-01-08 22:39:28 [7488] WARN  mqtt_parser.c:1335: Indr_Pt100_client_VseKzlklzhb0 online!
2026-01-08 22:39:50 [7488] WARN  mqtt_parser.c:1335: mqtt-explorer-8f78055a online!
2026-01-08 22:50:15 [7488] WARN  nmq_websocket.c:160:  recv aio error Object closed
2026-01-08 22:50:15 [7488] WARN  nmq_mqtt.c:986: Indr_Pt100_client_VseKzlklzhb0 pipe close!
2026-01-08 22:50:15 [7488] WARN  mqtt_parser.c:1339: Indr_Pt100_client_VseKzlklzhb0 offline!
2026-01-08 22:50:16 [7488] WARN  mqtt_parser.c:1335: Indr_Pt100_client_R1cmiYaZyFai online!
2026-01-08 22:51:52 [7488] WARN  nmq_websocket.c:160:  recv aio error Object closed
2026-01-08 22:51:52 [7488] WARN  nmq_mqtt.c:986: Indr_Pt100_client_R1cmiYaZyFai pipe close!
2026-01-08 22:51:52 [7488] WARN  mqtt_parser.c:1339: Indr_Pt100_client_R1cmiYaZyFai offline!
2026-01-08 22:51:53 [7488] WARN  mqtt_parser.c:1335: Indr_Pt100_client_EPdnwkRtynb2 online!
2026-01-08 22:55:03 [7488] WARN  nmq_websocket.c:160:  recv aio error Object closed
2026-01-08 22:55:03 [7488] WARN  nmq_mqtt.c:986: Indr_Pt100_client_EPdnwkRtynb2 pipe close!
2026-01-08 22:55:03 [7488] WARN  mqtt_parser.c:1339: Indr_Pt100_client_EPdnwkRtynb2 offline!
2026-01-08 22:55:04 [7488] WARN  mqtt_parser.c:1335: Indr_Pt100_client_R4QVt5AM5sWu online!
2026-01-08 22:56:33 [7488] WARN  nmq_websocket.c:160:  recv aio error Object closed
2026-01-08 22:56:33 [7488] WARN  nmq_mqtt.c:986: Indr_Pt100_client_R4QVt5AM5sWu pipe close!
2026-01-08 22:56:33 [7488] WARN  mqtt_parser.c:1339: Indr_Pt100_client_R4QVt5AM5sWu offline!
2026-01-08 22:56:34 [7488] WARN  mqtt_parser.c:1335: Indr_Pt100_client_L9wDOCwTh9xA online!
2026-01-08 23:05:24 [7488] WARN  nmq_websocket.c:160:  recv aio error Object closed
2026-01-08 23:05:24 [7488] WARN  nmq_mqtt.c:986: Indr_Pt100_client_L9wDOCwTh9xA pipe close!
2026-01-08 23:05:24 [7488] WARN  mqtt_parser.c:1339: Indr_Pt100_client_L9wDOCwTh9xA offline!
2026-01-08 23:05:24 [7488] WARN  mqtt_parser.c:1335: Indr_Pt100_client_v5o81wXu73ar online!
2026-01-08 23:21:40 [7488] WARN  broker_tcp.c:683: nni aio recv error!! Unknown error #212

2026-01-08 23:21:40 [7488] WARN  broker_tcp.c:974: tcptran_pipe_recv_cb: recv_error rv: 128

2026-01-08 23:21:40 [7488] WARN  nmq_mqtt.c:986: mqtt-explorer-8f78055a pipe close!
2026-01-08 23:21:40 [7488] WARN  mqtt_parser.c:1339: mqtt-explorer-8f78055a offline!
2026-01-08 23:21:40 [7488] WARN  nmq_mqtt.c:431: pipe id 2016390686 is gone, pub failed
2026-01-08 23:22:53 [7488] WARN  mqtt_parser.c:1335: mqtt-explorer-8f78055a online!
2026-01-08 23:23:05 [7488] WARN  mqtt_parser.c:1335: PT100_LoggerB8D61A6A65C0 online!
2026-01-08 23:25:51 [7488] WARN  nmq_mqtt.c:245: Warning: close pipe & kick client due to KeepAlive timeout!
2026-01-08 23:25:51 [7488] WARN  nmq_mqtt.c:986: Indr_Pt100_client_v5o81wXu73ar pipe close!
2026-01-08 23:25:51 [7488] WARN  nmq_websocket.c:160:  recv aio error Object closed
2026-01-08 23:25:51 [7488] WARN  mqtt_parser.c:1339: Indr_Pt100_client_v5o81wXu73ar offline!
2026-01-08 23:26:22 [7488] WARN  mqtt_parser.c:1335: Indr_Pt100_client_v5o81wXu73ar online!
2026-01-08 23:26:54 [7488] ERROR pipe.c:520: Client ID collision or set ID failed!
2026-01-08 23:26:54 [7488] WARN  broker_tcp.c:683: nni aio recv error!! Object closed

2026-01-08 23:26:54 [7488] WARN  nmq_mqtt.c:986: PT100_LoggerB8D61A6A65C0 pipe close!
2026-01-08 23:26:54 [7488] WARN  broker_tcp.c:974: tcptran_pipe_recv_cb: recv_error rv: 139

2026-01-08 23:26:54 [7488] WARN  mqtt_parser.c:1339: PT100_LoggerB8D61A6A65C0 offline!
2026-01-08 23:26:54 [7488] WARN  mqtt_parser.c:1335: PT100_LoggerB8D61A6A65C0 online!
2026-01-08 23:27:29 [7488] ERROR pipe.c:520: Client ID collision or set ID failed!
2026-01-08 23:27:29 [7488] WARN  nmq_mqtt.c:986: PT100_LoggerB8D61A6A65C0 pipe close!
2026-01-08 23:27:29 [7488] WARN  broker_tcp.c:683: nni aio recv error!! Object closed

2026-01-08 23:27:29 [7488] WARN  mqtt_parser.c:1339: PT100_LoggerB8D61A6A65C0 offline!
2026-01-08 23:27:29 [7488] WARN  broker_tcp.c:974: tcptran_pipe_recv_cb: recv_error rv: 139

2026-01-08 23:27:29 [7488] WARN  mqtt_parser.c:1335: PT100_LoggerB8D61A6A65C0 online!
2026-01-08 23:27:30 [7488] WARN  nmq_websocket.c:160:  recv aio error Object closed
2026-01-08 23:27:30 [7488] WARN  nmq_mqtt.c:986: Indr_Pt100_client_v5o81wXu73ar pipe close!
2026-01-08 23:27:30 [7488] WARN  mqtt_parser.c:1339: Indr_Pt100_client_v5o81wXu73ar offline!
2026-01-08 23:27:31 [7488] WARN  mqtt_parser.c:1335: Indr_Pt100_client_eVSspsibDKIG online!
2026-01-08 23:27:54 [7488] WARN  nmq_websocket.c:160:  recv aio error Object closed
2026-01-08 23:27:54 [7488] WARN  nmq_mqtt.c:986: Indr_Pt100_client_eVSspsibDKIG pipe close!
2026-01-08 23:27:54 [7488] WARN  mqtt_parser.c:1339: Indr_Pt100_client_eVSspsibDKIG offline!
2026-01-08 23:27:55 [7488] WARN  mqtt_parser.c:1335: Indr_Pt100_client_LM7qFOrFDZQy online!
2026-01-08 23:28:32 [7488] WARN  nmq_websocket.c:160:  recv aio error Object closed
2026-01-08 23:28:32 [7488] WARN  nmq_mqtt.c:986: Indr_Pt100_client_LM7qFOrFDZQy pipe close!
2026-01-08 23:28:32 [7488] WARN  mqtt_parser.c:1339: Indr_Pt100_client_LM7qFOrFDZQy offline!
2026-01-08 23:28:33 [7488] WARN  mqtt_parser.c:1335: Indr_Pt100_client_QQDOse18c03M online!
2026-01-08 23:31:30 [7488] ERROR pipe.c:520: Client ID collision or set ID failed!
2026-01-08 23:31:30 [7488] WARN  nmq_mqtt.c:986: PT100_LoggerB8D61A6A65C0 pipe close!
2026-01-08 23:31:30 [7488] WARN  mqtt_parser.c:1339: PT100_LoggerB8D61A6A65C0 offline!
2026-01-08 23:31:30 [7488] WARN  broker_tcp.c:683: nni aio recv error!! Object closed

2026-01-08 23:31:30 [7488] WARN  broker_tcp.c:974: tcptran_pipe_recv_cb: recv_error rv: 139

2026-01-08 23:31:30 [7488] WARN  mqtt_parser.c:1335: PT100_LoggerB8D61A6A65C0 online!
2026-01-08 23:33:25 [7488] WARN  nmq_mqtt.c:245: Warning: close pipe & kick client due to KeepAlive timeout!
2026-01-08 23:33:25 [7488] WARN  nmq_mqtt.c:986: PT100_LoggerB8D61A6A65C0 pipe close!
2026-01-08 23:33:25 [7488] WARN  broker_tcp.c:683: nni aio recv error!! Object closed

2026-01-08 23:33:25 [7488] WARN  mqtt_parser.c:1339: PT100_LoggerB8D61A6A65C0 offline!
2026-01-08 23:33:25 [7488] WARN  broker_tcp.c:974: tcptran_pipe_recv_cb: recv_error rv: 139

2026-01-08 23:33:31 [7488] WARN  mqtt_parser.c:1335: PT100_LoggerB8D61A6A65C0 online!
2026-01-08 23:33:44 [7488] ERROR pipe.c:520: Client ID collision or set ID failed!
2026-01-08 23:33:44 [7488] WARN  broker_tcp.c:683: nni aio recv error!! Object closed

2026-01-08 23:33:44 [7488] WARN  nmq_mqtt.c:986: PT100_LoggerB8D61A6A65C0 pipe close!
2026-01-08 23:33:44 [7488] WARN  broker_tcp.c:974: tcptran_pipe_recv_cb: recv_error rv: 139

2026-01-08 23:33:44 [7488] WARN  mqtt_parser.c:1339: PT100_LoggerB8D61A6A65C0 offline!
2026-01-08 23:33:44 [7488] WARN  mqtt_parser.c:1335: PT100_LoggerB8D61A6A65C0 online!
2026-01-08 23:44:12 [7488] ERROR pipe.c:520: Client ID collision or set ID failed!
2026-01-08 23:44:12 [7488] WARN  broker_tcp.c:683: nni aio recv error!! Object closed

2026-01-08 23:44:12 [7488] WARN  nmq_mqtt.c:986: PT100_LoggerB8D61A6A65C0 pipe close!
2026-01-08 23:44:12 [7488] WARN  broker_tcp.c:974: tcptran_pipe_recv_cb: recv_error rv: 139

2026-01-08 23:44:12 [7488] WARN  mqtt_parser.c:1339: PT100_LoggerB8D61A6A65C0 offline!
2026-01-08 23:44:12 [7488] WARN  mqtt_parser.c:1335: PT100_LoggerB8D61A6A65C0 online!
2026-01-08 23:51:55 [7488] ERROR pipe.c:520: Client ID collision or set ID failed!
2026-01-08 23:51:55 [7488] WARN  nmq_mqtt.c:986: PT100_LoggerB8D61A6A65C0 pipe close!
2026-01-08 23:51:55 [7488] WARN  broker_tcp.c:683: nni aio recv error!! Object closed

2026-01-08 23:51:55 [7488] WARN  mqtt_parser.c:1339: PT100_LoggerB8D61A6A65C0 offline!
2026-01-08 23:51:55 [7488] WARN  broker_tcp.c:974: tcptran_pipe_recv_cb: recv_error rv: 139

2026-01-08 23:51:55 [7488] WARN  mqtt_parser.c:1335: PT100_LoggerB8D61A6A65C0 online!
2026-01-09 00:02:39 [7488] ERROR pipe.c:520: Client ID collision or set ID failed!
2026-01-09 00:02:39 [7488] WARN  broker_tcp.c:683: nni aio recv error!! Object closed

2026-01-09 00:02:39 [7488] WARN  broker_tcp.c:974: tcptran_pipe_recv_cb: recv_error rv: 139

2026-01-09 00:02:39 [7488] WARN  nmq_mqtt.c:986: PT100_LoggerB8D61A6A65C0 pipe close!
2026-01-09 00:02:39 [7488] WARN  mqtt_parser.c:1339: PT100_LoggerB8D61A6A65C0 offline!
2026-01-09 00:02:39 [7488] WARN  mqtt_parser.c:1335: PT100_LoggerB8D61A6A65C0 online!
2026-01-09 00:04:45 [7488] ERROR pipe.c:520: Client ID collision or set ID failed!
2026-01-09 00:04:45 [7488] WARN  nmq_mqtt.c:986: PT100_LoggerB8D61A6A65C0 pipe close!
2026-01-09 00:04:45 [7488] WARN  broker_tcp.c:683: nni aio recv error!! Object closed

2026-01-09 00:04:45 [7488] WARN  broker_tcp.c:974: tcptran_pipe_recv_cb: recv_error rv: 139

2026-01-09 00:04:45 [7488] WARN  mqtt_parser.c:1339: PT100_LoggerB8D61A6A65C0 offline!
2026-01-09 00:04:45 [7488] WARN  mqtt_parser.c:1335: PT100_LoggerB8D61A6A65C0 online!
2026-01-09 00:06:21 [7488] WARN  nmq_mqtt.c:245: Warning: close pipe & kick client due to KeepAlive timeout!
2026-01-09 00:06:21 [7488] WARN  nmq_mqtt.c:986: Indr_Pt100_client_QQDOse18c03M pipe close!
2026-01-09 00:06:21 [7488] WARN  nmq_websocket.c:160:  recv aio error Object closed
2026-01-09 00:06:21 [7488] WARN  mqtt_parser.c:1339: Indr_Pt100_client_QQDOse18c03M offline!
2026-01-09 00:09:19 [7488] WARN  mqtt_parser.c:1335: Indr_Pt100_client_qN57fMVjDPcK online!
2026-01-09 00:10:04 [7488] ERROR pipe.c:520: Client ID collision or set ID failed!
2026-01-09 00:10:04 [7488] WARN  nmq_mqtt.c:986: PT100_LoggerB8D61A6A65C0 pipe close!
2026-01-09 00:10:04 [7488] WARN  broker_tcp.c:683: nni aio recv error!! Object closed

2026-01-09 00:10:04 [7488] WARN  mqtt_parser.c:1339: PT100_LoggerB8D61A6A65C0 offline!
2026-01-09 00:10:04 [7488] WARN  broker_tcp.c:974: tcptran_pipe_recv_cb: recv_error rv: 139

2026-01-09 00:10:04 [7488] WARN  mqtt_parser.c:1335: PT100_LoggerB8D61A6A65C0 online!
2026-01-09 00:10:21 [7488] WARN  nmq_websocket.c:160:  recv aio error Object closed
2026-01-09 00:10:21 [7488] WARN  nmq_mqtt.c:986: Indr_Pt100_client_qN57fMVjDPcK pipe close!
2026-01-09 00:10:21 [7488] WARN  mqtt_parser.c:1339: Indr_Pt100_client_qN57fMVjDPcK offline!
2026-01-09 00:10:24 [7488] WARN  mqtt_parser.c:1335: Indr_Pt100_client_PXtHfE1zams1 online!
2026-01-09 00:11:45 [7488] WARN  nmq_websocket.c:160:  recv aio error Object closed
2026-01-09 00:11:45 [7488] WARN  nmq_mqtt.c:986: Indr_Pt100_client_PXtHfE1zams1 pipe close!
2026-01-09 00:11:45 [7488] WARN  mqtt_parser.c:1339: Indr_Pt100_client_PXtHfE1zams1 offline!
2026-01-09 00:14:15 [7488] ERROR pipe.c:520: Client ID collision or set ID failed!
2026-01-09 00:14:15 [7488] WARN  broker_tcp.c:683: nni aio recv error!! Object closed

2026-01-09 00:14:15 [7488] WARN  broker_tcp.c:974: tcptran_pipe_recv_cb: recv_error rv: 139

2026-01-09 00:14:15 [7488] WARN  nmq_mqtt.c:986: PT100_LoggerB8D61A6A65C0 pipe close!
2026-01-09 00:14:15 [7488] WARN  mqtt_parser.c:1339: PT100_LoggerB8D61A6A65C0 offline!
2026-01-09 00:14:15 [7488] WARN  mqtt_parser.c:1335: PT100_LoggerB8D61A6A65C0 online!
2026-01-09 00:14:18 [7488] WARN  mqtt_parser.c:1335: Indr_Pt100_client_Q4Ud2MBlbKQ0 online!
2026-01-09 00:17:26 [7488] WARN  nmq_websocket.c:160:  recv aio error Object closed
2026-01-09 00:17:26 [7488] WARN  nmq_mqtt.c:986: Indr_Pt100_client_Q4Ud2MBlbKQ0 pipe close!
2026-01-09 00:17:26 [7488] WARN  mqtt_parser.c:1339: Indr_Pt100_client_Q4Ud2MBlbKQ0 offline!
2026-01-09 00:17:30 [7488] WARN  broker_tcp.c:683: nni aio recv error!! Unknown error #64

2026-01-09 00:17:30 [7488] WARN  broker_tcp.c:974: tcptran_pipe_recv_cb: recv_error rv: 128

2026-01-09 00:17:30 [7488] WARN  nmq_mqtt.c:986: mqtt-explorer-8f78055a pipe close!
2026-01-09 00:17:30 [7488] WARN  mqtt_parser.c:1339: mqtt-explorer-8f78055a offline!
2026-01-09 00:17:30 [7488] WARN  nmq_mqtt.c:431: pipe id 2016390686 is gone, pub failed
2026-01-09 08:34:24 [7488] WARN  broker_tcp.c:683: nni aio recv error!! Unknown error #212

2026-01-09 08:34:24 [7488] WARN  broker_tcp.c:974: tcptran_pipe_recv_cb: recv_error rv: 128

2026-01-09 08:34:24 [7488] WARN  nmq_mqtt.c:986: PT100_LoggerB8D61A6A65C0 pipe close!
2026-01-09 08:34:24 [7488] WARN  mqtt_parser.c:1339: PT100_LoggerB8D61A6A65C0 offline!
2026-01-11 13:54:27 [7284] WARN  broker.c:2149: Default bridging Clientid is nanomq-7e4929be
2026-01-11 13:54:27 [7284] WARN  broker.c:1262: EMQX Edge (ver 1.2.0) Serving MQTT TCP on nmq-tcp://0.0.0.0:1883
2026-01-11 13:54:27 [7284] WARN  broker.c:1290: EMQX Edge (ver 1.2.0) Serving MQTT over WebSocket on nmq-ws://0.0.0.0:8083/mqtt
2026-01-11 13:54:27 [7284] WARN  web_server.c:313: Http Server folder set to D:\Indruino_Projects\indruino\company_project\PT100_Logger_esp32\server_win\emqx-edge-1.2.0-windows-x86_64/dist
2026-01-11 13:54:27 [7284] WARN  broker.c:1376: EMQX Edge (ver 1.2.0) Serving HTTP Server on http://0.0.0.0:8081
2026-01-11 13:54:27 [7284] WARN  broker.c:1458: NanoMQ Broker is started successfully!

2026-01-11 22:11:48 [6936] WARN  broker.c:2149: Default bridging Clientid is nanomq-e99f7da7
2026-01-11 22:11:48 [6936] WARN  broker.c:1262: EMQX Edge (ver 1.2.0) Serving MQTT TCP on nmq-tcp://0.0.0.0:1883
2026-01-11 22:11:48 [6936] WARN  broker.c:1290: EMQX Edge (ver 1.2.0) Serving MQTT over WebSocket on nmq-ws://0.0.0.0:8083/mqtt
2026-01-11 22:11:48 [6936] WARN  web_server.c:313: Http Server folder set to D:\Indruino_Projects\indruino\company_project\PT100_Logger_esp32\server_win\emqx-edge-1.2.0-windows-x86_64/dist
2026-01-11 22:11:48 [6936] WARN  broker.c:1376: EMQX Edge (ver 1.2.0) Serving HTTP Server on http://0.0.0.0:8081
2026-01-11 22:11:48 [6936] WARN  broker.c:1458: NanoMQ Broker is started successfully!

2026-01-11 22:14:27 [6936] WARN  mqtt_parser.c:1335: Indr_Pt100_client_5ItxQdYsdAmu online!
2026-01-11 22:38:53 [6936] WARN  mqtt_parser.c:1335: PT100_LoggerB8D61A6A65C0 online!
2026-01-11 22:42:56 [6936] ERROR pipe.c:520: Client ID collision or set ID failed!
2026-01-11 22:42:56 [6936] WARN  nmq_mqtt.c:986: PT100_LoggerB8D61A6A65C0 pipe close!
2026-01-11 22:42:56 [6936] WARN  broker_tcp.c:683: nni aio recv error!! Object closed

2026-01-11 22:42:56 [6936] WARN  mqtt_parser.c:1339: PT100_LoggerB8D61A6A65C0 offline!
2026-01-11 22:42:56 [6936] WARN  broker_tcp.c:974: tcptran_pipe_recv_cb: recv_error rv: 139

2026-01-11 22:42:56 [6936] WARN  mqtt_parser.c:1335: PT100_LoggerB8D61A6A65C0 online!
2026-01-11 22:47:22 [6936] WARN  nmq_mqtt.c:245: Warning: close pipe & kick client due to KeepAlive timeout!
2026-01-11 22:47:22 [6936] WARN  nmq_mqtt.c:986: PT100_LoggerB8D61A6A65C0 pipe close!
2026-01-11 22:47:22 [6936] WARN  broker_tcp.c:683: nni aio recv error!! Object closed

2026-01-11 22:47:22 [6936] WARN  mqtt_parser.c:1339: PT100_LoggerB8D61A6A65C0 offline!
2026-01-11 22:47:22 [6936] WARN  broker_tcp.c:974: tcptran_pipe_recv_cb: recv_error rv: 139

2026-01-11 22:47:22 [6936] WARN  mqtt_parser.c:1335: PT100_LoggerB8D61A6A65C0 online!
2026-01-11 22:49:26 [6936] ERROR pipe.c:520: Client ID collision or set ID failed!
2026-01-11 22:49:26 [6936] WARN  nmq_mqtt.c:986: PT100_LoggerB8D61A6A65C0 pipe close!
2026-01-11 22:49:26 [6936] WARN  mqtt_parser.c:1339: PT100_LoggerB8D61A6A65C0 offline!
2026-01-11 22:49:26 [6936] WARN  broker_tcp.c:683: nni aio recv error!! Object closed

2026-01-11 22:49:26 [6936] WARN  broker_tcp.c:974: tcptran_pipe_recv_cb: recv_error rv: 139

2026-01-11 22:49:26 [6936] WARN  mqtt_parser.c:1335: PT100_LoggerB8D61A6A65C0 online!
2026-01-11 23:20:14 [6936] WARN  nmq_mqtt.c:245: Warning: close pipe & kick client due to KeepAlive timeout!
2026-01-11 23:20:14 [6936] WARN  nmq_mqtt.c:986: PT100_LoggerB8D61A6A65C0 pipe close!
2026-01-11 23:20:14 [6936] WARN  broker_tcp.c:683: nni aio recv error!! Object closed

2026-01-11 23:20:14 [6936] WARN  mqtt_parser.c:1339: PT100_LoggerB8D61A6A65C0 offline!
2026-01-11 23:20:14 [6936] WARN  broker_tcp.c:974: tcptran_pipe_recv_cb: recv_error rv: 139

2026-01-11 23:20:16 [6936] WARN  mqtt_parser.c:1335: PT100_LoggerB8D61A6A65C0 online!
2026-01-11 23:28:51 [6936] ERROR pipe.c:520: Client ID collision or set ID failed!
2026-01-11 23:28:51 [6936] WARN  nmq_mqtt.c:986: PT100_LoggerB8D61A6A65C0 pipe close!
2026-01-11 23:28:51 [6936] WARN  broker_tcp.c:683: nni aio recv error!! Object closed

2026-01-11 23:28:51 [6936] WARN  mqtt_parser.c:1339: PT100_LoggerB8D61A6A65C0 offline!
2026-01-11 23:28:51 [6936] WARN  broker_tcp.c:974: tcptran_pipe_recv_cb: recv_error rv: 139

2026-01-11 23:28:51 [6936] WARN  mqtt_parser.c:1335: PT100_LoggerB8D61A6A65C0 online!
2026-01-11 23:29:09 [6936] WARN  nmq_websocket.c:160:  recv aio error Object closed
2026-01-11 23:29:09 [6936] WARN  nmq_mqtt.c:986: Indr_Pt100_client_5ItxQdYsdAmu pipe close!
2026-01-11 23:29:09 [6936] WARN  mqtt_parser.c:1339: Indr_Pt100_client_5ItxQdYsdAmu offline!
2026-01-11 23:29:09 [6936] WARN  mqtt_parser.c:1335: Indr_Pt100_client_ROwiK8pzecuy online!
2026-01-11 23:29:49 [6936] WARN  nmq_websocket.c:160:  recv aio error Object closed
2026-01-11 23:29:49 [6936] WARN  nmq_mqtt.c:986: Indr_Pt100_client_ROwiK8pzecuy pipe close!
2026-01-11 23:29:49 [6936] WARN  mqtt_parser.c:1339: Indr_Pt100_client_ROwiK8pzecuy offline!
2026-01-11 23:29:49 [6936] WARN  mqtt_parser.c:1335: Indr_Pt100_client_J1JP9dZK0K1X online!
2026-01-11 23:33:16 [6936] WARN  nmq_websocket.c:160:  recv aio error Object closed
2026-01-11 23:33:16 [6936] WARN  nmq_mqtt.c:986: Indr_Pt100_client_J1JP9dZK0K1X pipe close!
2026-01-11 23:33:16 [6936] WARN  mqtt_parser.c:1339: Indr_Pt100_client_J1JP9dZK0K1X offline!
2026-01-11 23:33:17 [6936] WARN  mqtt_parser.c:1335: Indr_Pt100_client_S9DWdKzZhEyC online!
2026-01-11 23:40:07 [6936] ERROR pipe.c:520: Client ID collision or set ID failed!
2026-01-11 23:40:07 [6936] WARN  nmq_mqtt.c:986: PT100_LoggerB8D61A6A65C0 pipe close!
2026-01-11 23:40:07 [6936] WARN  broker_tcp.c:683: nni aio recv error!! Object closed

2026-01-11 23:40:07 [6936] WARN  mqtt_parser.c:1339: PT100_LoggerB8D61A6A65C0 offline!
2026-01-11 23:40:07 [6936] WARN  broker_tcp.c:974: tcptran_pipe_recv_cb: recv_error rv: 139

2026-01-11 23:40:07 [6936] WARN  mqtt_parser.c:1335: PT100_LoggerB8D61A6A65C0 online!
2026-01-11 23:41:25 [6936] ERROR pipe.c:520: Client ID collision or set ID failed!
2026-01-11 23:41:25 [6936] WARN  nmq_mqtt.c:986: PT100_LoggerB8D61A6A65C0 pipe close!
2026-01-11 23:41:25 [6936] WARN  broker_tcp.c:683: nni aio recv error!! Object closed

2026-01-11 23:41:25 [6936] WARN  broker_tcp.c:974: tcptran_pipe_recv_cb: recv_error rv: 139

2026-01-11 23:41:25 [6936] WARN  mqtt_parser.c:1339: PT100_LoggerB8D61A6A65C0 offline!
2026-01-11 23:41:25 [6936] WARN  mqtt_parser.c:1335: PT100_LoggerB8D61A6A65C0 online!
2026-01-11 23:49:40 [6936] ERROR pipe.c:520: Client ID collision or set ID failed!
2026-01-11 23:49:40 [6936] WARN  nmq_mqtt.c:986: PT100_LoggerB8D61A6A65C0 pipe close!
2026-01-11 23:49:40 [6936] WARN  broker_tcp.c:683: nni aio recv error!! Object closed

2026-01-11 23:49:40 [6936] WARN  mqtt_parser.c:1339: PT100_LoggerB8D61A6A65C0 offline!
2026-01-11 23:49:40 [6936] WARN  broker_tcp.c:974: tcptran_pipe_recv_cb: recv_error rv: 139

2026-01-11 23:49:40 [6936] WARN  mqtt_parser.c:1335: PT100_LoggerB8D61A6A65C0 online!
2026-01-11 23:51:51 [6936] ERROR pipe.c:520: Client ID collision or set ID failed!
2026-01-11 23:51:51 [6936] WARN  nmq_mqtt.c:986: PT100_LoggerB8D61A6A65C0 pipe close!
2026-01-11 23:51:51 [6936] WARN  mqtt_parser.c:1339: PT100_LoggerB8D61A6A65C0 offline!
2026-01-11 23:51:51 [6936] WARN  broker_tcp.c:683: nni aio recv error!! Object closed

2026-01-11 23:51:51 [6936] WARN  broker_tcp.c:974: tcptran_pipe_recv_cb: recv_error rv: 139

2026-01-11 23:51:51 [6936] WARN  mqtt_parser.c:1335: PT100_LoggerB8D61A6A65C0 online!
2026-01-11 23:55:11 [6936] WARN  nmq_websocket.c:160:  recv aio error Object closed
2026-01-11 23:55:11 [6936] WARN  nmq_mqtt.c:986: Indr_Pt100_client_S9DWdKzZhEyC pipe close!
2026-01-11 23:55:11 [6936] WARN  mqtt_parser.c:1339: Indr_Pt100_client_S9DWdKzZhEyC offline!
2026-01-11 23:55:11 [6936] WARN  mqtt_parser.c:1335: Indr_Pt100_client_QtyinZQlQXSP online!
2026-01-11 23:56:54 [6936] WARN  nmq_websocket.c:160:  recv aio error Object closed
2026-01-11 23:56:54 [6936] WARN  nmq_mqtt.c:986: Indr_Pt100_client_QtyinZQlQXSP pipe close!
2026-01-11 23:56:54 [6936] WARN  mqtt_parser.c:1339: Indr_Pt100_client_QtyinZQlQXSP offline!
2026-01-11 23:57:00 [6936] WARN  mqtt_parser.c:1335: Indr_Pt100_client_3UtGcjLKGnUf online!
2026-01-11 23:57:10 [6936] ERROR pipe.c:520: Client ID collision or set ID failed!
2026-01-11 23:57:10 [6936] WARN  nmq_mqtt.c:986: PT100_LoggerB8D61A6A65C0 pipe close!
2026-01-11 23:57:10 [6936] WARN  broker_tcp.c:683: nni aio recv error!! Object closed

2026-01-11 23:57:10 [6936] WARN  broker_tcp.c:974: tcptran_pipe_recv_cb: recv_error rv: 139

2026-01-11 23:57:10 [6936] WARN  mqtt_parser.c:1339: PT100_LoggerB8D61A6A65C0 offline!
2026-01-11 23:57:10 [6936] WARN  mqtt_parser.c:1335: PT100_LoggerB8D61A6A65C0 online!
2026-01-11 23:58:15 [6936] WARN  nmq_mqtt.c:245: Warning: close pipe & kick client due to KeepAlive timeout!
2026-01-11 23:58:15 [6936] WARN  nmq_mqtt.c:986: PT100_LoggerB8D61A6A65C0 pipe close!
2026-01-11 23:58:15 [6936] WARN  broker_tcp.c:683: nni aio recv error!! Object closed

2026-01-11 23:58:15 [6936] WARN  mqtt_parser.c:1339: PT100_LoggerB8D61A6A65C0 offline!
2026-01-11 23:58:15 [6936] WARN  broker_tcp.c:974: tcptran_pipe_recv_cb: recv_error rv: 139

2026-01-11 23:58:29 [6936] WARN  mqtt_parser.c:1335: PT100_LoggerB8D61A6A65C0 online!
2026-01-12 00:00:05 [6936] WARN  nmq_mqtt.c:245: Warning: close pipe & kick client due to KeepAlive timeout!
2026-01-12 00:00:05 [6936] WARN  nmq_mqtt.c:986: PT100_LoggerB8D61A6A65C0 pipe close!
2026-01-12 00:00:05 [6936] WARN  broker_tcp.c:683: nni aio recv error!! Object closed

2026-01-12 00:00:05 [6936] WARN  mqtt_parser.c:1339: PT100_LoggerB8D61A6A65C0 offline!
2026-01-12 00:00:05 [6936] WARN  broker_tcp.c:974: tcptran_pipe_recv_cb: recv_error rv: 139

2026-01-12 00:06:03 [6936] WARN  mqtt_parser.c:1335: PT100_LoggerB8D61A6A65C0 online!
2026-01-12 00:07:28 [6936] WARN  nmq_mqtt.c:245: Warning: close pipe & kick client due to KeepAlive timeout!
2026-01-12 00:07:28 [6936] WARN  nmq_mqtt.c:986: PT100_LoggerB8D61A6A65C0 pipe close!
2026-01-12 00:07:28 [6936] WARN  broker_tcp.c:683: nni aio recv error!! Object closed

2026-01-12 00:07:28 [6936] WARN  mqtt_parser.c:1339: PT100_LoggerB8D61A6A65C0 offline!
2026-01-12 00:07:28 [6936] WARN  broker_tcp.c:974: tcptran_pipe_recv_cb: recv_error rv: 139

2026-01-12 00:20:43 [6936] WARN  mqtt_parser.c:1335: PT100_LoggerB8D61A6A65C0 online!
2026-01-12 00:23:05 [6936] ERROR pipe.c:520: Client ID collision or set ID failed!
2026-01-12 00:23:05 [6936] WARN  nmq_mqtt.c:986: PT100_LoggerB8D61A6A65C0 pipe close!
2026-01-12 00:23:05 [6936] WARN  broker_tcp.c:683: nni aio recv error!! Object closed

2026-01-12 00:23:05 [6936] WARN  mqtt_parser.c:1339: PT100_LoggerB8D61A6A65C0 offline!
2026-01-12 00:23:05 [6936] WARN  broker_tcp.c:974: tcptran_pipe_recv_cb: recv_error rv: 139

2026-01-12 00:23:05 [6936] WARN  mqtt_parser.c:1335: PT100_LoggerB8D61A6A65C0 online!
2026-01-12 00:28:51 [6936] ERROR pipe.c:520: Client ID collision or set ID failed!
2026-01-12 00:28:51 [6936] WARN  nmq_mqtt.c:986: PT100_LoggerB8D61A6A65C0 pipe close!
2026-01-12 00:28:51 [6936] WARN  broker_tcp.c:683: nni aio recv error!! Object closed

2026-01-12 00:28:51 [6936] WARN  mqtt_parser.c:1339: PT100_LoggerB8D61A6A65C0 offline!
2026-01-12 00:28:51 [6936] WARN  broker_tcp.c:974: tcptran_pipe_recv_cb: recv_error rv: 139

2026-01-12 00:28:51 [6936] WARN  mqtt_parser.c:1335: PT100_LoggerB8D61A6A65C0 online!
2026-01-12 00:33:44 [6936] ERROR pipe.c:520: Client ID collision or set ID failed!
2026-01-12 00:33:44 [6936] WARN  broker_tcp.c:683: nni aio recv error!! Object closed

2026-01-12 00:33:44 [6936] WARN  broker_tcp.c:974: tcptran_pipe_recv_cb: recv_error rv: 139

2026-01-12 00:33:44 [6936] WARN  nmq_mqtt.c:986: PT100_LoggerB8D61A6A65C0 pipe close!
2026-01-12 00:33:44 [6936] WARN  mqtt_parser.c:1339: PT100_LoggerB8D61A6A65C0 offline!
2026-01-12 00:33:44 [6936] WARN  mqtt_parser.c:1335: PT100_LoggerB8D61A6A65C0 online!
2026-01-12 00:34:00 [6936] WARN  nmq_websocket.c:160:  recv aio error Object closed
2026-01-12 00:34:00 [6936] WARN  nmq_mqtt.c:986: Indr_Pt100_client_3UtGcjLKGnUf pipe close!
2026-01-12 00:34:00 [6936] WARN  mqtt_parser.c:1339: Indr_Pt100_client_3UtGcjLKGnUf offline!
2026-01-12 00:34:39 [7236] WARN  broker.c:2149: Default bridging Clientid is nanomq-fe3c0fa2
2026-01-12 00:34:39 [7236] WARN  broker.c:1262: EMQX Edge (ver 1.2.0) Serving MQTT TCP on nmq-tcp://0.0.0.0:1883
2026-01-12 00:34:39 [7236] WARN  broker.c:1290: EMQX Edge (ver 1.2.0) Serving MQTT over WebSocket on nmq-ws://0.0.0.0:8083/mqtt
2026-01-12 00:34:39 [7236] WARN  web_server.c:313: Http Server folder set to D:\Indruino_Projects\indruino\company_project\PT100_Logger_esp32\server_win\emqx-edge-1.2.0-windows-x86_64/dist
2026-01-12 00:34:39 [7236] WARN  broker.c:1376: EMQX Edge (ver 1.2.0) Serving HTTP Server on http://0.0.0.0:8081
2026-01-12 00:34:39 [7236] WARN  broker.c:1458: NanoMQ Broker is started successfully!

2026-01-12 00:46:33 [7236] WARN  mqtt_parser.c:1335: PT100_LoggerB8D61A6A65C0 online!
2026-01-12 00:47:32 [7236] ERROR pipe.c:520: Client ID collision or set ID failed!
2026-01-12 00:47:32 [7236] WARN  nmq_mqtt.c:986: PT100_LoggerB8D61A6A65C0 pipe close!
2026-01-12 00:47:32 [7236] WARN  broker_tcp.c:683: nni aio recv error!! Object closed

2026-01-12 00:47:32 [7236] WARN  broker_tcp.c:974: tcptran_pipe_recv_cb: recv_error rv: 139

2026-01-12 00:47:32 [7236] WARN  mqtt_parser.c:1339: PT100_LoggerB8D61A6A65C0 offline!
2026-01-12 00:47:32 [7236] WARN  mqtt_parser.c:1335: PT100_LoggerB8D61A6A65C0 online!
2026-01-12 00:50:23 [7236] ERROR pipe.c:520: Client ID collision or set ID failed!
2026-01-12 00:50:23 [7236] WARN  nmq_mqtt.c:986: PT100_LoggerB8D61A6A65C0 pipe close!
2026-01-12 00:50:23 [7236] WARN  broker_tcp.c:683: nni aio recv error!! Object closed

2026-01-12 00:50:23 [7236] WARN  mqtt_parser.c:1339: PT100_LoggerB8D61A6A65C0 offline!
2026-01-12 00:50:23 [7236] WARN  broker_tcp.c:974: tcptran_pipe_recv_cb: recv_error rv: 139

2026-01-12 00:50:23 [7236] WARN  mqtt_parser.c:1335: PT100_LoggerB8D61A6A65C0 online!
2026-01-12 00:58:17 [7236] ERROR pipe.c:520: Client ID collision or set ID failed!
2026-01-12 00:58:17 [7236] WARN  nmq_mqtt.c:986: PT100_LoggerB8D61A6A65C0 pipe close!
2026-01-12 00:58:17 [7236] WARN  broker_tcp.c:683: nni aio recv error!! Object closed

2026-01-12 00:58:17 [7236] WARN  mqtt_parser.c:1339: PT100_LoggerB8D61A6A65C0 offline!
2026-01-12 00:58:17 [7236] WARN  broker_tcp.c:974: tcptran_pipe_recv_cb: recv_error rv: 139

2026-01-12 00:58:17 [7236] WARN  mqtt_parser.c:1335: PT100_LoggerB8D61A6A65C0 online!
2026-01-12 01:07:53 [7236] WARN  nmq_mqtt.c:245: Warning: close pipe & kick client due to KeepAlive timeout!
2026-01-12 01:07:53 [7236] WARN  nmq_mqtt.c:986: PT100_LoggerB8D61A6A65C0 pipe close!
2026-01-12 01:07:53 [7236] WARN  broker_tcp.c:683: nni aio recv error!! Object closed

2026-01-12 01:07:53 [7236] WARN  mqtt_parser.c:1339: PT100_LoggerB8D61A6A65C0 offline!
2026-01-12 01:07:53 [7236] WARN  broker_tcp.c:974: tcptran_pipe_recv_cb: recv_error rv: 139

2026-01-12 01:11:40 [7236] WARN  mqtt_parser.c:1335: PT100_LoggerB8D61A6A65C0 online!
2026-01-12 01:13:43 [7236] ERROR pipe.c:520: Client ID collision or set ID failed!
2026-01-12 01:13:43 [7236] WARN  nmq_mqtt.c:986: PT100_LoggerB8D61A6A65C0 pipe close!
2026-01-12 01:13:43 [7236] WARN  mqtt_parser.c:1339: PT100_LoggerB8D61A6A65C0 offline!
2026-01-12 01:13:43 [7236] WARN  broker_tcp.c:683: nni aio recv error!! Object closed

2026-01-12 01:13:43 [7236] WARN  broker_tcp.c:974: tcptran_pipe_recv_cb: recv_error rv: 139

2026-01-12 01:13:43 [7236] WARN  mqtt_parser.c:1335: PT100_LoggerB8D61A6A65C0 online!
2026-01-12 01:16:51 [7236] ERROR pipe.c:520: Client ID collision or set ID failed!
2026-01-12 01:16:51 [7236] WARN  nmq_mqtt.c:986: PT100_LoggerB8D61A6A65C0 pipe close!
2026-01-12 01:16:51 [7236] WARN  broker_tcp.c:683: nni aio recv error!! Object closed

2026-01-12 01:16:51 [7236] WARN  mqtt_parser.c:1339: PT100_LoggerB8D61A6A65C0 offline!
2026-01-12 01:16:51 [7236] WARN  broker_tcp.c:974: tcptran_pipe_recv_cb: recv_error rv: 139

2026-01-12 01:16:51 [7236] WARN  mqtt_parser.c:1335: PT100_LoggerB8D61A6A65C0 online!
2026-01-12 01:17:05 [7236] WARN  mqtt_parser.c:1335: Indr_Pt100_client_uxm7mLsJ93Or online!
2026-01-12 01:19:51 [7236] ERROR pipe.c:520: Client ID collision or set ID failed!
2026-01-12 01:19:51 [7236] WARN  broker_tcp.c:683: nni aio recv error!! Object closed

2026-01-12 01:19:51 [7236] WARN  nmq_mqtt.c:986: PT100_LoggerB8D61A6A65C0 pipe close!
2026-01-12 01:19:51 [7236] WARN  mqtt_parser.c:1339: PT100_LoggerB8D61A6A65C0 offline!
2026-01-12 01:19:51 [7236] WARN  broker_tcp.c:974: tcptran_pipe_recv_cb: recv_error rv: 139

2026-01-12 01:19:51 [7236] WARN  mqtt_parser.c:1335: PT100_LoggerB8D61A6A65C0 online!
2026-01-12 01:21:25 [7236] ERROR pipe.c:520: Client ID collision or set ID failed!
2026-01-12 01:21:25 [7236] WARN  broker_tcp.c:683: nni aio recv error!! Object closed

2026-01-12 01:21:25 [7236] WARN  nmq_mqtt.c:986: PT100_LoggerB8D61A6A65C0 pipe close!
2026-01-12 01:21:25 [7236] WARN  broker_tcp.c:974: tcptran_pipe_recv_cb: recv_error rv: 139

2026-01-12 01:21:25 [7236] WARN  mqtt_parser.c:1339: PT100_LoggerB8D61A6A65C0 offline!
2026-01-12 01:21:25 [7236] WARN  mqtt_parser.c:1335: PT100_LoggerB8D61A6A65C0 online!
2026-01-12 01:22:10 [7236] WARN  nmq_mqtt.c:245: Warning: close pipe & kick client due to KeepAlive timeout!
2026-01-12 01:22:10 [7236] WARN  nmq_mqtt.c:986: PT100_LoggerB8D61A6A65C0 pipe close!
2026-01-12 01:22:10 [7236] WARN  broker_tcp.c:683: nni aio recv error!! Object closed

2026-01-12 01:22:10 [7236] WARN  mqtt_parser.c:1339: PT100_LoggerB8D61A6A65C0 offline!
2026-01-12 01:22:10 [7236] WARN  broker_tcp.c:974: tcptran_pipe_recv_cb: recv_error rv: 139

2026-01-12 01:22:22 [7236] WARN  mqtt_parser.c:1335: PT100_LoggerB8D61A6A65C0 online!
2026-01-12 01:25:02 [7236] ERROR pipe.c:520: Client ID collision or set ID failed!
2026-01-12 01:25:02 [7236] WARN  nmq_mqtt.c:986: PT100_LoggerB8D61A6A65C0 pipe close!
2026-01-12 01:25:02 [7236] WARN  broker_tcp.c:683: nni aio recv error!! Object closed

2026-01-12 01:25:02 [7236] WARN  mqtt_parser.c:1339: PT100_LoggerB8D61A6A65C0 offline!
2026-01-12 01:25:02 [7236] WARN  broker_tcp.c:974: tcptran_pipe_recv_cb: recv_error rv: 139

2026-01-12 01:25:02 [7236] WARN  mqtt_parser.c:1335: PT100_LoggerB8D61A6A65C0 online!
2026-01-12 01:25:37 [7236] WARN  nmq_mqtt.c:245: Warning: close pipe & kick client due to KeepAlive timeout!
2026-01-12 01:25:37 [7236] WARN  nmq_mqtt.c:986: PT100_LoggerB8D61A6A65C0 pipe close!
2026-01-12 01:25:37 [7236] WARN  broker_tcp.c:683: nni aio recv error!! Object closed

2026-01-12 01:25:37 [7236] WARN  mqtt_parser.c:1339: PT100_LoggerB8D61A6A65C0 offline!
2026-01-12 01:25:37 [7236] WARN  broker_tcp.c:974: tcptran_pipe_recv_cb: recv_error rv: 139

2026-01-12 01:26:23 [7236] WARN  mqtt_parser.c:1335: PT100_LoggerB8D61A6A65C0 online!
2026-01-12 01:27:08 [7236] WARN  nmq_websocket.c:160:  recv aio error Object closed
2026-01-12 01:27:08 [7236] WARN  nmq_mqtt.c:986: Indr_Pt100_client_uxm7mLsJ93Or pipe close!
2026-01-12 01:27:08 [7236] WARN  mqtt_parser.c:1339: Indr_Pt100_client_uxm7mLsJ93Or offline!
2026-01-12 10:46:46 [7384] WARN  broker.c:2149: Default bridging Clientid is nanomq-3578a0cc
2026-01-12 10:46:46 [7384] WARN  broker.c:1262: EMQX Edge (ver 1.2.0) Serving MQTT TCP on nmq-tcp://0.0.0.0:1883
2026-01-12 10:46:46 [7384] WARN  broker.c:1290: EMQX Edge (ver 1.2.0) Serving MQTT over WebSocket on nmq-ws://0.0.0.0:8083/mqtt
2026-01-12 10:46:46 [7384] WARN  web_server.c:313: Http Server folder set to D:\Indruino_Projects\indruino\company_project\PT100_Logger_esp32\server_win\emqx-edge-1.2.0-windows-x86_64/dist
2026-01-12 10:46:46 [7384] WARN  broker.c:1376: EMQX Edge (ver 1.2.0) Serving HTTP Server on http://0.0.0.0:8081
2026-01-12 10:46:46 [7384] WARN  broker.c:1458: NanoMQ Broker is started successfully!

2026-01-14 14:30:40 [7384] WARN  mqtt_parser.c:1335: mqtt-explorer-8f78055a online!
2026-01-14 14:30:43 [7384] WARN  nmq_mqtt.c:986: mqtt-explorer-8f78055a pipe close!
2026-01-14 14:30:43 [7384] WARN  mqtt_parser.c:1339: mqtt-explorer-8f78055a offline!
2026-01-14 14:30:43 [7384] WARN  nmq_mqtt.c:431: pipe id 2016390686 is gone, pub failed
2026-01-14 14:31:00 [7384] WARN  mqtt_parser.c:1335: mqtt-explorer-8f78055a online!
2026-01-14 14:31:43 [7384] WARN  nmq_mqtt.c:986: mqtt-explorer-8f78055a pipe close!
2026-01-14 14:31:43 [7384] WARN  mqtt_parser.c:1339: mqtt-explorer-8f78055a offline!
2026-01-14 14:31:43 [7384] WARN  nmq_mqtt.c:431: pipe id 2016390686 is gone, pub failed
2026-01-14 14:31:46 [7384] WARN  mqtt_parser.c:1335: mqtt-explorer-8f78055a online!
2026-01-14 14:33:35 [7384] WARN  mqtt_parser.c:1335: Indr_Pt100_client_NOnfMGTlfNPd online!
2026-01-14 14:33:47 [7384] WARN  nmq_mqtt.c:986: mqtt-explorer-8f78055a pipe close!
2026-01-14 14:33:47 [7384] WARN  mqtt_parser.c:1339: mqtt-explorer-8f78055a offline!
2026-01-14 14:33:47 [7384] WARN  nmq_mqtt.c:431: pipe id 2016390686 is gone, pub failed
2026-01-14 14:33:52 [7384] WARN  mqtt_parser.c:1335: mqtt-explorer-8f78055a online!
2026-01-14 14:35:40 [7384] WARN  nmq_websocket.c:160:  recv aio error Object closed
2026-01-14 14:35:40 [7384] WARN  nmq_mqtt.c:986: Indr_Pt100_client_NOnfMGTlfNPd pipe close!
2026-01-14 14:35:40 [7384] WARN  mqtt_parser.c:1339: Indr_Pt100_client_NOnfMGTlfNPd offline!
2026-01-14 14:35:48 [7384] WARN  mqtt_parser.c:1335: Indr_Pt100_client_mIbHRNMv0y2b online!
2026-01-14 14:39:39 [7384] WARN  nmq_websocket.c:160:  recv aio error Object closed
2026-01-14 14:39:39 [7384] WARN  nmq_mqtt.c:986: Indr_Pt100_client_mIbHRNMv0y2b pipe close!
2026-01-14 14:39:39 [7384] WARN  mqtt_parser.c:1339: Indr_Pt100_client_mIbHRNMv0y2b offline!
2026-01-14 14:46:01 [7384] WARN  nmq_mqtt.c:986: mqtt-explorer-8f78055a pipe close!
2026-01-14 14:46:01 [7384] WARN  mqtt_parser.c:1339: mqtt-explorer-8f78055a offline!
2026-01-14 14:46:01 [7384] WARN  nmq_mqtt.c:431: pipe id 2016390686 is gone, pub failed
2026-01-15 18:09:05 [7384] WARN  mqtt_parser.c:1335: Indr_Pt100_client_50qP7TA163JE online!
2026-01-15 18:10:36 [7384] WARN  mqtt_parser.c:1335: PT100_LoggerB8D61A6A65C0 online!
2026-01-15 18:11:41 [7384] WARN  nmq_mqtt.c:245: Warning: close pipe & kick client due to KeepAlive timeout!
2026-01-15 18:11:41 [7384] WARN  nmq_mqtt.c:986: PT100_LoggerB8D61A6A65C0 pipe close!
2026-01-15 18:11:41 [7384] WARN  broker_tcp.c:683: nni aio recv error!! Object closed

2026-01-15 18:11:41 [7384] WARN  mqtt_parser.c:1339: PT100_LoggerB8D61A6A65C0 offline!
2026-01-15 18:11:41 [7384] WARN  broker_tcp.c:974: tcptran_pipe_recv_cb: recv_error rv: 139

2026-01-15 18:12:58 [7384] WARN  mqtt_parser.c:1335: PT100_LoggerB8D61A6A65C0 online!
2026-01-15 18:14:58 [7384] ERROR pipe.c:520: Client ID collision or set ID failed!
2026-01-15 18:14:58 [7384] WARN  nmq_mqtt.c:986: PT100_LoggerB8D61A6A65C0 pipe close!
2026-01-15 18:14:58 [7384] WARN  broker_tcp.c:683: nni aio recv error!! Object closed

2026-01-15 18:14:58 [7384] WARN  mqtt_parser.c:1339: PT100_LoggerB8D61A6A65C0 offline!
2026-01-15 18:14:58 [7384] WARN  broker_tcp.c:974: tcptran_pipe_recv_cb: recv_error rv: 139

2026-01-15 18:14:58 [7384] WARN  mqtt_parser.c:1335: PT100_LoggerB8D61A6A65C0 online!
2026-01-15 20:23:23 [7384] WARN  nmq_websocket.c:160:  recv aio error Object closed
2026-01-15 20:23:23 [7384] WARN  nmq_mqtt.c:986: Indr_Pt100_client_50qP7TA163JE pipe close!
2026-01-15 20:23:23 [7384] WARN  mqtt_parser.c:1339: Indr_Pt100_client_50qP7TA163JE offline!
2026-01-15 22:56:26 [7384] WARN  broker_tcp.c:683: nni aio recv error!! Unknown error #212

2026-01-15 22:56:26 [7384] WARN  broker_tcp.c:974: tcptran_pipe_recv_cb: recv_error rv: 128

2026-01-15 22:56:26 [7384] WARN  nmq_mqtt.c:986: PT100_LoggerB8D61A6A65C0 pipe close!
2026-01-15 22:56:26 [7384] WARN  mqtt_parser.c:1339: PT100_LoggerB8D61A6A65C0 offline!
2026-01-15 23:23:16 [7384] WARN  mqtt_parser.c:1335: Indr_Pt100_client_oqfMjbfHbWio online!
2026-01-15 23:24:59 [7384] WARN  mqtt_parser.c:1335: PT100_LoggerB8D61A6A65C0 online!
2026-01-15 23:25:44 [7384] WARN  nmq_mqtt.c:245: Warning: close pipe & kick client due to KeepAlive timeout!
2026-01-15 23:25:44 [7384] WARN  broker_tcp.c:683: nni aio recv error!! Object closed

2026-01-15 23:25:44 [7384] WARN  nmq_mqtt.c:986: PT100_LoggerB8D61A6A65C0 pipe close!
2026-01-15 23:25:44 [7384] WARN  mqtt_parser.c:1339: PT100_LoggerB8D61A6A65C0 offline!
2026-01-15 23:25:44 [7384] WARN  broker_tcp.c:974: tcptran_pipe_recv_cb: recv_error rv: 139

2026-01-15 23:27:18 [7384] WARN  mqtt_parser.c:1335: PT100_LoggerB8D61A6A65C0 online!
2026-01-15 23:27:53 [7384] WARN  nmq_mqtt.c:245: Warning: close pipe & kick client due to KeepAlive timeout!
2026-01-15 23:27:53 [7384] WARN  nmq_mqtt.c:986: PT100_LoggerB8D61A6A65C0 pipe close!
2026-01-15 23:27:53 [7384] WARN  broker_tcp.c:683: nni aio recv error!! Object closed

2026-01-15 23:27:53 [7384] WARN  mqtt_parser.c:1339: PT100_LoggerB8D61A6A65C0 offline!
2026-01-15 23:27:53 [7384] WARN  broker_tcp.c:974: tcptran_pipe_recv_cb: recv_error rv: 139

2026-01-15 23:30:39 [7384] WARN  mqtt_parser.c:1335: PT100_LoggerB8D61A6A65C0 online!
2026-01-15 23:31:14 [7384] WARN  nmq_mqtt.c:245: Warning: close pipe & kick client due to KeepAlive timeout!
2026-01-15 23:31:14 [7384] WARN  broker_tcp.c:683: nni aio recv error!! Object closed

2026-01-15 23:31:14 [7384] WARN  nmq_mqtt.c:986: PT100_LoggerB8D61A6A65C0 pipe close!
2026-01-15 23:31:14 [7384] WARN  broker_tcp.c:974: tcptran_pipe_recv_cb: recv_error rv: 139

2026-01-15 23:31:14 [7384] WARN  mqtt_parser.c:1339: PT100_LoggerB8D61A6A65C0 offline!
2026-01-15 23:31:22 [7384] WARN  mqtt_parser.c:1335: PT100_LoggerB8D61A6A65C0 online!
2026-01-15 23:32:07 [7384] WARN  nmq_mqtt.c:245: Warning: close pipe & kick client due to KeepAlive timeout!
2026-01-15 23:32:07 [7384] WARN  nmq_mqtt.c:986: PT100_LoggerB8D61A6A65C0 pipe close!
2026-01-15 23:32:07 [7384] WARN  mqtt_parser.c:1339: PT100_LoggerB8D61A6A65C0 offline!
2026-01-15 23:32:07 [7384] WARN  broker_tcp.c:683: nni aio recv error!! Object closed

2026-01-15 23:32:07 [7384] WARN  broker_tcp.c:974: tcptran_pipe_recv_cb: recv_error rv: 139

2026-01-15 23:35:20 [7384] WARN  mqtt_parser.c:1335: PT100_LoggerB8D61A6A65C0 online!
2026-01-15 23:36:05 [7384] WARN  nmq_mqtt.c:245: Warning: close pipe & kick client due to KeepAlive timeout!
2026-01-15 23:36:05 [7384] WARN  nmq_mqtt.c:986: PT100_LoggerB8D61A6A65C0 pipe close!
2026-01-15 23:36:05 [7384] WARN  broker_tcp.c:683: nni aio recv error!! Object closed

2026-01-15 23:36:05 [7384] WARN  broker_tcp.c:974: tcptran_pipe_recv_cb: recv_error rv: 139

2026-01-15 23:36:05 [7384] WARN  mqtt_parser.c:1339: PT100_LoggerB8D61A6A65C0 offline!
2026-01-15 23:36:52 [7384] WARN  mqtt_parser.c:1335: PT100_LoggerB8D61A6A65C0 online!
2026-01-15 23:39:47 [7384] ERROR pipe.c:520: Client ID collision or set ID failed!
2026-01-15 23:39:47 [7384] WARN  nmq_mqtt.c:986: PT100_LoggerB8D61A6A65C0 pipe close!
2026-01-15 23:39:47 [7384] WARN  broker_tcp.c:683: nni aio recv error!! Object closed

2026-01-15 23:39:47 [7384] WARN  broker_tcp.c:974: tcptran_pipe_recv_cb: recv_error rv: 139

2026-01-15 23:39:47 [7384] WARN  mqtt_parser.c:1339: PT100_LoggerB8D61A6A65C0 offline!
2026-01-15 23:39:47 [7384] WARN  mqtt_parser.c:1335: PT100_LoggerB8D61A6A65C0 online!
2026-01-15 23:40:22 [7384] WARN  nmq_mqtt.c:245: Warning: close pipe & kick client due to KeepAlive timeout!
2026-01-15 23:40:22 [7384] WARN  nmq_mqtt.c:986: PT100_LoggerB8D61A6A65C0 pipe close!
2026-01-15 23:40:22 [7384] WARN  mqtt_parser.c:1339: PT100_LoggerB8D61A6A65C0 offline!
2026-01-15 23:40:22 [7384] WARN  broker_tcp.c:683: nni aio recv error!! Object closed

2026-01-15 23:40:22 [7384] WARN  broker_tcp.c:974: tcptran_pipe_recv_cb: recv_error rv: 139

2026-01-15 23:40:53 [7384] WARN  mqtt_parser.c:1335: PT100_LoggerB8D61A6A65C0 online!
2026-01-15 23:42:53 [7384] ERROR pipe.c:520: Client ID collision or set ID failed!
2026-01-15 23:42:53 [7384] WARN  nmq_mqtt.c:986: PT100_LoggerB8D61A6A65C0 pipe close!
2026-01-15 23:42:53 [7384] WARN  broker_tcp.c:683: nni aio recv error!! Object closed

2026-01-15 23:42:53 [7384] WARN  mqtt_parser.c:1339: PT100_LoggerB8D61A6A65C0 offline!
2026-01-15 23:42:53 [7384] WARN  broker_tcp.c:974: tcptran_pipe_recv_cb: recv_error rv: 139

2026-01-15 23:42:53 [7384] WARN  mqtt_parser.c:1335: PT100_LoggerB8D61A6A65C0 online!
2026-01-15 23:44:09 [7384] ERROR pipe.c:520: Client ID collision or set ID failed!
2026-01-15 23:44:09 [7384] WARN  broker_tcp.c:683: nni aio recv error!! Object closed

2026-01-15 23:44:09 [7384] WARN  nmq_mqtt.c:986: PT100_LoggerB8D61A6A65C0 pipe close!
2026-01-15 23:44:09 [7384] WARN  mqtt_parser.c:1339: PT100_LoggerB8D61A6A65C0 offline!
2026-01-15 23:44:09 [7384] WARN  broker_tcp.c:974: tcptran_pipe_recv_cb: recv_error rv: 139

2026-01-15 23:44:09 [7384] WARN  mqtt_parser.c:1335: PT100_LoggerB8D61A6A65C0 online!
2026-01-15 23:45:04 [7384] ERROR pipe.c:520: Client ID collision or set ID failed!
2026-01-15 23:45:04 [7384] WARN  nmq_mqtt.c:986: PT100_LoggerB8D61A6A65C0 pipe close!
2026-01-15 23:45:04 [7384] WARN  broker_tcp.c:683: nni aio recv error!! Object closed

2026-01-15 23:45:04 [7384] WARN  mqtt_parser.c:1339: PT100_LoggerB8D61A6A65C0 offline!
2026-01-15 23:45:04 [7384] WARN  broker_tcp.c:974: tcptran_pipe_recv_cb: recv_error rv: 139

2026-01-15 23:45:04 [7384] WARN  mqtt_parser.c:1335: PT100_LoggerB8D61A6A65C0 online!
2026-01-15 23:45:49 [7384] WARN  nmq_mqtt.c:245: Warning: close pipe & kick client due to KeepAlive timeout!
2026-01-15 23:45:49 [7384] WARN  nmq_mqtt.c:986: PT100_LoggerB8D61A6A65C0 pipe close!
2026-01-15 23:45:49 [7384] WARN  mqtt_parser.c:1339: PT100_LoggerB8D61A6A65C0 offline!
2026-01-15 23:45:49 [7384] WARN  broker_tcp.c:683: nni aio recv error!! Object closed

2026-01-15 23:45:49 [7384] WARN  broker_tcp.c:974: tcptran_pipe_recv_cb: recv_error rv: 139

2026-01-15 23:46:19 [7384] WARN  mqtt_parser.c:1335: PT100_LoggerB8D61A6A65C0 online!
2026-01-15 23:49:15 [7384] ERROR pipe.c:520: Client ID collision or set ID failed!
2026-01-15 23:49:15 [7384] WARN  nmq_mqtt.c:986: PT100_LoggerB8D61A6A65C0 pipe close!
2026-01-15 23:49:15 [7384] WARN  broker_tcp.c:683: nni aio recv error!! Object closed

2026-01-15 23:49:15 [7384] WARN  mqtt_parser.c:1339: PT100_LoggerB8D61A6A65C0 offline!
2026-01-15 23:49:15 [7384] WARN  broker_tcp.c:974: tcptran_pipe_recv_cb: recv_error rv: 139

2026-01-15 23:49:15 [7384] WARN  mqtt_parser.c:1335: PT100_LoggerB8D61A6A65C0 online!
2026-01-15 23:50:30 [7384] WARN  nmq_mqtt.c:245: Warning: close pipe & kick client due to KeepAlive timeout!
2026-01-15 23:50:30 [7384] WARN  nmq_mqtt.c:986: PT100_LoggerB8D61A6A65C0 pipe close!
2026-01-15 23:50:30 [7384] WARN  broker_tcp.c:683: nni aio recv error!! Object closed

2026-01-15 23:50:30 [7384] WARN  broker_tcp.c:974: tcptran_pipe_recv_cb: recv_error rv: 139

2026-01-15 23:50:30 [7384] WARN  mqtt_parser.c:1339: PT100_LoggerB8D61A6A65C0 offline!
2026-01-15 23:50:58 [7384] WARN  mqtt_parser.c:1335: PT100_LoggerB8D61A6A65C0 online!
2026-01-15 23:53:04 [7384] ERROR pipe.c:520: Client ID collision or set ID failed!
2026-01-15 23:53:04 [7384] WARN  nmq_mqtt.c:986: PT100_LoggerB8D61A6A65C0 pipe close!
2026-01-15 23:53:04 [7384] WARN  broker_tcp.c:683: nni aio recv error!! Object closed

2026-01-15 23:53:04 [7384] WARN  mqtt_parser.c:1339: PT100_LoggerB8D61A6A65C0 offline!
2026-01-15 23:53:04 [7384] WARN  broker_tcp.c:974: tcptran_pipe_recv_cb: recv_error rv: 139

2026-01-15 23:53:04 [7384] WARN  mqtt_parser.c:1335: PT100_LoggerB8D61A6A65C0 online!
2026-01-15 23:55:51 [7384] ERROR pipe.c:520: Client ID collision or set ID failed!
2026-01-15 23:55:51 [7384] WARN  nmq_mqtt.c:986: PT100_LoggerB8D61A6A65C0 pipe close!
2026-01-15 23:55:51 [7384] WARN  broker_tcp.c:683: nni aio recv error!! Object closed

2026-01-15 23:55:51 [7384] WARN  mqtt_parser.c:1339: PT100_LoggerB8D61A6A65C0 offline!
2026-01-15 23:55:51 [7384] WARN  broker_tcp.c:974: tcptran_pipe_recv_cb: recv_error rv: 139

2026-01-15 23:55:51 [7384] WARN  mqtt_parser.c:1335: PT100_LoggerB8D61A6A65C0 online!
2026-01-15 23:56:36 [7384] WARN  nmq_mqtt.c:245: Warning: close pipe & kick client due to KeepAlive timeout!
2026-01-15 23:56:36 [7384] WARN  broker_tcp.c:683: nni aio recv error!! Object closed

2026-01-15 23:56:36 [7384] WARN  nmq_mqtt.c:986: PT100_LoggerB8D61A6A65C0 pipe close!
2026-01-15 23:56:36 [7384] WARN  broker_tcp.c:974: tcptran_pipe_recv_cb: recv_error rv: 139

2026-01-15 23:56:36 [7384] WARN  mqtt_parser.c:1339: PT100_LoggerB8D61A6A65C0 offline!
2026-01-15 23:56:45 [7384] WARN  mqtt_parser.c:1335: PT100_LoggerB8D61A6A65C0 online!
